patient_id,idade,sexo,municipio,estado,peso_kg,altura_cm,imc,pa_sistolica,pa_diastolica,frequencia_cardiaca,temperatura_c,hf_diabetes,hf_hipertensao,hf_doenca_cardiovascular,historico_familiar,tabagismo,consumo_alcool,atividade_fisica,qualidade_dieta,horas_sono,cond_hipertensao,cond_diabetes_tipo_2,cond_dislipidemia,cond_obesidade,cond_asma,cond_doenca_renal_cronica,cond_infeccao_respiratoria_aguda,n_condicoes,condicao_clinica,medicamentos,n_medicamentos,aderencia_tratamento,glicemia_jejum,hba1c,colesterol_total,ldl,hdl,triglicerides,creatinina,hemoglobina,data_atendimento,escore_risco,classificacao_risco,diagnostico_sintetico,resultado_desfecho,desfecho_adverso,split,data_type,research_only
SYN-BDD640FB06674AD1,53,M,Barra de Mirvério,MT,63.4,172.3,21.36,109,51,81,37.8,True,False,False,Diabetes,NUNCA_FUMOU,MODERADO,SEDENTARIO,REGULAR,7.8,False,False,False,False,False,False,True,1,INFECCAO_RESPIRATORIA_AGUDA,Paracetamol,1,MEDIA,102.8,5.1,197.3,138.2,38.3,104.1,1.0,14.9,2024-08-27,11.0,MODERADO,Infecção respiratória aguda (simulado),SEM_INTERCORRENCIA,False,train,SYNTHETIC,True
SYN-23B8C1E9392446DE,30,M,Serra de Norvimar,ES,64.5,171.1,22.03,119,60,75,36.3,True,False,False,Diabetes,EX_FUMANTE,NENHUM,ATIVA,RUIM,8.5,True,False,True,False,False,False,False,2,HIPERTENSAO,Enalapril; Losartana; Sinvastatina,3,MEDIA,88.7,5.0,216.4,151.1,53.8,57.4,0.85,15.0,2023-04-17,6.2,BAIXO,Hipertensão arterial sistêmica controlada (simulado),SEM_INTERCORRENCIA,False,validation,SYNTHETIC,True
SYN-BD9C66B3AD3C4D6D,61,M,Vila Urvalelha,SP,67.7,183.1,20.19,113,74,74,36.5,True,False,False,Diabetes,EX_FUMANTE,MODERADO,MODERADA,BOA,6.3,False,False,False,False,False,False,False,0,SEM_CONDICAO_CRONICA,,0,NAO_SE_APLICA,86.2,4.3,185.6,137.8,35.5,61.5,1.14,13.5,2023-11-04,30.2,ALTO,Sem condição crônica identificada (simulado),SEM_INTERCORRENCIA,False,validation,SYNTHETIC,True
SYN-972A846916414F82,64,M,Nova Quirelanda,SE,89.4,171.9,30.25,135,90,82,36.6,False,False,False,Sem histórico relevante,FUMANTE_ATUAL,NENHUM,SEDENTARIO,REGULAR,8.4,True,False,False,True,False,False,False,2,HIPERTENSAO,Losartana,1,ALTA,96.3,5.2,163.3,104.2,43.0,80.6,0.99,14.8,2024-03-27,54.2,MUITO_ALTO,Hipertensão arterial sistêmica controlada (simulado),SEM_INTERCORRENCIA,False,train,SYNTHETIC,True
SYN-17FC695A07A04A6E,47,M,Serra de Pelvorém,TO,66.5,174.8,21.76,113,71,76,37.2,False,False,False,Sem histórico relevante,NUNCA_FUMOU,NENHUM,SEDENTARIO,RUIM,7.8,False,False,False,False,False,False,False,0,SEM_CONDICAO_CRONICA,,0,NAO_SE_APLICA,85.2,4.8,150.2,98.8,35.6,79.1,0.9,15.9,2024-03-12,6.6,BAIXO,Sem condição crônica identificada (simulado),SEM_INTERCORRENCIA,False,validation,SYNTHETIC,True
SYN-9A1DE644815E46D1,26,M,Lago de Pelvimar,PR,51.7,166.7,18.6,100,59,61,36.9,True,False,False,Diabetes,NUNCA_FUMOU,ELEVADO,ATIVA,REGULAR,6.8,False,False,False,False,False,False,False,0,SEM_CONDICAO_CRONICA,,0,NAO_SE_APLICA,81.6,4.5,196.1,117.6,58.6,99.4,0.94,15.6,2024-11-30,1.7,BAIXO,Sem condição crônica identificada (simulado),SEM_INTERCORRENCIA,False,test,SYNTHETIC,True
SYN-B74D0FB132E74629,50,F,Barra de Cendrunda,MG,61.6,151.5,26.84,113,77,76,36.6,False,False,False,Sem histórico relevante,NUNCA_FUMOU,MODERADO,MODERADA,REGULAR,6.7,False,False,False,False,False,False,False,0,SEM_CONDICAO_CRONICA,,0,NAO_SE_APLICA,84.5,4.6,192.0,114.6,44.1,166.6,0.75,12.8,2024-04-28,9.1,BAIXO,Sem condição crônica identificada (simulado),SEM_INTERCORRENCIA,False,train,SYNTHETIC,True
SYN-6B65A6A48B8148F6,43,F,Nova Falvosa,RS,60.5,167.0,21.69,92,62,77,36.6,False,True,False,Hipertensão,NUNCA_FUMOU,MODERADO,MODERADA,REGULAR,7.2,False,False,False,False,False,False,False,0,SEM_CONDICAO_CRONICA,,0,NAO_SE_APLICA,83.2,4.6,199.0,132.3,50.9,79.0,0.92,13.1,2023-01-19,3.1,BAIXO,Sem condição crônica identificada (simulado),SEM_INTERCORRENCIA,False,train,SYNTHETIC,True
SYN-4737819096DA4DAC,48,F,Serra de Pelvorém,TO,55.8,157.7,22.44,121,79,69,36.8,False,False,False,Sem histórico relevante,NUNCA_FUMOU,NENHUM,SEDENTARIO,REGULAR,8.0,False,False,True,False,False,False,False,1,DISLIPIDEMIA,Atorvastatina,1,BAIXA,79.2,4.1,195.5,125.7,45.2,123.0,0.84,11.7,2024-12-28,12.3,MODERADO,Dislipidemia com LDL na meta (simulado),SEM_INTERCORRENCIA,False,test,SYNTHETIC,True
SYN-C241330B01A9471F,33,M,Campo de Ibirorém,RN,84.4,176.4,27.12,117,60,58,36.2,False,True,False,Hipertensão,FUMANTE_ATUAL,MODERADO,ATIVA,RUIM,7.4,False,False,False,False,False,False,False,0,SEM_CONDICAO_CRONICA,,0,NAO_SE_APLICA,79.4,4.0,191.1,119.3,49.3,112.4,0.83,14.1,2023-06-15,10.5,MODERADO,Sem condição crônica identificada (simulado),SEM_INTERCORRENCIA,False,train,SYNTHETIC,True
SYN-6C307511B2B9437A,63,F,Barra de Tavrério,AL,69.3,155.9,28.51,111,70,73,36.0,False,False,False,Sem histórico relevante,NUNCA_FUMOU,NENHUM,MODERADA,BOA,6.3,True,False,True,False,False,False,False,2,HIPERTENSAO,Enalapril; Losartana; Atorvastatina,3,MEDIA,99.6,5.3,214.9,120.3,68.4,130.8,0.7,12.9,2024-03-10,13.1,MODERADO,Hipertensão arterial sistêmica controlada (simulado),OBITO,True,train,SYNTHETIC,True
SYN-371ECD7B27CD4130,61,F,Barra de Falvanda,AM,78.0,165.9,28.34,130,88,79,36.8,True,True,False,Diabetes; Hipertensão,NUNCA_FUMOU,MODERADO,MODERADA,REGULAR,6.8,False,False,False,False,False,False,False,0,SEM_CONDICAO_CRONICA,,0,NAO_SE_APLICA,96.9,4.9,229.2,137.5,63.6,140.7,0.77,13.8,2024-10-01,33.1,ALTO,Sem condição crônica identificada (simulado),SEM_INTERCORRENCIA,False,test,SYNTHETIC,True
SYN-1A2A73ED562B4F79,49,M,Vila Solvério,MS,95.2,178.4,29.91,126,79,81,36.6,False,True,False,Hipertensão,NUNCA_FUMOU,ELEVADO,MODERADA,RUIM,9.2,True,False,False,False,False,False,False,1,HIPERTENSAO,Hidroclorotiazida,1,ALTA,83.8,4.7,218.4,145.9,42.7,149.1,1.27,14.1,2024-03-19,28.9,ALTO,Hipertensão arterial sistêmica controlada (simulado),INTERNACAO,True,train,SYNTHETIC,True
SYN-5BE6128E18C24797,67,F,Barra de Xervinel,BA,65.2,169.7,22.64,116,75,78,36.2,False,False,False,Sem histórico relevante,NUNCA_FUMOU,NENHUM,ATIVA,BOA,7.3,True,False,False,False,False,False,False,1,HIPERTENSAO,Losartana; Hidroclorotiazida,2,ALTA,97.4,5.6,175.1,110.5,56.7,39.5,0.83,12.2,2023-02-21,17.9,MODERADO,Hipertensão arterial sistêmica controlada (simulado),SEM_INTERCORRENCIA,False,validation,SYNTHETIC,True
SYN-43B7A3A69A8D4A03,56,F,Vila Urvalelha,SP,61.7,154.4,25.88,115,70,82,36.0,True,False,False,Diabetes,FUMANTE_ATUAL,NENHUM,SEDENTARIO,REGULAR,8.0,False,True,False,False,False,True,False,2,DOENCA_RENAL_CRONICA,Glibenclamida,1,MEDIA,130.8,6.0,205.5,109.2,60.0,181.4,1.55,13.0,2023-09-14,47.9,MUITO_ALTO,Doença renal crônica (simulado),INTERNACAO,True,train,SYNTHETIC,True
SYN-759CDE66BACF43D0,33,M,Vila Urvalelha,SP,59.1,168.1,20.91,100,62,70,36.9,False,False,False,Sem histórico relevante,NUNCA_FUMOU,NENHUM,MODERADA,REGULAR,7.6,False,False,False,False,False,False,False,0,SEM_CONDICAO_CRONICA,,0,NAO_SE_APLICA,86.1,4.4,161.3,104.5,36.5,101.7,0.77,14.4,2023-01-08,3.1,BAIXO,Sem condição crônica identificada (simulado),SEM_INTERCORRENCIA,False,train,SYNTHETIC,True
SYN-EC1B8CA1F91E4D4C,54,M,Barra de Falvelha,GO,94.0,185.7,27.26,109,75,76,36.4,False,False,False,Sem histórico relevante,NUNCA_FUMOU,NENHUM,SEDENTARIO,REGULAR,7.3,False,True,True,False,False,False,False,2,DIABETES_TIPO_2,Glibenclamida; Atorvastatina,2,ALTA,138.2,6.3,122.4,32.2,43.2,234.8,0.88,14.0,2023-11-05,28.3,ALTO,Diabetes mellitus tipo 2 compensado (simulado),SEM_INTERCORRENCIA,False,train,SYNTHETIC,True
SYN-4B0DBB418D5248F1,32,F,Lago de Norvimar,SE,56.6,162.9,21.33,99,57,61,36.7,False,False,False,Sem histórico relevante,NUNCA_FUMOU,NENHUM,MODERADA,REGULAR,7.1,False,False,False,False,False,False,False,0,SEM_CONDICAO_CRONICA,,0,NAO_SE_APLICA,92.2,4.9,230.1,149.8,50.5,148.9,0.7,14.0,2024-10-03,4.6,BAIXO,Sem condição crônica identificada (simulado),SEM_INTERCORRENCIA,False,train,SYNTHETIC,True
SYN-E2ACF72F9E574F7A,63,F,Alto de Cendrosa,SC,51.5,151.1,22.56,135,74,61,36.5,False,True,False,Hipertensão,NUNCA_FUMOU,NENHUM,ATIVA,REGULAR,8.0,False,False,False,False,False,False,False,0,SEM_CONDICAO_CRONICA,,0,NAO_SE_APLICA,106.2,5.5,183.7,113.3,59.5,54.7,1.05,13.7,2023-07-08,24.6,ALTO,Sem condição crônica identificada (simulado),SEM_INTERCORRENCIA,False,train,SYNTHETIC,True
SYN-3139D32C93CD49BF,47,F,Barra de Mirvalena,AM,63.7,153.9,26.89,119,69,67,36.6,False,True,False,Hipertensão,NUNCA_FUMOU,NENHUM,ATIVA,RUIM,7.8,False,False,False,False,False,False,False,0,SEM_CONDICAO_CRONICA,,0,NAO_SE_APLICA,90.6,4.8,222.9,139.6,68.3,75.0,0.62,13.0,2024-07-15,9.7,BAIXO,Sem condição crônica identificada (simulado),SEM_INTERCORRENCIA,False,train,SYNTHETIC,True
SYN-A9488D990BBB4599,45,M,Barra de Falvosa,PR,74.9,160.5,29.08,158,92,73,36.4,False,False,False,Sem histórico relevante,FUMANTE_ATUAL,NENHUM,MODERADA,REGULAR,7.3,True,False,True,False,False,False,False,2,HIPERTENSAO,,0,NAO_SE_APLICA,100.0,5.8,203.5,128.1,41.0,172.1,0.89,14.4,2023-02-01,56.3,MUITO_ALTO,Hipertensão arterial sistêmica não controlada (simulado),SEM_INTERCORRENCIA,False,validation,SYNTHETIC,True
SYN-FC377A4C4A15444D,36,M,Campo de Orvalelha,SC,72.6,172.5,24.4,115,60,76,36.6,False,True,False,Hipertensão,FUMANTE_ATUAL,NENHUM,MODERADA,BOA,6.2,False,False,False,False,False,False,False,0,SEM_CONDICAO_CRONICA,,0,NAO_SE_APLICA,87.9,4.8,160.8,95.4,55.8,47.9,1.04,15.2,2023-07-05,7.2,BAIXO,Sem condição crônica identificada (simulado),SEM_INTERCORRENCIA,False,validation,SYNTHETIC,True
SYN-DDD1DFB23B984EF8,69,F,Nova Falvosa,RS,87.5,166.3,31.64,133,84,55,36.8,True,False,False,Diabetes,NUNCA_FUMOU,MODERADO,ATIVA,REGULAR,7.4,False,False,False,True,False,False,False,1,OBESIDADE,,0,NAO_SE_APLICA,100.0,5.4,181.3,78.6,77.8,124.7,1.06,13.7,2024-02-23,32.7,ALTO,Obesidade (simulado),SEM_INTERCORRENCIA,False,validation,SYNTHETIC,True
SYN-7412B29347294739,45,M,Barra de Lumirelha,DF,63.7,177.5,20.22,102,61,72,38.0,True,True,False,Diabetes; Hipertensão,NUNCA_FUMOU,NENHUM,ATIVA,REGULAR,6.9,False,False,False,False,False,False,True,1,INFECCAO_RESPIRATORIA_AGUDA,Amoxicilina; Paracetamol,2,ALTA,87.5,4.7,194.1,111.1,57.4,128.2,1.02,15.0,2024-12-07,3.4,BAIXO,Infecção respiratória aguda (simulado),SEM_INTERCORRENCIA,False,train,SYNTHETIC,True
SYN-29A3B2E95D654441,41,F,Barra de Pelvelha,MA,43.3,160.9,16.73,105,68,74,36.5,False,True,False,Hipertensão,NUNCA_FUMOU,MODERADO,ATIVA,RUIM,6.7,False,False,False,False,False,False,False,0,SEM_CONDICAO_CRONICA,,0,NAO_SE_APLICA,66.3,4.3,196.3,116.4,60.2,98.6,0.84,13.3,2024-03-28,3.7,BAIXO,Sem condição crônica identificada (simulado),SEM_INTERCORRENCIA,False,test,SYNTHETIC,True
SYN-AB9099A435A240AE,42,F,Serra de Esmirunda,MA,65.2,151.0,28.6,114,57,68,36.8,True,True,False,Diabetes; Hipertensão,NUNCA_FUMOU,NENHUM,SEDENTARIO,REGULAR,9.9,False,False,False,False,False,False,False,0,SEM_CONDICAO_CRONICA,,0,NAO_SE_APLICA,84.4,4.5,199.7,112.1,62.4,126.0,0.65,12.6,2024-06-04,6.3,BAIXO,Sem condição crônica identificada (simulado),SEM_INTERCORRENCIA,False,train,SYNTHETIC,True
SYN-AEFCFAD8EFC84849,57,M,Serra de Solvival,ES,73.3,175.9,23.69,135,84,70,36.8,False,True,True,Hipertensão; Doença cardiovascular,NUNCA_FUMOU,NENHUM,SEDENTARIO,REGULAR,5.3,True,True,False,False,False,False,False,2,DIABETES_TIPO_2,Losartana; Glibenclamida,2,MEDIA,130.8,6.0,177.9,119.9,33.0,125.2,0.86,14.3,2024-07-18,62.9,MUITO_ALTO,Diabetes mellitus tipo 2 compensado (simulado),SEM_INTERCORRENCIA,False,train,SYNTHETIC,True
SYN-A28DEFE39BF04273,54,F,Barra de Falvanda,AM,56.9,154.3,23.9,116,78,68,36.3,False,True,False,Hipertensão,EX_FUMANTE,NENHUM,ATIVA,RUIM,8.1,False,False,True,False,False,False,False,1,DISLIPIDEMIA,Sinvastatina,1,MEDIA,99.5,5.4,216.2,115.5,74.7,130.0,0.67,13.0,2023-03-29,5.6,BAIXO,Dislipidemia com LDL na meta (simulado),SEM_INTERCORRENCIA,False,train,SYNTHETIC,True
SYN-3EABEDCBBAA84DD4,55,F,Vila Relvunda,CE,50.3,161.5,19.29,117,72,64,36.6,False,False,False,Sem histórico relevante,NUNCA_FUMOU,MODERADO,MODERADA,RUIM,6.1,False,False,False,False,False,False,False,0,SEM_CONDICAO_CRONICA,,0,NAO_SE_APLICA,87.2,4.6,173.4,108.6,49.2,78.2,0.71,12.2,2024-12-02,10.1,MODERADO,Sem condição crônica identificada (simulado),SEM_INTERCORRENCIA,False,train,SYNTHETIC,True
SYN-451B4CF361234DF7,55,F,Barra de Solvunda,RR,55.3,160.6,21.44,118,70,82,36.4,False,True,False,Hipertensão,EX_FUMANTE,NENHUM,MODERADA,REGULAR,7.1,False,False,False,False,False,False,False,0,SEM_CONDICAO_CRONICA,,0,NAO_SE_APLICA,89.4,4.8,232.1,135.2,75.5,107.1,0.84,12.1,2023-12-03,14.1,MODERADO,Sem condição crônica identificada (simulado),SEM_INTERCORRENCIA,False,train,SYNTHETIC,True
SYN-B02B61C4A3D74628,84,M,Vila Cendranda,GO,60.6,175.2,19.74,127,80,61,36.6,False,False,False,Sem histórico relevante,NUNCA_FUMOU,MODERADO,MODERADA,REGULAR,9.8,True,False,False,False,False,False,False,1,HIPERTENSAO,Anlodipino; Enalapril,2,ALTA,83.4,4.9,165.8,114.4,40.5,54.6,0.98,14.7,2023-08-14,55.9,MUITO_ALTO,Hipertensão arterial sistêmica controlada (simulado),SEM_INTERCORRENCIA,False,train,SYNTHETIC,True
SYN-5304317FAF42412F,41,M,Serra de Solvunda,AL,72.0,174.6,23.62,107,73,72,37.0,False,False,False,Sem histórico relevante,EX_FUMANTE,NENHUM,MODERADA,RUIM,5.9,False,False,False,False,False,False,False,0,SEM_CONDICAO_CRONICA,,0,NAO_SE_APLICA,103.7,5.3,168.4,80.2,53.0,176.1,0.98,15.8,2024-09-24,4.4,BAIXO,Sem condição crônica identificada (simulado),SEM_INTERCORRENCIA,False,train,SYNTHETIC,True
SYN-0E51F30DC6A74E39,39,M,Barra de Cendrinel,MA,76.9,172.5,25.84,108,69,69,36.7,False,False,False,Sem histórico relevante,EX_FUMANTE,ELEVADO,SEDENTARIO,RUIM,6.2,False,False,True,False,False,False,False,1,DISLIPIDEMIA,Atorvastatina,1,ALTA,103.7,5.2,183.7,130.0,29.0,123.7,0.91,12.7,2023-12-25,4.5,BAIXO,Dislipidemia com LDL na meta (simulado),INTERNACAO,True,train,SYNTHETIC,True
SYN-CE177B4E083748A3,34,F,Vale de Cendrorém,SE,58.8,161.2,22.63,119,75,68,37.2,False,False,False,Sem histórico relevante,NUNCA_FUMOU,NENHUM,ATIVA,REGULAR,7.0,False,False,False,False,False,False,False,0,SEM_CONDICAO_CRONICA,,0,NAO_SE_APLICA,83.3,4.3,249.5,165.5,59.1,124.5,0.66,12.8,2024-05-03,9.4,BAIXO,Sem condição crônica identificada (simulado),SEM_INTERCORRENCIA,False,validation,SYNTHETIC,True
SYN-10F1BC81448A4A9E,58,F,Campo de Ibirosa,CE,74.8,153.3,31.83,120,83,72,36.7,True,False,True,Diabetes; Doença cardiovascular,NUNCA_FUMOU,NENHUM,SEDENTARIO,REGULAR,6.1,False,False,False,True,False,False,False,1,OBESIDADE,,0,NAO_SE_APLICA,78.1,4.7,213.7,146.6,39.3,138.9,0.93,13.5,2023-09-28,57.7,MUITO_ALTO,Obesidade (simulado),INTERNACAO,True,train,SYNTHETIC,True
SYN-9132B63EF16247E4,67,M,Alto de Jaquelério,SC,78.6,164.5,29.05,133,84,90,38.6,False,True,False,Hipertensão,FUMANTE_ATUAL,ELEVADO,MODERADA,REGULAR,8.0,False,False,False,False,False,False,True,1,INFECCAO_RESPIRATORIA_AGUDA,,0,NAO_SE_APLICA,74.7,4.1,171.9,121.3,34.0,82.9,0.94,15.9,2024-03-04,67.4,MUITO_ALTO,Infecção respiratória aguda (simulado),INTERNACAO,True,train,SYNTHETIC,True
SYN-366EB16F508E4AD7,46,F,Serra de Norvimar,ES,48.8,159.3,19.23,108,60,83,36.6,False,True,False,Hipertensão,NUNCA_FUMOU,NENHUM,MODERADA,RUIM,6.4,False,False,False,False,False,False,False,0,SEM_CONDICAO_CRONICA,,0,NAO_SE_APLICA,94.0,4.9,216.4,120.5,66.8,145.4,0.95,15.0,2023-04-22,5.0,BAIXO,Sem condição crônica identificada (simulado),SEM_INTERCORRENCIA,False,train,SYNTHETIC,True
SYN-E27A984D654841D0,34,M,Barra de Mirvimar,SC,64.8,161.9,24.72,120,80,61,36.6,False,False,False,Sem histórico relevante,NUNCA_FUMOU,NENHUM,ATIVA,REGULAR,7.7,False,False,False,False,False,False,False,0,SEM_CONDICAO_CRONICA,,0,NAO_SE_APLICA,91.1,4.9,197.0,124.1,41.0,159.3,1.03,14.5,2023-11-01,10.2,MODERADO,Sem condição crônica identificada (simulado),SEM_INTERCORRENCIA,False,train,SYNTHETIC,True
SYN-24933B83757740A9,34,M,Barra de Falvanda,AM,70.8,169.2,24.73,90,56,70,36.7,False,False,False,Sem histórico relevante,NUNCA_FUMOU,MODERADO,SEDENTARIO,BOA,5.5,False,False,False,False,False,False,False,0,SEM_CONDICAO_CRONICA,,0,NAO_SE_APLICA,82.9,4.6,190.3,141.3,36.4,63.0,0.81,16.8,2023-11-27,4.9,BAIXO,Sem condição crônica identificada (simulado),SEM_INTERCORRENCIA,False,train,SYNTHETIC,True
SYN-BEB799193F224AF8,59,F,Vila Relvorém,MT,63.4,159.5,24.92,133,79,69,36.3,False,True,False,Hipertensão,NUNCA_FUMOU,NENHUM,MODERADA,REGULAR,5.0,True,False,False,False,False,False,False,1,HIPERTENSAO,Hidroclorotiazida; Anlodipino,2,MEDIA,92.4,5.2,212.1,142.4,48.3,106.9,0.97,13.7,2023-07-01,41.2,MUITO_ALTO,Hipertensão arterial sistêmica controlada (simulado),EVENTO_CARDIOVASCULAR,True,train,SYNTHETIC,True
SYN-BF3C4C06434348BC,61,M,Vila Cendrelha,AC,92.9,181.2,28.29,109,68,89,36.5,True,False,False,Diabetes,EX_FUMANTE,NENHUM,SEDENTARIO,RUIM,6.7,False,False,False,False,False,False,False,0,SEM_CONDICAO_CRONICA,,0,NAO_SE_APLICA,79.7,4.4,201.0,121.6,53.3,130.6,0.9,15.6,2024-10-28,25.9,ALTO,Sem condição crônica identificada (simulado),SEM_INTERCORRENCIA,False,train,SYNTHETIC,True
SYN-956269F0E5D74875,57,F,Nova Velmério,RJ,64.7,153.1,27.6,124,80,75,36.4,False,False,False,Sem histórico relevante,NUNCA_FUMOU,NENHUM,SEDENTARIO,REGULAR,5.3,False,False,False,False,False,False,False,0,SEM_CONDICAO_CRONICA,,0,NAO_SE_APLICA,97.8,5.5,196.6,123.9,61.2,57.6,0.97,12.1,2024-03-24,11.8,MODERADO,Sem condição crônica identificada (simulado),SEM_INTERCORRENCIA,False,train,SYNTHETIC,True
SYN-FF50BDE4382547B8,37,F,Serra de Esmirunda,MA,58.6,166.9,21.04,107,75,83,36.9,False,False,True,Doença cardiovascular,NUNCA_FUMOU,NENHUM,MODERADA,REGULAR,8.7,False,False,False,False,False,False,False,0,SEM_CONDICAO_CRONICA,,0,NAO_SE_APLICA,85.6,4.5,140.3,63.6,67.4,46.5,0.78,13.7,2024-09-28,2.2,BAIXO,Sem condição crônica identificada (simulado),SEM_INTERCORRENCIA,False,train,SYNTHETIC,True
SYN-7E570DDF827040A8,52,M,Lago de Belvanda,AC,83.7,174.1,27.61,105,65,74,36.0,False,False,False,Sem histórico relevante,NUNCA_FUMOU,ELEVADO,SEDENTARIO,RUIM,5.3,False,False,True,False,False,False,False,1,DISLIPIDEMIA,,0,NAO_SE_APLICA,80.9,4.6,271.2,210.1,35.9,126.1,0.81,15.7,2023-04-23,33.6,ALTO,Dislipidemia com LDL elevado (simulado),SEM_INTERCORRENCIA,False,train,SYNTHETIC,True
SYN-DC713D960C0F4195,50,F,Vila Relvosa,RS,62.5,149.1,28.11,121,84,78,36.6,False,False,False,Sem histórico relevante,EX_FUMANTE,MODERADO,ATIVA,REGULAR,5.9,False,False,False,False,False,False,False,0,SEM_CONDICAO_CRONICA,,0,NAO_SE_APLICA,87.5,4.6,176.5,88.1,73.1,76.3,0.63,12.5,2023-11-06,7.9,BAIXO,Sem condição crônica identificada (simulado),SEM_INTERCORRENCIA,False,train,SYNTHETIC,True
SYN-28F49481A0A04DC4,52,M,Serra de Falvalena,PB,59.3,172.9,19.84,115,69,71,36.1,False,False,False,Sem histórico relevante,EX_FUMANTE,MODERADO,ATIVA,BOA,7.5,False,False,False,False,False,False,False,0,SEM_CONDICAO_CRONICA,,0,NAO_SE_APLICA,85.1,5.3,155.2,97.3,44.8,65.4,0.95,12.2,2024-08-15,10.1,MODERADO,Sem condição crônica identificada (simulado),SEM_INTERCORRENCIA,False,train,SYNTHETIC,True
SYN-98AE43346C124CE8,63,M,Vila Orvalorém,PI,72.4,177.1,23.08,116,78,96,38.0,False,False,False,Sem histórico relevante,NUNCA_FUMOU,NENHUM,SEDENTARIO,REGULAR,6.4,False,False,False,False,False,False,True,1,INFECCAO_RESPIRATORIA_AGUDA,Paracetamol,1,ALTA,92.8,4.7,180.1,130.8,36.2,65.6,1.15,14.9,2023-04-30,24.4,ALTO,Infecção respiratória aguda (simulado),EVENTO_CARDIOVASCULAR,True,train,SYNTHETIC,True
SYN-988C24C961B14D22,52,M,Barra de Mirvério,MT,72.9,180.4,22.4,113,69,54,36.5,True,True,False,Diabetes; Hipertensão,NUNCA_FUMOU,MODERADO,ATIVA,BOA,5.3,False,False,False,False,False,False,False,0,SEM_CONDICAO_CRONICA,,0,NAO_SE_APLICA,99.8,5.0,176.8,111.6,45.7,97.5,0.98,14.6,2023-06-03,9.7,BAIXO,Sem condição crônica identificada (simulado),INTERNACAO,True,train,SYNTHETIC,True
SYN-405CACEC877449A9,60,M,Vale de Falvanda,PR,65.8,171.1,22.48,119,68,62,36.1,True,True,False,Diabetes; Hipertensão,NUNCA_FUMOU,MODERADO,SEDENTARIO,REGULAR,9.2,False,False,False,False,False,False,False,0,SEM_CONDICAO_CRONICA,,0,NAO_SE_APLICA,99.4,5.1,170.6,118.7,37.0,74.6,1.01,16.1,2024-11-06,19.9,MODERADO,Sem condição crônica identificada (simulado),SEM_INTERCORRENCIA,False,validation,SYNTHETIC,True
SYN-F143262FDC5C4EED,49,M,Barra de Mirvério,MT,45.7,160.5,17.74,122,83,82,36.9,False,False,False,Sem histórico relevante,NUNCA_FUMOU,NENHUM,MODERADA,REGULAR,5.9,False,False,False,False,False,False,False,0,SEM_CONDICAO_CRONICA,,0,NAO_SE_APLICA,89.6,4.7,210.4,138.1,46.2,130.7,0.99,14.3,2023-03-30,9.6,BAIXO,Sem condição crônica identificada (simulado),SEM_INTERCORRENCIA,False,train,SYNTHETIC,True
SYN-1D53434BB88149B9,53,F,Nova Velminel,DF,52.3,147.2,24.14,115,66,92,38.2,False,False,False,Sem histórico relevante,NUNCA_FUMOU,ELEVADO,ATIVA,RUIM,6.8,False,False,False,False,False,False,True,1,INFECCAO_RESPIRATORIA_AGUDA,Paracetamol,1,ALTA,88.1,4.8,223.5,147.2,53.5,114.2,0.56,12.5,2023-12-01,13.3,MODERADO,Infecção respiratória aguda (simulado),SEM_INTERCORRENCIA,False,train,SYNTHETIC,True
SYN-C039871089764334,59,M,Barra de Orvalival,RR,89.6,169.7,31.11,133,76,94,36.6,False,False,False,Sem histórico relevante,NUNCA_FUMOU,MODERADO,MODERADA,REGULAR,6.8,False,False,False,True,False,False,False,1,OBESIDADE,,0,NAO_SE_APLICA,86.4,5.1,137.7,56.7,46.1,174.5,1.12,13.6,2023-02-22,23.0,ALTO,Obesidade (simulado),SEM_INTERCORRENCIA,False,train,SYNTHETIC,True
SYN-5715BD6FA4164293,23,M,Alto de Orvalelha,SE,61.9,155.6,25.57,106,58,78,38.2,False,False,False,Sem histórico relevante,NUNCA_FUMOU,MODERADO,SEDENTARIO,RUIM,7.8,False,False,False,False,False,False,True,1,INFECCAO_RESPIRATORIA_AGUDA,Paracetamol; Amoxicilina,2,ALTA,74.2,4.3,169.8,137.4,20.0,62.0,1.04,14.2,2023-09-06,4.0,BAIXO,Infecção respiratória aguda (simulado),INTERNACAO,True,train,SYNTHETIC,True
SYN-287D06CA6F4C469A,43,F,Lago de Tavrimar,AC,76.9,170.3,26.52,127,83,80,37.0,False,True,True,Hipertensão; Doença cardiovascular,EX_FUMANTE,NENHUM,SEDENTARIO,REGULAR,7.5,False,False,False,False,False,False,False,0,SEM_CONDICAO_CRONICA,,0,NAO_SE_APLICA,90.2,4.8,173.8,101.2,54.1,92.4,0.86,15.9,2024-08-18,16.1,MODERADO,Sem condição crônica identificada (simulado),SEM_INTERCORRENCIA,False,train,SYNTHETIC,True
SYN-B8DB0672F42D47CC,40,F,Lago de Quirelério,ES,44.2,163.6,16.51,104,71,63,36.1,False,False,False,Sem histórico relevante,NUNCA_FUMOU,NENHUM,MODERADA,REGULAR,6.1,False,False,False,False,False,False,False,0,SEM_CONDICAO_CRONICA,,0,NAO_SE_APLICA,80.2,4.3,180.2,116.1,46.2,89.4,0.7,11.6,2023-09-23,3.6,BAIXO,Sem condição crônica identificada (simulado),SEM_INTERCORRENCIA,False,validation,SYNTHETIC,True
SYN-F8CDA88B436D46E2,37,F,Alto de Lumiralena,PB,57.9,154.5,24.26,104,66,60,36.4,True,True,False,Diabetes; Hipertensão,EX_FUMANTE,MODERADO,ATIVA,REGULAR,6.6,False,False,True,False,False,False,False,1,DISLIPIDEMIA,Atorvastatina,1,ALTA,100.8,5.0,236.6,145.8,55.0,178.9,0.63,11.9,2023-12-08,10.7,MODERADO,Dislipidemia com LDL na meta (simulado),SEM_INTERCORRENCIA,False,train,SYNTHETIC,True
SYN-81F76D1C2DBC4134,43,F,Vila Belvimar,MG,71.0,169.9,24.6,102,57,67,36.9,False,False,True,Doença cardiovascular,NUNCA_FUMOU,MODERADO,MODERADA,REGULAR,6.8,False,False,False,False,False,False,False,0,SEM_CONDICAO_CRONICA,,0,NAO_SE_APLICA,88.1,4.7,163.4,95.9,50.2,86.6,0.63,13.1,2024-10-31,9.9,BAIXO,Sem condição crônica identificada (simulado),SEM_INTERCORRENCIA,False,train,SYNTHETIC,True
SYN-A013AC6EDEDA4E16,73,M,Barra de Mirvival,RS,83.5,179.2,26.0,124,74,79,36.9,True,False,False,Diabetes,NUNCA_FUMOU,NENHUM,SEDENTARIO,RUIM,7.8,False,False,False,False,False,False,False,0,SEM_CONDICAO_CRONICA,,0,NAO_SE_APLICA,97.0,5.0,247.9,177.4,51.5,95.1,0.95,16.8,2023-10-19,48.1,MUITO_ALTO,Sem condição crônica identificada (simulado),SEM_INTERCORRENCIA,False,train,SYNTHETIC,True
SYN-81F631D4A39241A7,33,F,Alto de Tavrinel,RS,67.5,161.7,25.82,102,61,70,37.0,False,True,False,Hipertensão,NUNCA_FUMOU,NENHUM,SEDENTARIO,REGULAR,5.7,False,False,False,False,False,False,False,0,SEM_CONDICAO_CRONICA,,0,NAO_SE_APLICA,85.9,5.0,178.1,101.9,56.5,98.3,0.99,13.9,2024-03-15,3.0,BAIXO,Sem condição crônica identificada (simulado),SEM_INTERCORRENCIA,False,test,SYNTHETIC,True
SYN-5FB8D16C2720497D,64,M,Lago de Quirelério,ES,65.7,164.9,24.16,143,77,70,37.4,False,True,True,Hipertensão; Doença cardiovascular,FUMANTE_ATUAL,MODERADO,ATIVA,BOA,9.2,True,False,False,False,False,False,False,1,HIPERTENSAO,Losartana,1,ALTA,83.7,4.2,238.6,168.8,50.5,96.6,1.04,16.4,2024-01-16,80.5,MUITO_ALTO,Hipertensão arterial sistêmica não controlada (simulado),SEM_INTERCORRENCIA,False,train,SYNTHETIC,True
SYN-F4188F3F8A144E62,19,M,Lago de Cendralena,RO,54.4,166.6,19.6,92,54,79,36.4,False,False,False,Sem histórico relevante,EX_FUMANTE,NENHUM,MODERADA,RUIM,6.2,False,False,False,False,False,False,False,0,SEM_CONDICAO_CRONICA,,0,NAO_SE_APLICA,94.1,5.4,173.9,93.4,40.6,199.5,0.97,14.4,2024-06-09,0.9,BAIXO,Sem condição crônica identificada (simulado),SEM_INTERCORRENCIA,False,test,SYNTHETIC,True
SYN-EB2263DD87C5421E,42,M,Nova Quirelanda,SE,76.0,172.8,25.45,106,68,82,36.7,False,True,True,Hipertensão; Doença cardiovascular,NUNCA_FUMOU,NENHUM,MODERADA,REGULAR,7.0,False,False,True,False,False,False,False,1,DISLIPIDEMIA,,0,NAO_SE_APLICA,92.6,4.8,208.8,119.5,54.0,176.6,1.06,13.4,2024-03-05,8.0,BAIXO,Dislipidemia com LDL na meta (simulado),SEM_INTERCORRENCIA,False,train,SYNTHETIC,True
SYN-7D15438552FB443B,51,F,Vale de Cendrimar,PI,72.6,156.7,29.57,125,72,78,36.5,False,True,False,Hipertensão,NUNCA_FUMOU,MODERADO,MODERADA,REGULAR,5.7,False,False,False,False,False,False,False,0,SEM_CONDICAO_CRONICA,,0,NAO_SE_APLICA,94.0,5.0,188.8,91.0,72.2,127.9,0.81,12.8,2024-08-30,16.9,MODERADO,Sem condição crônica identificada (simulado),SEM_INTERCORRENCIA,False,train,SYNTHETIC,True
SYN-5CEC4EB5EDD94831,58,F,Barra de Dorvival,AP,70.2,164.5,25.94,131,79,80,36.0,False,False,False,Sem histórico relevante,NUNCA_FUMOU,NENHUM,SEDENTARIO,REGULAR,5.6,False,False,False,False,False,False,False,0,SEM_CONDICAO_CRONICA,,0,NAO_SE_APLICA,89.4,4.4,228.4,162.1,51.7,72.8,0.71,13.1,2024-10-05,38.0,ALTO,Sem condição crônica identificada (simulado),SEM_INTERCORRENCIA,False,train,SYNTHETIC,True
SYN-CE88CB2DD4E84839,60,M,Barra de Falvanda,AM,75.6,179.3,23.52,143,73,90,38.5,False,False,False,Sem histórico relevante,NUNCA_FUMOU,NENHUM,SEDENTARIO,REGULAR,6.0,True,False,False,False,False,False,True,2,HIPERTENSAO,Amoxicilina; Paracetamol,2,MEDIA,96.7,5.2,197.4,155.1,28.6,68.3,1.09,14.8,2024-12-22,70.3,MUITO_ALTO,Hipertensão arterial sistêmica não controlada (simulado),INTERNACAO,True,train,SYNTHETIC,True
SYN-3DA9C2A90ED44F1A,61,M,Barra de Lumirimar,AL,81.8,172.0,27.65,138,92,71,36.0,False,False,False,Sem histórico relevante,NUNCA_FUMOU,NENHUM,SEDENTARIO,RUIM,5.9,True,False,False,False,False,False,False,1,HIPERTENSAO,Losartana,1,ALTA,96.5,4.7,205.3,146.5,36.7,110.5,0.9,14.6,2023-09-09,48.8,MUITO_ALTO,Hipertensão arterial sistêmica controlada (simulado),SEM_INTERCORRENCIA,False,train,SYNTHETIC,True
SYN-14296C07F26B4776,42,F,Campo de Quirelival,PI,73.6,157.3,29.75,117,69,81,36.4,False,True,False,Hipertensão,NUNCA_FUMOU,ELEVADO,SEDENTARIO,REGULAR,6.5,False,False,False,False,False,False,False,0,SEM_CONDICAO_CRONICA,,0,NAO_SE_APLICA,71.6,4.3,203.6,108.9,57.0,188.4,0.83,13.8,2023-05-10,8.9,BAIXO,Sem condição crônica identificada (simulado),SEM_INTERCORRENCIA,False,validation,SYNTHETIC,True
SYN-D0E6E6607C694EE1,40,M,Nova Quirelunda,AP,53.4,167.3,19.08,107,70,63,36.2,False,False,False,Sem histórico relevante,NUNCA_FUMOU,NENHUM,MODERADA,REGULAR,5.9,False,False,False,False,False,False,False,0,SEM_CONDICAO_CRONICA,,0,NAO_SE_APLICA,86.2,4.7,160.4,100.2,43.0,85.9,0.83,14.1,2023-05-17,2.7,BAIXO,Sem condição crônica identificada (simulado),SEM_INTERCORRENCIA,False,train,SYNTHETIC,True
SYN-885F6E66C2B642C5,63,F,Serra de Falvalena,PB,71.2,159.7,27.92,151,89,76,36.7,False,True,False,Hipertensão,FUMANTE_ATUAL,MODERADO,MODERADA,REGULAR,7.8,True,False,True,False,False,False,False,2,HIPERTENSAO,Enalapril; Sinvastatina,2,ALTA,99.9,5.0,208.6,128.0,48.3,161.3,0.79,12.3,2024-07-29,67.2,MUITO_ALTO,Hipertensão arterial sistêmica não controlada (simulado),SEM_INTERCORRENCIA,False,train,SYNTHETIC,True
SYN-A8E56E0C20DE435D,45,M,Nova Falvosa,RS,64.2,167.3,22.94,137,83,66,36.4,False,True,False,Hipertensão,NUNCA_FUMOU,ELEVADO,SEDENTARIO,BOA,6.1,True,False,False,False,False,False,False,1,HIPERTENSAO,Enalapril,1,ALTA,80.3,4.0,169.4,118.6,34.9,79.7,0.92,13.6,2024-09-27,24.3,ALTO,Hipertensão arterial sistêmica controlada (simulado),SEM_INTERCORRENCIA,False,test,SYNTHETIC,True
SYN-2A45C2AB8CBF4DB0,26,F,Nova Falvosa,RS,61.6,163.3,23.1,113,61,72,36.1,False,True,True,Hipertensão; Doença cardiovascular,NUNCA_FUMOU,MODERADO,MODERADA,BOA,6.0,False,False,False,False,False,False,False,0,SEM_CONDICAO_CRONICA,,0,NAO_SE_APLICA,74.3,5.0,220.6,152.5,56.8,56.5,0.86,13.4,2023-06-26,7.7,BAIXO,Sem condição crônica identificada (simulado),SEM_INTERCORRENCIA,False,train,SYNTHETIC,True
SYN-9B49BD26DF57459A,29,F,Barra de Solvunda,RR,60.5,159.2,23.87,118,66,67,36.9,False,True,True,Hipertensão; Doença cardiovascular,NUNCA_FUMOU,MODERADO,SEDENTARIO,RUIM,6.6,False,False,False,False,False,False,False,0,SEM_CONDICAO_CRONICA,,0,NAO_SE_APLICA,88.5,4.3,198.3,135.3,38.2,123.9,0.41,13.3,2023-12-18,12.3,MODERADO,Sem condição crônica identificada (simulado),SEM_INTERCORRENCIA,False,train,SYNTHETIC,True
SYN-EDCD465E36384821,32,M,Alto de Xervanda,RO,62.2,165.3,22.76,116,65,87,37.7,False,True,False,Hipertensão,NUNCA_FUMOU,MODERADO,SEDENTARIO,REGULAR,8.1,False,False,False,False,False,False,True,1,INFECCAO_RESPIRATORIA_AGUDA,Paracetamol,1,BAIXA,94.1,5.0,201.2,139.7,42.7,94.1,1.2,15.9,2023-01-15,7.7,BAIXO,Infecção respiratória aguda (simulado),SEM_INTERCORRENCIA,False,validation,SYNTHETIC,True
SYN-B09B2A5CBADC432A,56,F,Alto de Cendrosa,SC,88.7,165.2,32.5,117,72,66,36.5,False,True,False,Hipertensão,NUNCA_FUMOU,NENHUM,MODERADA,RUIM,7.2,True,False,False,True,False,False,False,2,HIPERTENSAO,Anlodipino,1,ALTA,87.7,4.4,140.3,54.3,53.8,161.0,0.72,14.7,2024-02-28,24.4,ALTO,Hipertensão arterial sistêmica controlada (simulado),SEM_INTERCORRENCIA,False,train,SYNTHETIC,True
SYN-66245BFA4FCC439A,50,F,Barra de Norvanda,RJ,54.2,163.1,20.37,115,77,68,36.3,False,True,False,Hipertensão,FUMANTE_ATUAL,MODERADO,MODERADA,RUIM,6.9,False,False,False,False,True,False,False,1,ASMA,Salbutamol,1,MEDIA,100.5,5.5,214.8,142.6,52.0,101.1,0.78,12.0,2024-05-27,12.7,MODERADO,Asma (simulado),SEM_INTERCORRENCIA,False,train,SYNTHETIC,True
SYN-5F987C71A65E488E,60,F,Alto de Jaquelério,SC,58.8,145.1,27.93,138,84,71,36.9,False,False,True,Doença cardiovascular,EX_FUMANTE,ELEVADO,MODERADA,REGULAR,5.4,False,False,False,False,False,False,False,0,SEM_CONDICAO_CRONICA,,0,NAO_SE_APLICA,107.3,5.2,188.0,124.3,46.6,85.7,0.88,13.2,2023-04-26,46.4,MUITO_ALTO,Sem condição crônica identificada (simulado),SEM_INTERCORRENCIA,False,validation,SYNTHETIC,True
SYN-7394988F847F49B4,41,F,Lago de Tavrimar,AC,76.9,153.6,32.59,125,71,54,36.7,True,False,False,Diabetes,NUNCA_FUMOU,MODERADO,SEDENTARIO,REGULAR,5.7,False,False,False,True,False,False,False,1,OBESIDADE,,0,NAO_SE_APLICA,74.6,4.0,145.2,57.1,58.2,149.5,0.79,13.0,2024-11-08,5.3,BAIXO,Obesidade (simulado),SEM_INTERCORRENCIA,False,train,SYNTHETIC,True
SYN-1064005C398543CF,51,M,Vale de Solvival,TO,73.1,163.0,27.51,117,72,56,36.4,True,True,True,Diabetes; Hipertensão; Doença cardiovascular,EX_FUMANTE,MODERADO,MODERADA,REGULAR,5.6,False,True,True,False,False,False,False,2,DIABETES_TIPO_2,Metformina; Sinvastatina,2,ALTA,116.8,5.9,197.1,134.6,35.0,137.5,1.1,13.3,2024-09-22,59.9,MUITO_ALTO,Diabetes mellitus tipo 2 compensado (simulado),SEM_INTERCORRENCIA,False,train,SYNTHETIC,True
SYN-8DCDCD03969B4662,59,F,Barra de Tavrival,SE,49.8,151.8,21.61,131,76,83,36.0,False,True,False,Hipertensão,NUNCA_FUMOU,NENHUM,SEDENTARIO,REGULAR,8.4,False,False,False,False,False,False,False,0,SEM_CONDICAO_CRONICA,,0,NAO_SE_APLICA,68.6,4.0,150.1,75.1,53.6,107.2,0.9,12.7,2024-11-30,13.3,MODERADO,Sem condição crônica identificada (simulado),SEM_INTERCORRENCIA,False,test,SYNTHETIC,True
SYN-01D7425638604AB6,43,M,Nova Belvunda,RS,57.9,177.4,18.4,114,66,68,37.4,False,False,False,Sem histórico relevante,NUNCA_FUMOU,ELEVADO,ATIVA,REGULAR,7.6,False,False,False,False,False,False,False,0,SEM_CONDICAO_CRONICA,,0,NAO_SE_APLICA,94.3,4.8,203.3,127.1,58.5,88.3,1.21,16.4,2024-11-16,8.3,BAIXO,Sem condição crônica identificada (simulado),SEM_INTERCORRENCIA,False,train,SYNTHETIC,True
SYN-0F1259E0A18F46B6,56,M,Campo de Ibirorém,RN,61.7,170.6,21.2,122,72,65,37.2,False,False,False,Sem histórico relevante,NUNCA_FUMOU,NENHUM,MODERADA,BOA,6.1,False,False,False,False,False,False,False,0,SEM_CONDICAO_CRONICA,,0,NAO_SE_APLICA,82.9,4.8,231.6,149.5,48.4,168.3,1.1,14.2,2023-03-02,21.0,ALTO,Sem condição crônica identificada (simulado),SEM_INTERCORRENCIA,False,train,SYNTHETIC,True
SYN-080AADFBE7C94B26,37,F,Serra de Zanvival,SP,53.6,155.3,22.22,113,73,76,37.0,True,False,True,Diabetes; Doença cardiovascular,NUNCA_FUMOU,MODERADO,ATIVA,BOA,6.4,False,False,False,False,False,False,False,0,SEM_CONDICAO_CRONICA,,0,NAO_SE_APLICA,85.0,5.1,133.7,46.7,72.1,74.7,0.72,12.4,2023-11-24,3.1,BAIXO,Sem condição crônica identificada (simulado),SEM_INTERCORRENCIA,False,train,SYNTHETIC,True
SYN-839FBC5012234513,42,F,Vale de Solvival,TO,60.4,147.0,27.95,120,68,70,36.4,False,True,False,Hipertensão,NUNCA_FUMOU,NENHUM,SEDENTARIO,RUIM,6.1,False,False,True,False,False,False,False,1,DISLIPIDEMIA,Sinvastatina,1,ALTA,101.1,4.8,196.0,132.8,41.8,107.2,0.69,13.1,2023-11-08,12.4,MODERADO,Dislipidemia com LDL na meta (simulado),SEM_INTERCORRENCIA,False,train,SYNTHETIC,True
SYN-7C441FE7AB4240A7,42,M,Alto de Pelvival,RJ,60.8,178.7,19.04,115,66,67,36.4,False,False,False,Sem histórico relevante,EX_FUMANTE,MODERADO,MODERADA,REGULAR,6.0,False,False,False,False,False,False,False,0,SEM_CONDICAO_CRONICA,,0,NAO_SE_APLICA,76.6,4.1,181.2,125.4,39.9,79.6,0.89,15.7,2023-01-15,7.5,BAIXO,Sem condição crônica identificada (simulado),SEM_INTERCORRENCIA,False,train,SYNTHETIC,True
SYN-B92DA22B21DF406F,28,M,Alto de Quirelorém,PE,54.3,171.9,18.38,116,75,60,36.7,False,True,False,Hipertensão,NUNCA_FUMOU,MODERADO,ATIVA,REGULAR,7.5,False,False,False,False,False,False,False,0,SEM_CONDICAO_CRONICA,,0,NAO_SE_APLICA,74.1,4.3,124.5,54.4,47.8,111.6,1.06,14.5,2024-11-14,1.9,BAIXO,Sem condição crônica identificada (simulado),SEM_INTERCORRENCIA,False,train,SYNTHETIC,True
SYN-93829B43922F415A,56,M,Nova Urvalorém,RR,64.9,166.3,23.47,134,82,96,36.3,True,True,False,Diabetes; Hipertensão,FUMANTE_ATUAL,MODERADO,SEDENTARIO,REGULAR,6.7,False,False,False,False,False,False,False,0,SEM_CONDICAO_CRONICA,,0,NAO_SE_APLICA,69.1,4.0,217.1,136.6,72.6,39.5,1.22,14.9,2023-01-20,36.1,ALTO,Sem condição crônica identificada (simulado),INTERNACAO,True,train,SYNTHETIC,True
SYN-7914C120C8DC419F,40,M,Barra de Xervunda,RJ,70.4,173.9,23.28,106,72,74,36.3,False,False,False,Sem histórico relevante,EX_FUMANTE,NENHUM,MODERADA,REGULAR,9.3,False,False,False,False,False,False,False,0,SEM_CONDICAO_CRONICA,,0,NAO_SE_APLICA,101.0,5.6,202.5,122.5,51.6,141.9,1.07,12.5,2024-05-23,5.6,BAIXO,Sem condição crônica identificada (simulado),SEM_INTERCORRENCIA,False,train,SYNTHETIC,True
SYN-1825BC5430BE445F,48,F,Vila Lumiranda,RS,74.5,153.5,31.62,123,83,74,37.0,False,False,False,Sem histórico relevante,EX_FUMANTE,MODERADO,MODERADA,BOA,8.4,False,False,True,True,False,False,False,2,DISLIPIDEMIA,Atorvastatina,1,ALTA,101.0,4.8,249.9,155.2,59.3,177.0,0.4,13.8,2023-08-09,28.0,ALTO,Dislipidemia com LDL na meta (simulado),SEM_INTERCORRENCIA,False,validation,SYNTHETIC,True
SYN-5AB33EDF6E594ED3,56,F,Campo de Falvalena,MG,60.3,167.9,21.39,128,67,71,36.6,False,False,True,Doença cardiovascular,NUNCA_FUMOU,NENHUM,ATIVA,RUIM,8.4,False,False,False,False,False,False,False,0,SEM_CONDICAO_CRONICA,,0,NAO_SE_APLICA,86.5,4.5,211.3,131.2,66.9,66.2,0.54,13.4,2024-03-12,29.0,ALTO,Sem condição crônica identificada (simulado),SEM_INTERCORRENCIA,False,test,SYNTHETIC,True
SYN-DD2467AC778E4DB3,56,M,Lago de Tavrimar,AC,64.7,168.4,22.81,129,78,77,38.6,False,False,False,Sem histórico relevante,FUMANTE_ATUAL,NENHUM,SEDENTARIO,REGULAR,7.7,True,False,False,False,False,False,True,2,HIPERTENSAO,Anlodipino; Enalapril; Paracetamol; Amoxicilina,4,MEDIA,78.0,4.4,166.8,105.0,43.7,90.6,1.01,15.7,2023-12-26,40.5,MUITO_ALTO,Hipertensão arterial sistêmica controlada (simulado),SEM_INTERCORRENCIA,False,test,SYNTHETIC,True
SYN-A748DBCFAC614E63,59,F,Barra de Falvanda,AM,45.2,155.9,18.6,101,58,62,36.9,False,True,True,Hipertensão; Doença cardiovascular,NUNCA_FUMOU,MODERADO,ATIVA,BOA,6.5,False,True,False,False,True,False,False,2,DIABETES_TIPO_2,Metformina; Budesonida,2,ALTA,93.9,4.9,207.0,118.6,70.4,89.9,0.81,11.3,2023-06-10,34.7,ALTO,Diabetes mellitus tipo 2 compensado (simulado),SEM_INTERCORRENCIA,False,train,SYNTHETIC,True
SYN-0F844FEF193149EE,46,M,Barra de Aurival,PE,90.1,173.7,29.86,108,60,80,36.4,False,True,False,Hipertensão,NUNCA_FUMOU,MODERADO,SEDENTARIO,RUIM,7.7,False,False,True,False,False,False,False,1,DISLIPIDEMIA,Sinvastatina,1,MEDIA,116.0,5.3,247.9,198.2,26.2,117.6,0.98,14.5,2023-11-13,31.3,ALTO,Dislipidemia com LDL elevado (simulado),SEM_INTERCORRENCIA,False,train,SYNTHETIC,True
SYN-CCF3A17156DC4907,41,F,Barra de Aurival,PE,67.6,163.8,25.2,104,59,72,36.0,False,False,False,Sem histórico relevante,NUNCA_FUMOU,MODERADO,MODERADA,RUIM,6.6,False,False,False,False,False,False,False,0,SEM_CONDICAO_CRONICA,,0,NAO_SE_APLICA,87.9,5.3,178.4,108.7,58.5,56.1,0.9,14.2,2024-06-01,3.6,BAIXO,Sem condição crônica identificada (simulado),SEM_INTERCORRENCIA,False,train,SYNTHETIC,True
SYN-310C0C003FA74104,47,M,Campo de Orvalorém,GO,68.8,181.4,20.91,110,64,95,36.3,False,False,True,Doença cardiovascular,FUMANTE_ATUAL,NENHUM,MODERADA,REGULAR,8.8,False,False,False,False,True,False,False,1,ASMA,,0,NAO_SE_APLICA,78.2,4.0,211.7,135.7,50.9,125.6,1.12,14.2,2024-02-20,25.7,ALTO,Asma (simulado),SEM_INTERCORRENCIA,False,train,SYNTHETIC,True
SYN-23E2FCB472D8467D,19,F,Serra de Falvalena,PB,50.3,152.0,21.77,101,60,86,38.9,False,True,True,Hipertensão; Doença cardiovascular,NUNCA_FUMOU,NENHUM,SEDENTARIO,BOA,7.4,True,False,False,False,False,False,True,2,HIPERTENSAO,Losartana; Hidroclorotiazida,2,ALTA,100.4,4.7,110.7,33.1,61.2,82.1,0.69,13.3,2023-06-14,1.9,BAIXO,Hipertensão arterial sistêmica controlada (simulado),SEM_INTERCORRENCIA,False,train,SYNTHETIC,True
SYN-766ECB15474E4C19,23,F,Nova Belvunda,RS,53.1,167.5,18.93,114,64,75,36.7,False,False,True,Doença cardiovascular,NUNCA_FUMOU,ELEVADO,ATIVA,REGULAR,7.3,False,False,False,False,False,False,False,0,SEM_CONDICAO_CRONICA,,0,NAO_SE_APLICA,78.3,4.1,219.5,152.9,50.6,79.9,0.5,12.8,2023-07-08,5.4,BAIXO,Sem condição crônica identificada (simulado),SEM_INTERCORRENCIA,False,validation,SYNTHETIC,True
SYN-134C6C92EC5B427C,26,F,Vila Relvosa,RS,56.4,160.1,22.0,102,62,74,36.7,False,True,True,Hipertensão; Doença cardiovascular,EX_FUMANTE,NENHUM,ATIVA,BOA,7.1,False,False,True,False,False,False,False,1,DISLIPIDEMIA,,0,NAO_SE_APLICA,85.9,4.3,236.8,147.2,51.3,191.7,0.55,12.8,2024-05-23,5.2,BAIXO,Dislipidemia com LDL na meta (simulado),SEM_INTERCORRENCIA,False,train,SYNTHETIC,True
SYN-DB20A56EDC814FE7,31,F,Vila Esmirival,GO,73.7,149.9,32.8,127,92,68,37.0,False,True,False,Hipertensão,NUNCA_FUMOU,MODERADO,ATIVA,REGULAR,8.9,False,False,False,True,False,False,False,1,OBESIDADE,,0,NAO_SE_APLICA,68.2,4.4,110.2,33.1,48.8,141.7,0.72,14.4,2023-06-03,1.2,BAIXO,Obesidade (simulado),SEM_INTERCORRENCIA,False,train,SYNTHETIC,True
SYN-A6F2F7B80CF34B58,55,M,Vale de Pelvelha,TO,98.6,190.2,27.26,129,67,88,38.9,False,False,False,Sem histórico relevante,FUMANTE_ATUAL,MODERADO,ATIVA,RUIM,5.4,True,False,False,False,True,False,True,3,HIPERTENSAO,Budesonida,1,ALTA,87.8,4.1,207.7,137.4,56.7,68.2,1.06,13.4,2024-03-11,40.8,MUITO_ALTO,Hipertensão arterial sistêmica controlada (simulado),SEM_INTERCORRENCIA,False,test,SYNTHETIC,True
SYN-03C72BA8D6054770,33,F,Alto de Orvalimar,TO,55.4,152.7,23.76,107,72,69,36.5,False,True,True,Hipertensão; Doença cardiovascular,NUNCA_FUMOU,ELEVADO,MODERADA,REGULAR,9.0,False,False,False,False,False,False,False,0,SEM_CONDICAO_CRONICA,,0,NAO_SE_APLICA,78.2,4.9,126.6,39.0,60.8,134.1,0.58,13.1,2024-12-13,3.0,BAIXO,Sem condição crônica identificada (simulado),EVENTO_CARDIOVASCULAR,True,test,SYNTHETIC,True
SYN-C0E9AB30ED2642E9,42,F,Alto de Jaquelanda,BA,47.5,151.9,20.59,111,67,54,37.0,True,False,False,Diabetes,NUNCA_FUMOU,MODERADO,MODERADA,BOA,6.8,False,False,False,False,False,False,False,0,SEM_CONDICAO_CRONICA,,0,NAO_SE_APLICA,100.2,5.0,168.7,88.8,47.5,162.0,0.84,13.5,2024-02-25,3.8,BAIXO,Sem condição crônica identificada (simulado),SEM_INTERCORRENCIA,False,train,SYNTHETIC,True
SYN-680AC07A2A934D62,70,F,Vale de Velmorém,PB,41.9,146.7,19.47,127,72,75,36.9,False,False,False,Sem histórico relevante,NUNCA_FUMOU,MODERADO,MODERADA,BOA,5.5,False,False,False,False,False,False,False,0,SEM_CONDICAO_CRONICA,,0,NAO_SE_APLICA,79.8,4.0,216.0,120.6,73.2,111.1,0.66,14.1,2023-07-25,28.4,ALTO,Sem condição crônica identificada (simulado),SEM_INTERCORRENCIA,False,train,SYNTHETIC,True
SYN-DD59BA7136B84481,42,F,Campo de Ibirorém,RN,70.1,152.9,29.98,128,65,80,36.5,False,True,False,Hipertensão,NUNCA_FUMOU,NENHUM,SEDENTARIO,RUIM,6.2,False,False,False,False,False,False,False,0,SEM_CONDICAO_CRONICA,,0,NAO_SE_APLICA,98.3,4.3,188.0,114.5,54.6,94.4,0.44,13.1,2024-05-04,15.4,MODERADO,Sem condição crônica identificada (simulado),SEM_INTERCORRENCIA,False,train,SYNTHETIC,True
SYN-2A25A8880F024AD0,61,M,Nova Quirelunda,AP,81.7,170.2,28.2,134,84,72,36.7,False,True,False,Hipertensão,NUNCA_FUMOU,NENHUM,ATIVA,RUIM,5.2,True,False,False,False,False,False,False,1,HIPERTENSAO,,0,NAO_SE_APLICA,89.9,4.7,234.6,167.0,53.1,72.3,0.93,15.8,2024-11-22,40.0,MUITO_ALTO,Hipertensão arterial sistêmica controlada (simulado),SEM_INTERCORRENCIA,False,validation,SYNTHETIC,True
SYN-63F2AE24FC3D4348,32,F,Barra de Pelvelha,MA,52.4,157.0,21.26,119,62,73,36.5,True,True,False,Diabetes; Hipertensão,NUNCA_FUMOU,ELEVADO,MODERADA,BOA,7.7,False,False,False,False,False,False,False,0,SEM_CONDICAO_CRONICA,,0,NAO_SE_APLICA,90.2,4.5,183.6,115.2,54.1,71.7,0.88,13.1,2024-04-19,2.2,BAIXO,Sem condição crônica identificada (simulado),SEM_INTERCORRENCIA,False,train,SYNTHETIC,True
SYN-C8FE3CCDC8B849C6,45,M,Serra de Pelvorém,TO,91.9,175.6,29.8,102,69,81,36.3,False,False,False,Sem histórico relevante,NUNCA_FUMOU,ELEVADO,MODERADA,REGULAR,5.9,False,False,False,False,False,False,False,0,SEM_CONDICAO_CRONICA,,0,NAO_SE_APLICA,95.9,5.1,186.0,104.3,55.4,131.7,1.15,14.9,2024-02-22,5.3,BAIXO,Sem condição crônica identificada (simulado),SEM_INTERCORRENCIA,False,train,SYNTHETIC,True
SYN-B253D2186C4A47EA,32,F,Lago de Zanvelha,RR,62.2,158.3,24.82,118,81,64,37.3,False,False,False,Sem histórico relevante,EX_FUMANTE,MODERADO,MODERADA,RUIM,7.2,False,False,False,False,False,False,False,0,SEM_CONDICAO_CRONICA,,0,NAO_SE_APLICA,89.5,4.6,218.6,123.1,59.5,180.2,0.53,13.3,2024-03-24,6.8,BAIXO,Sem condição crônica identificada (simulado),SEM_INTERCORRENCIA,False,train,SYNTHETIC,True
SYN-C88A618EFED4457D,42,M,Lago de Quirelério,ES,84.8,174.2,27.94,110,60,92,36.4,False,False,False,Sem histórico relevante,FUMANTE_ATUAL,MODERADO,SEDENTARIO,BOA,8.2,True,False,True,False,False,False,False,2,HIPERTENSAO,Hidroclorotiazida,1,ALTA,84.9,4.9,211.3,125.2,60.0,130.7,0.78,15.5,2023-02-21,18.9,MODERADO,Hipertensão arterial sistêmica controlada (simulado),SEM_INTERCORRENCIA,False,train,SYNTHETIC,True
SYN-7C967F79B7E94ACA,62,F,Nova Quirelunda,AP,75.5,163.3,28.31,138,89,67,36.7,False,True,False,Hipertensão,NUNCA_FUMOU,MODERADO,SEDENTARIO,REGULAR,6.3,True,False,False,False,False,False,False,1,HIPERTENSAO,Hidroclorotiazida,1,MEDIA,83.5,4.5,193.1,132.6,41.1,96.8,0.93,13.7,2023-01-18,26.1,ALTO,Hipertensão arterial sistêmica controlada (simulado),SEM_INTERCORRENCIA,False,train,SYNTHETIC,True
SYN-37BB3EEC4BF54B52,19,F,Vale de Velminel,PR,54.8,158.5,21.81,114,69,71,36.1,False,False,False,Sem histórico relevante,NUNCA_FUMOU,NENHUM,MODERADA,REGULAR,6.7,False,False,True,False,False,False,False,1,DISLIPIDEMIA,Sinvastatina,1,ALTA,93.8,4.7,184.6,101.9,42.1,202.8,0.61,12.1,2024-03-10,2.4,BAIXO,Dislipidemia com LDL na meta (simulado),SEM_INTERCORRENCIA,False,train,SYNTHETIC,True
SYN-BC594585944548C0,55,M,Nova Belvunda,RS,65.5,162.7,24.74,128,63,82,36.8,False,True,False,Hipertensão,NUNCA_FUMOU,ELEVADO,SEDENTARIO,RUIM,5.6,False,False,False,False,False,False,False,0,SEM_CONDICAO_CRONICA,,0,NAO_SE_APLICA,72.8,4.5,195.1,140.0,36.3,93.8,1.17,15.0,2023-12-16,18.4,MODERADO,Sem condição crônica identificada (simulado),SEM_INTERCORRENCIA,False,train,SYNTHETIC,True
SYN-504867BABF7B439B,52,M,Vale de Quirelorém,PB,91.5,183.6,27.14,104,57,74,36.2,False,False,False,Sem histórico relevante,FUMANTE_ATUAL,MODERADO,SEDENTARIO,RUIM,6.6,False,True,False,False,False,False,False,1,DIABETES_TIPO_2,Metformina,1,ALTA,164.6,7.4,228.3,125.4,48.0,274.4,1.09,15.3,2024-12-21,43.8,MUITO_ALTO,Diabetes mellitus tipo 2 descompensado (simulado),SEM_INTERCORRENCIA,False,validation,SYNTHETIC,True
SYN-7A0ECFEA958C49BA,38,M,Campo de Quirelival,PI,79.0,168.2,27.92,109,68,98,38.6,False,False,False,Sem histórico relevante,EX_FUMANTE,MODERADO,SEDENTARIO,BOA,9.8,False,False,False,False,False,False,True,1,INFECCAO_RESPIRATORIA_AGUDA,Amoxicilina,1,ALTA,91.9,5.1,165.5,103.6,39.1,114.0,1.05,16.3,2023-12-15,10.5,MODERADO,Infecção respiratória aguda (simulado),SEM_INTERCORRENCIA,False,test,SYNTHETIC,True
SYN-87F7E1FBDA4B49CA,23,F,Barra de Norvanda,RJ,65.8,178.0,20.77,110,69,69,37.1,True,False,False,Diabetes,NUNCA_FUMOU,NENHUM,MODERADA,REGULAR,7.9,False,False,False,False,False,False,False,0,SEM_CONDICAO_CRONICA,,0,NAO_SE_APLICA,85.9,5.0,155.0,58.4,67.4,145.8,0.58,12.2,2024-09-05,2.3,BAIXO,Sem condição crônica identificada (simulado),SEM_INTERCORRENCIA,False,train,SYNTHETIC,True
SYN-82010C62F5F54B22,49,F,Vila Relvunda,CE,80.6,165.9,29.28,125,66,77,36.8,False,True,False,Hipertensão,NUNCA_FUMOU,NENHUM,SEDENTARIO,RUIM,6.7,False,True,False,False,False,False,False,1,DIABETES_TIPO_2,Metformina,1,ALTA,94.9,4.8,164.9,79.7,48.5,183.6,0.84,13.7,2024-04-26,23.0,ALTO,Diabetes mellitus tipo 2 compensado (simulado),SEM_INTERCORRENCIA,False,train,SYNTHETIC,True
SYN-118A9D292F924996,39,M,Alto de Falvinel,AL,55.5,174.1,18.31,113,67,68,36.6,True,True,False,Diabetes; Hipertensão,FUMANTE_ATUAL,NENHUM,ATIVA,REGULAR,6.3,False,False,False,False,False,False,False,0,SEM_CONDICAO_CRONICA,,0,NAO_SE_APLICA,83.0,4.5,124.6,39.8,61.7,115.3,1.19,14.5,2023-08-10,5.2,BAIXO,Sem condição crônica identificada (simulado),SEM_INTERCORRENCIA,False,validation,SYNTHETIC,True
SYN-DCA02EECACDA4ACC,52,F,Vila Urvalalena,RO,81.4,162.4,30.86,117,77,74,36.5,False,True,False,Hipertensão,FUMANTE_ATUAL,MODERADO,SEDENTARIO,RUIM,7.0,True,False,False,True,False,False,False,2,HIPERTENSAO,Enalapril,1,BAIXA,89.9,5.1,237.3,171.1,41.5,123.3,0.82,13.4,2024-09-22,51.0,MUITO_ALTO,Hipertensão arterial sistêmica controlada (simulado),SEM_INTERCORRENCIA,False,train,SYNTHETIC,True
SYN-F10C718B1EB0438A,48,M,Serra de Lumiralena,AP,75.2,166.5,27.13,140,88,92,36.6,False,False,False,Sem histórico relevante,NUNCA_FUMOU,MODERADO,MODERADA,RUIM,7.1,True,False,False,False,False,False,False,1,HIPERTENSAO,Enalapril; Losartana,2,MEDIA,80.3,4.0,169.0,88.8,57.6,112.8,0.98,13.7,2023-03-11,14.3,MODERADO,Hipertensão arterial sistêmica não controlada (simulado),SEM_INTERCORRENCIA,False,test,SYNTHETIC,True
SYN-94340A033F074814,75,M,Alto de Lumirimar,MS,61.5,165.2,22.53,145,82,86,38.2,False,False,False,Sem histórico relevante,FUMANTE_ATUAL,NENHUM,SEDENTARIO,REGULAR,6.5,True,True,True,False,True,False,True,5,DIABETES_TIPO_2,Hidroclorotiazida; Anlodipino; Atorvastatina; Amoxicilina; Paracetamol,5,ALTA,107.6,5.3,197.3,98.9,55.3,215.5,1.04,14.8,2024-05-23,81.7,MUITO_ALTO,Diabetes mellitus tipo 2 compensado (simulado),INTERNACAO,True,train,SYNTHETIC,True
SYN-14FCDD549E8F4965,44,M,Vila Urvalério,GO,79.3,184.1,23.4,114,71,51,36.6,False,True,False,Hipertensão,NUNCA_FUMOU,MODERADO,MODERADA,REGULAR,7.6,False,False,True,False,False,False,False,1,DISLIPIDEMIA,Atorvastatina,1,ALTA,88.9,4.6,235.2,154.0,41.9,196.7,0.77,15.1,2023-12-03,14.6,MODERADO,Dislipidemia com LDL na meta (simulado),SEM_INTERCORRENCIA,False,train,SYNTHETIC,True
SYN-90B2B633956B4C0C,31,M,Vale de Cendrorém,SE,86.6,172.8,29.0,116,77,65,36.9,False,False,False,Sem histórico relevante,NUNCA_FUMOU,ELEVADO,MODERADA,RUIM,6.0,False,True,False,False,False,False,False,1,DIABETES_TIPO_2,Metformina,1,ALTA,77.9,4.5,183.4,93.7,51.4,191.4,0.78,13.8,2024-06-12,8.2,BAIXO,Diabetes mellitus tipo 2 compensado (simulado),SEM_INTERCORRENCIA,False,validation,SYNTHETIC,True
SYN-42C18A62EF4848D5,51,M,Vale de Quirelorém,PB,63.9,179.9,19.74,117,75,73,36.3,False,False,False,Sem histórico relevante,EX_FUMANTE,NENHUM,MODERADA,REGULAR,5.9,False,False,False,False,False,False,False,0,SEM_CONDICAO_CRONICA,,0,NAO_SE_APLICA,102.0,4.9,203.8,144.3,49.4,50.6,0.89,16.2,2023-03-14,9.6,BAIXO,Sem condição crônica identificada (simulado),SEM_INTERCORRENCIA,False,train,SYNTHETIC,True
SYN-506E5A9AB758488D,52,F,Barra de Mirvério,MT,61.4,166.5,22.15,129,81,73,37.1,False,True,True,Hipertensão; Doença cardiovascular,NUNCA_FUMOU,MODERADO,SEDENTARIO,REGULAR,7.4,False,False,False,False,False,False,False,0,SEM_CONDICAO_CRONICA,,0,NAO_SE_APLICA,82.0,4.9,150.0,71.2,56.7,110.5,0.6,11.7,2023-05-28,12.8,MODERADO,Sem condição crônica identificada (simulado),SEM_INTERCORRENCIA,False,train,SYNTHETIC,True
SYN-21813D25655248A6,71,F,Nova Velmério,RJ,72.2,163.3,27.07,127,77,85,36.5,False,True,False,Hipertensão,NUNCA_FUMOU,MODERADO,SEDENTARIO,REGULAR,5.7,False,False,False,False,False,False,False,0,SEM_CONDICAO_CRONICA,,0,NAO_SE_APLICA,89.4,4.5,236.6,154.4,63.6,93.0,0.69,13.7,2023-08-06,33.2,ALTO,Sem condição crônica identificada (simulado),SEM_INTERCORRENCIA,False,train,SYNTHETIC,True
SYN-750CAB754CCC4BC2,62,M,Barra de Norvanda,RJ,113.2,175.0,36.96,135,81,103,38.6,False,True,True,Hipertensão; Doença cardiovascular,FUMANTE_ATUAL,NENHUM,SEDENTARIO,RUIM,7.8,True,True,False,True,False,False,True,4,DIABETES_TIPO_2,Losartana; Glibenclamida; Amoxicilina,3,ALTA,159.3,7.0,196.4,114.2,48.8,167.0,0.74,12.4,2024-02-18,88.3,MUITO_ALTO,Diabetes mellitus tipo 2 descompensado (simulado),SEM_INTERCORRENCIA,False,train,SYNTHETIC,True
SYN-EF8C485BC07A40F2,54,F,Vale de Velminel,PR,66.4,162.4,25.18,121,74,73,36.7,True,False,False,Diabetes,EX_FUMANTE,MODERADO,SEDENTARIO,RUIM,7.0,False,True,True,False,False,False,False,2,DIABETES_TIPO_2,Metformina; Atorvastatina,2,MEDIA,182.1,7.7,186.6,82.7,56.6,236.5,0.71,12.9,2024-11-02,25.5,ALTO,Diabetes mellitus tipo 2 descompensado (simulado),SEM_INTERCORRENCIA,False,train,SYNTHETIC,True
SYN-9F044AED75524327,73,F,Campo de Quirelival,PI,79.5,161.1,30.63,127,72,61,36.7,True,False,True,Diabetes; Doença cardiovascular,NUNCA_FUMOU,MODERADO,SEDENTARIO,RUIM,5.0,False,True,False,True,False,False,False,2,DIABETES_TIPO_2,,0,NAO_SE_APLICA,167.2,7.9,175.7,60.1,55.0,303.0,0.96,13.7,2024-10-25,69.3,MUITO_ALTO,Diabetes mellitus tipo 2 descompensado (simulado),SEM_INTERCORRENCIA,False,train,SYNTHETIC,True
SYN-19985F15FF004D4D,28,F,Nova Quirelunda,AP,59.4,156.7,24.19,107,72,60,36.1,False,False,False,Sem histórico relevante,NUNCA_FUMOU,NENHUM,MODERADA,REGULAR,7.1,False,False,False,False,False,False,False,0,SEM_CONDICAO_CRONICA,,0,NAO_SE_APLICA,90.0,4.0,227.5,163.1,44.6,99.0,0.66,13.9,2024-04-22,5.7,BAIXO,Sem condição crônica identificada (simulado),SEM_INTERCORRENCIA,False,train,SYNTHETIC,True
SYN-8181A8CC369147EB,37,M,Serra de Solvunda,AL,66.5,176.1,21.44,91,50,72,36.5,False,False,False,Sem histórico relevante,EX_FUMANTE,NENHUM,MODERADA,REGULAR,5.1,False,False,False,False,False,False,False,0,SEM_CONDICAO_CRONICA,,0,NAO_SE_APLICA,87.7,5.3,167.4,81.4,46.6,197.2,0.9,14.7,2023-03-25,2.3,BAIXO,Sem condição crônica identificada (simulado),SEM_INTERCORRENCIA,False,test,SYNTHETIC,True
SYN-5958A499EEEA463E,32,M,Vila Mirvanda,PB,70.1,168.5,24.69,116,67,53,35.9,True,False,False,Diabetes,NUNCA_FUMOU,ELEVADO,ATIVA,RUIM,7.8,False,False,True,False,False,False,False,1,DISLIPIDEMIA,Atorvastatina,1,ALTA,84.7,5.1,164.9,101.7,42.1,105.3,1.01,14.6,2024-07-26,3.6,BAIXO,Dislipidemia com LDL na meta (simulado),SEM_INTERCORRENCIA,False,train,SYNTHETIC,True
SYN-3E896C64E1174AC3,41,M,Nova Quirelunda,AP,61.6,169.7,21.39,125,74,72,36.4,True,False,False,Diabetes,FUMANTE_ATUAL,NENHUM,MODERADA,BOA,6.7,False,False,False,False,False,False,False,0,SEM_CONDICAO_CRONICA,,0,NAO_SE_APLICA,111.6,5.3,173.3,96.1,46.8,151.9,1.16,15.4,2024-09-12,15.5,MODERADO,Sem condição crônica identificada (simulado),SEM_INTERCORRENCIA,False,train,SYNTHETIC,True
SYN-702CDD20286248B8,25,F,Barra de Orvalival,RR,58.6,159.2,23.12,116,72,89,36.4,True,False,False,Diabetes,EX_FUMANTE,MODERADO,SEDENTARIO,REGULAR,9.0,False,False,False,False,False,False,False,0,SEM_CONDICAO_CRONICA,,0,NAO_SE_APLICA,89.9,5.1,180.3,94.0,62.1,120.9,0.96,14.2,2024-01-31,2.8,BAIXO,Sem condição crônica identificada (simulado),SEM_INTERCORRENCIA,False,validation,SYNTHETIC,True
SYN-4D71C366B41B4143,59,F,Vale de Cendrimar,PI,62.6,170.3,21.58,126,78,79,36.7,False,False,False,Sem histórico relevante,NUNCA_FUMOU,MODERADO,SEDENTARIO,RUIM,8.2,False,False,False,False,False,False,False,0,SEM_CONDICAO_CRONICA,,0,NAO_SE_APLICA,91.8,4.9,202.9,129.6,51.9,106.8,0.84,14.6,2023-02-18,19.4,MODERADO,Sem condição crônica identificada (simulado),SEM_INTERCORRENCIA,False,validation,SYNTHETIC,True
SYN-CE9E1A11FCBB4E59,44,M,Vale de Quirelorém,PB,70.2,159.2,27.7,117,80,76,36.4,True,False,False,Diabetes,NUNCA_FUMOU,ELEVADO,SEDENTARIO,RUIM,5.8,False,False,False,False,False,False,False,0,SEM_CONDICAO_CRONICA,,0,NAO_SE_APLICA,80.4,5.0,205.0,145.9,20.4,193.6,0.93,13.5,2023-05-03,16.5,MODERADO,Sem condição crônica identificada (simulado),SEM_INTERCORRENCIA,False,train,SYNTHETIC,True
SYN-AAF91531020041F0,23,F,Barra de Solvunda,RR,71.4,160.5,27.72,109,68,63,36.4,False,False,False,Sem histórico relevante,EX_FUMANTE,MODERADO,MODERADA,RUIM,4.8,False,False,False,False,False,False,False,0,SEM_CONDICAO_CRONICA,,0,NAO_SE_APLICA,98.6,5.4,190.8,125.1,46.6,95.5,0.63,13.0,2024-08-12,2.6,BAIXO,Sem condição crônica identificada (simulado),SEM_INTERCORRENCIA,False,train,SYNTHETIC,True
SYN-EE87905E4CA445EA,31,M,Vila Mirvanda,PB,70.1,170.2,24.2,125,70,72,37.0,False,False,False,Sem histórico relevante,FUMANTE_ATUAL,ELEVADO,ATIVA,RUIM,6.2,False,False,False,False,True,False,False,1,ASMA,Budesonida,1,BAIXA,88.7,5.5,205.5,114.7,57.2,167.9,0.98,12.6,2023-04-20,9.2,BAIXO,Asma (simulado),SEM_INTERCORRENCIA,False,train,SYNTHETIC,True
SYN-E0CCEDC5F05D476E,53,M,Serra de Zanvival,SP,82.1,167.5,29.26,128,76,70,37.2,True,False,False,Diabetes,NUNCA_FUMOU,MODERADO,MODERADA,REGULAR,5.7,False,False,False,False,False,False,False,0,SEM_CONDICAO_CRONICA,,0,NAO_SE_APLICA,95.1,4.4,182.6,117.3,42.1,116.2,0.98,13.4,2023-09-05,31.5,ALTO,Sem condição crônica identificada (simulado),SEM_INTERCORRENCIA,False,train,SYNTHETIC,True
SYN-E3C436571D8C4BAC,62,F,Barra de Falvelha,GO,73.6,154.7,30.75,157,90,78,36.3,False,False,True,Doença cardiovascular,NUNCA_FUMOU,NENHUM,SEDENTARIO,RUIM,9.0,True,False,False,True,False,False,False,2,HIPERTENSAO,,0,NAO_SE_APLICA,99.6,5.2,257.8,180.8,56.1,104.4,0.82,12.5,2024-07-13,77.5,MUITO_ALTO,Hipertensão arterial sistêmica não controlada (simulado),SEM_INTERCORRENCIA,False,test,SYNTHETIC,True
SYN-27CB6F2A8DA04097,82,F,Lago de Aurorém,DF,69.2,162.5,26.21,121,76,83,36.9,False,False,False,Sem histórico relevante,EX_FUMANTE,NENHUM,SEDENTARIO,BOA,7.0,False,True,False,False,True,False,False,2,DIABETES_TIPO_2,Glibenclamida; Salbutamol,2,ALTA,140.1,5.9,188.1,128.6,41.1,92.1,0.91,14.1,2023-04-22,72.7,MUITO_ALTO,Diabetes mellitus tipo 2 compensado (simulado),INTERNACAO,True,train,SYNTHETIC,True
SYN-35EBD32D9AD640AB,36,F,Barra de Solvunda,RR,50.8,159.7,19.92,100,55,75,36.7,False,False,False,Sem histórico relevante,NUNCA_FUMOU,NENHUM,ATIVA,REGULAR,8.0,False,False,False,False,False,False,False,0,SEM_CONDICAO_CRONICA,,0,NAO_SE_APLICA,82.6,4.3,221.3,124.0,64.4,164.5,0.62,12.7,2023-11-10,5.9,BAIXO,Sem condição crônica identificada (simulado),SEM_INTERCORRENCIA,False,train,SYNTHETIC,True
SYN-AFFFCFD2341E440B,55,M,Lago de Pelvimar,PR,74.2,173.3,24.71,132,77,77,36.1,False,False,False,Sem histórico relevante,NUNCA_FUMOU,MODERADO,SEDENTARIO,REGULAR,6.7,True,False,True,False,False,False,False,2,HIPERTENSAO,Sinvastatina,1,BAIXA,69.0,4.8,204.7,111.7,46.9,230.7,0.73,14.5,2024-05-15,26.0,ALTO,Hipertensão arterial sistêmica controlada (simulado),SEM_INTERCORRENCIA,False,train,SYNTHETIC,True
SYN-81627CF1439442E6,31,M,Vale de Quirelorém,PB,53.5,179.6,16.59,97,69,80,36.4,False,False,False,Sem histórico relevante,FUMANTE_ATUAL,NENHUM,MODERADA,BOA,6.8,False,False,False,False,False,False,False,0,SEM_CONDICAO_CRONICA,,0,NAO_SE_APLICA,84.4,4.7,141.4,72.8,54.1,72.3,0.83,15.1,2024-01-01,3.3,BAIXO,Sem condição crônica identificada (simulado),SEM_INTERCORRENCIA,False,test,SYNTHETIC,True
SYN-E87D1C78E7C441C7,41,F,Vila Relvunda,CE,52.9,156.1,21.71,115,70,62,35.7,True,False,True,Diabetes; Doença cardiovascular,EX_FUMANTE,NENHUM,ATIVA,REGULAR,7.0,True,False,False,False,False,False,False,1,HIPERTENSAO,,0,NAO_SE_APLICA,83.0,4.9,138.7,59.5,55.1,120.6,0.93,12.5,2024-10-02,8.0,BAIXO,Hipertensão arterial sistêmica controlada (simulado),SEM_INTERCORRENCIA,False,train,SYNTHETIC,True
SYN-A260772317A04F49,53,M,Lago de Zanvelha,RR,82.7,177.7,26.19,125,68,89,36.7,False,False,False,Sem histórico relevante,FUMANTE_ATUAL,NENHUM,SEDENTARIO,BOA,8.2,False,False,False,False,False,False,False,0,SEM_CONDICAO_CRONICA,,0,NAO_SE_APLICA,80.0,4.6,198.7,124.9,50.0,119.2,1.17,12.8,2023-05-11,39.7,ALTO,Sem condição crônica identificada (simulado),SEM_INTERCORRENCIA,False,train,SYNTHETIC,True
SYN-0B49452D46D443F3,34,F,Nova Velmério,RJ,81.7,162.0,31.13,118,70,68,36.3,False,False,False,Sem histórico relevante,NUNCA_FUMOU,NENHUM,SEDENTARIO,BOA,7.3,False,False,False,True,False,False,False,1,OBESIDADE,,0,NAO_SE_APLICA,104.6,5.4,215.1,129.1,62.6,116.8,0.84,12.5,2024-02-23,7.6,BAIXO,Obesidade (simulado),SEM_INTERCORRENCIA,False,train,SYNTHETIC,True
SYN-217D65A0C56841CD,41,F,Serra de Falvalena,PB,78.9,168.5,27.79,117,58,74,36.6,True,True,False,Diabetes; Hipertensão,NUNCA_FUMOU,NENHUM,SEDENTARIO,REGULAR,5.8,False,False,True,False,False,False,False,1,DISLIPIDEMIA,Sinvastatina,1,ALTA,99.5,4.9,158.2,79.1,31.5,237.9,0.69,13.1,2023-09-22,10.5,MODERADO,Dislipidemia com LDL na meta (simulado),SEM_INTERCORRENCIA,False,train,SYNTHETIC,True
SYN-295D6FBF430F401D,38,M,Barra de Mirvival,RS,66.8,175.5,21.69,116,69,86,37.4,False,False,False,Sem histórico relevante,FUMANTE_ATUAL,MODERADO,MODERADA,RUIM,8.8,False,False,False,False,False,False,False,0,SEM_CONDICAO_CRONICA,,0,NAO_SE_APLICA,72.7,4.0,165.6,102.1,47.5,80.0,0.85,15.3,2024-02-14,8.8,BAIXO,Sem condição crônica identificada (simulado),SEM_INTERCORRENCIA,False,test,SYNTHETIC,True
SYN-B4A69F3C8D3A4D99,46,F,Barra de Mirvalena,AM,52.7,161.2,20.28,96,69,87,39.2,False,False,False,Sem histórico relevante,NUNCA_FUMOU,MODERADO,SEDENTARIO,REGULAR,6.7,False,False,False,False,False,False,True,1,INFECCAO_RESPIRATORIA_AGUDA,Amoxicilina,1,ALTA,90.2,4.6,198.2,153.6,35.7,44.3,0.97,13.0,2023-04-07,16.7,MODERADO,Infecção respiratória aguda (simulado),SEM_INTERCORRENCIA,False,train,SYNTHETIC,True
SYN-1CA3C448027946A6,66,F,Barra de Falvanda,AM,66.6,159.4,26.21,117,64,60,36.4,True,False,False,Diabetes,NUNCA_FUMOU,MODERADO,MODERADA,RUIM,6.5,False,False,False,False,False,False,False,0,SEM_CONDICAO_CRONICA,,0,NAO_SE_APLICA,82.9,4.0,201.3,128.0,48.3,124.9,0.72,13.7,2024-05-17,24.3,ALTO,Sem condição crônica identificada (simulado),SEM_INTERCORRENCIA,False,train,SYNTHETIC,True
SYN-B0E6A969E21342B0,51,M,Vila Mirvanda,PB,73.7,157.8,29.6,119,64,90,38.2,False,False,False,Sem histórico relevante,FUMANTE_ATUAL,MODERADO,SEDENTARIO,REGULAR,4.0,False,False,False,False,False,False,True,1,INFECCAO_RESPIRATORIA_AGUDA,Amoxicilina,1,MEDIA,94.5,4.9,173.0,111.1,36.0,129.3,1.0,15.7,2023-05-30,27.7,ALTO,Infecção respiratória aguda (simulado),SEM_INTERCORRENCIA,False,test,SYNTHETIC,True
SYN-093923DE8BAB4E3B,45,F,Alto de Orvalimar,TO,59.6,154.2,25.07,114,65,89,37.0,False,False,False,Sem histórico relevante,EX_FUMANTE,MODERADO,SEDENTARIO,REGULAR,7.7,False,False,False,False,False,False,False,0,SEM_CONDICAO_CRONICA,,0,NAO_SE_APLICA,82.8,4.6,151.2,81.9,51.4,89.6,0.97,14.3,2024-08-14,10.5,MODERADO,Sem condição crônica identificada (simulado),SEM_INTERCORRENCIA,False,train,SYNTHETIC,True
SYN-8D7248E2951F48D0,30,M,Serra de Zanvival,SP,82.0,174.1,27.05,98,67,59,36.3,False,False,False,Sem histórico relevante,FUMANTE_ATUAL,MODERADO,SEDENTARIO,REGULAR,7.1,False,False,False,False,False,False,False,0,SEM_CONDICAO_CRONICA,,0,NAO_SE_APLICA,85.7,4.4,189.7,126.2,46.4,85.6,0.92,15.0,2024-10-11,7.0,BAIXO,Sem condição crônica identificada (simulado),SEM_INTERCORRENCIA,False,train,SYNTHETIC,True
SYN-0AB54BDE20A04502,20,F,Campo de Falvalena,MG,52.1,162.7,19.68,92,67,68,36.9,False,True,False,Hipertensão,NUNCA_FUMOU,NENHUM,ATIVA,BOA,7.1,False,False,False,False,False,False,False,0,SEM_CONDICAO_CRONICA,,0,NAO_SE_APLICA,97.3,5.0,195.3,115.3,69.1,54.3,0.63,12.1,2023-09-06,1.0,BAIXO,Sem condição crônica identificada (simulado),SEM_INTERCORRENCIA,False,test,SYNTHETIC,True
SYN-EEDEDB07E6234689,40,F,Vale de Falvanda,PR,82.4,168.4,29.06,115,73,73,37.4,False,False,False,Sem histórico relevante,FUMANTE_ATUAL,ELEVADO,SEDENTARIO,REGULAR,6.6,False,False,False,False,False,False,False,0,SEM_CONDICAO_CRONICA,,0,NAO_SE_APLICA,98.4,5.2,198.8,122.5,54.4,109.4,0.89,12.0,2024-06-07,9.6,BAIXO,Sem condição crônica identificada (simulado),SEM_INTERCORRENCIA,False,train,SYNTHETIC,True
SYN-0A368CE7DC574131,47,F,Barra de Mirvalena,AM,46.3,159.9,18.11,120,63,70,36.8,True,True,False,Diabetes; Hipertensão,NUNCA_FUMOU,NENHUM,MODERADA,REGULAR,6.4,False,False,False,False,False,False,False,0,SEM_CONDICAO_CRONICA,,0,NAO_SE_APLICA,101.9,5.5,188.5,113.2,62.1,65.9,0.79,12.0,2024-02-04,5.9,BAIXO,Sem condição crônica identificada (simulado),SEM_INTERCORRENCIA,False,test,SYNTHETIC,True
SYN-AE9BEC3635C7436C,78,F,Barra de Pelvelha,MA,83.5,157.3,33.75,134,81,73,37.0,False,False,True,Doença cardiovascular,EX_FUMANTE,MODERADO,SEDENTARIO,REGULAR,6.6,False,True,False,True,False,False,False,2,DIABETES_TIPO_2,Metformina,1,MEDIA,113.5,5.2,170.6,79.8,39.3,257.4,0.93,12.1,2024-09-14,86.0,MUITO_ALTO,Diabetes mellitus tipo 2 compensado (simulado),SEM_INTERCORRENCIA,False,train,SYNTHETIC,True
SYN-5A8AAECA1A504EC3,50,F,Lago de Jaquelério,BA,57.1,165.1,20.95,132,88,88,36.9,False,False,True,Doença cardiovascular,FUMANTE_ATUAL,MODERADO,SEDENTARIO,BOA,7.5,True,False,False,False,False,False,False,1,HIPERTENSAO,Losartana,1,ALTA,75.9,4.0,197.8,113.0,61.5,116.7,0.97,13.3,2024-11-07,28.7,ALTO,Hipertensão arterial sistêmica controlada (simulado),SEM_INTERCORRENCIA,False,train,SYNTHETIC,True
SYN-DFED2C43E25646DC,65,F,Vale de Cendrimar,PI,73.1,154.8,30.51,123,73,76,36.4,False,False,False,Sem histórico relevante,NUNCA_FUMOU,NENHUM,SEDENTARIO,REGULAR,7.7,False,False,False,True,False,False,False,1,OBESIDADE,,0,NAO_SE_APLICA,99.7,5.4,201.7,159.8,20.0,109.5,0.54,15.1,2024-10-01,42.7,MUITO_ALTO,Obesidade (simulado),EVENTO_CARDIOVASCULAR,True,test,SYNTHETIC,True
SYN-BFDDC3D99EE34C2A,40,M,Vila Urvalelha,SP,74.3,175.2,24.21,111,68,81,36.7,True,True,False,Diabetes; Hipertensão,EX_FUMANTE,MODERADO,MODERADA,RUIM,6.7,False,False,False,False,False,False,False,0,SEM_CONDICAO_CRONICA,,0,NAO_SE_APLICA,98.1,5.3,154.2,67.7,60.7,129.0,0.99,15.0,2023-07-09,4.5,BAIXO,Sem condição crônica identificada (simulado),SEM_INTERCORRENCIA,False,train,SYNTHETIC,True
SYN-3C9AD14CEE0C4EB5,28,F,Nova Falvosa,RS,63.3,167.0,22.7,111,68,84,36.3,False,True,False,Hipertensão,NUNCA_FUMOU,NENHUM,MODERADA,REGULAR,8.0,False,False,False,False,False,False,False,0,SEM_CONDICAO_CRONICA,,0,NAO_SE_APLICA,95.1,5.4,171.7,83.8,68.1,98.9,0.61,13.1,2024-03-06,2.5,BAIXO,Sem condição crônica identificada (simulado),SEM_INTERCORRENCIA,False,train,SYNTHETIC,True
SYN-CCC56569F9E84369,32,F,Nova Ibiralena,RS,63.6,168.2,22.48,106,55,67,37.0,True,False,False,Diabetes,EX_FUMANTE,NENHUM,ATIVA,RUIM,6.9,False,False,False,False,False,False,False,0,SEM_CONDICAO_CRONICA,,0,NAO_SE_APLICA,82.7,5.0,198.1,111.7,67.8,92.8,0.69,14.2,2023-03-10,2.2,BAIXO,Sem condição crônica identificada (simulado),SEM_INTERCORRENCIA,False,train,SYNTHETIC,True
SYN-698C206FE1A44E10,36,F,Vale de Cendralena,MG,61.8,162.4,23.43,106,71,67,36.3,False,False,False,Sem histórico relevante,FUMANTE_ATUAL,NENHUM,ATIVA,REGULAR,6.4,False,False,False,False,False,False,False,0,SEM_CONDICAO_CRONICA,,0,NAO_SE_APLICA,80.0,5.3,181.2,79.5,81.1,102.9,0.75,12.4,2023-08-11,4.4,BAIXO,Sem condição crônica identificada (simulado),SEM_INTERCORRENCIA,False,validation,SYNTHETIC,True
SYN-ECAB3301BC8F4D29,84,F,Barra de Mirvalena,AM,67.8,156.8,27.58,132,84,75,36.8,False,True,True,Hipertensão; Doença cardiovascular,EX_FUMANTE,NENHUM,MODERADA,REGULAR,7.2,True,False,True,False,False,False,False,2,HIPERTENSAO,,0,NAO_SE_APLICA,95.5,4.9,182.7,80.2,39.8,313.5,0.84,14.2,2023-09-23,85.1,MUITO_ALTO,Hipertensão arterial sistêmica controlada (simulado),SEM_INTERCORRENCIA,False,train,SYNTHETIC,True
SYN-696608AAEE494329,34,F,Serra de Solvival,ES,71.8,160.7,27.8,106,54,77,36.9,False,False,True,Doença cardiovascular,NUNCA_FUMOU,NENHUM,MODERADA,REGULAR,5.5,False,False,False,False,True,False,False,1,ASMA,Budesonida,1,ALTA,82.7,5.1,164.7,71.7,63.0,149.9,0.75,14.2,2023-12-27,6.5,BAIXO,Asma (simulado),SEM_INTERCORRENCIA,False,train,SYNTHETIC,True
SYN-BC2CBB0DDD334CC7,62,M,Barra de Pelvelha,MA,100.8,179.8,31.18,150,80,62,36.5,True,True,False,Diabetes; Hipertensão,NUNCA_FUMOU,MODERADO,MODERADA,REGULAR,7.3,True,False,False,True,False,False,False,2,HIPERTENSAO,,0,NAO_SE_APLICA,88.8,4.4,174.0,104.9,45.2,119.3,1.08,14.9,2024-08-31,44.1,MUITO_ALTO,Hipertensão arterial sistêmica não controlada (simulado),SEM_INTERCORRENCIA,False,test,SYNTHETIC,True
SYN-28C13091444D410B,33,F,Nova Zanvinel,RR,58.6,156.4,23.96,124,68,77,36.4,True,False,False,Diabetes,FUMANTE_ATUAL,MODERADO,MODERADA,BOA,5.3,False,False,False,False,False,False,False,0,SEM_CONDICAO_CRONICA,,0,NAO_SE_APLICA,115.9,6.5,197.9,110.5,58.2,145.8,0.75,15.3,2023-01-14,6.7,BAIXO,Sem condição crônica identificada (simulado),SEM_INTERCORRENCIA,False,test,SYNTHETIC,True
SYN-61EE411A1BAC47A7,64,M,Nova Mirvorém,MS,112.6,184.1,33.22,133,85,77,36.5,False,True,False,Hipertensão,FUMANTE_ATUAL,MODERADO,SEDENTARIO,BOA,5.9,True,False,False,True,False,False,False,2,HIPERTENSAO,Enalapril; Losartana,2,MEDIA,111.2,5.7,267.4,199.9,29.5,190.1,1.06,15.9,2023-12-27,82.8,MUITO_ALTO,Hipertensão arterial sistêmica controlada (simulado),SEM_INTERCORRENCIA,False,train,SYNTHETIC,True
SYN-787F2425DBCC4477,55,M,Vale de Solvival,TO,59.5,157.1,24.11,102,58,66,36.3,True,True,True,Diabetes; Hipertensão; Doença cardiovascular,FUMANTE_ATUAL,MODERADO,ATIVA,REGULAR,4.8,False,False,False,False,False,False,False,0,SEM_CONDICAO_CRONICA,,0,NAO_SE_APLICA,96.9,5.2,194.8,115.7,55.6,117.3,1.0,14.8,2024-08-20,40.2,MUITO_ALTO,Sem condição crônica identificada (simulado),SEM_INTERCORRENCIA,False,test,SYNTHETIC,True
SYN-EB1FA9F2D10B41D0,45,F,Vale de Dorvimar,ES,65.1,154.2,27.38,125,77,61,36.6,True,True,False,Diabetes; Hipertensão,NUNCA_FUMOU,NENHUM,ATIVA,REGULAR,6.8,False,False,True,False,False,False,False,1,DISLIPIDEMIA,Sinvastatina,1,ALTA,84.6,4.9,158.5,64.5,64.1,149.4,0.76,13.1,2023-06-18,10.9,MODERADO,Dislipidemia com LDL na meta (simulado),SEM_INTERCORRENCIA,False,test,SYNTHETIC,True
SYN-D20EAC174E204D1A,47,F,Serra de Lumiralena,AP,82.4,172.2,27.79,117,70,70,36.3,False,False,False,Sem histórico relevante,NUNCA_FUMOU,NENHUM,SEDENTARIO,REGULAR,8.8,False,False,False,False,True,False,False,1,ASMA,,0,NAO_SE_APLICA,84.2,4.1,183.3,116.7,45.8,104.2,0.79,12.8,2024-08-09,12.3,MODERADO,Asma (simulado),SEM_INTERCORRENCIA,False,validation,SYNTHETIC,True
SYN-391184973A4342BA,37,F,Nova Norvério,AM,50.0,160.6,19.39,94,58,78,36.3,False,False,False,Sem histórico relevante,EX_FUMANTE,MODERADO,ATIVA,BOA,6.9,False,False,False,False,False,False,False,0,SEM_CONDICAO_CRONICA,,0,NAO_SE_APLICA,95.0,4.6,184.1,110.9,60.4,63.8,0.62,13.1,2023-02-26,3.6,BAIXO,Sem condição crônica identificada (simulado),SEM_INTERCORRENCIA,False,train,SYNTHETIC,True
SYN-6601DDD031704437,56,M,Serra de Solvival,ES,70.8,170.9,24.24,88,59,64,36.8,True,False,False,Diabetes,EX_FUMANTE,ELEVADO,ATIVA,BOA,7.7,False,False,False,False,False,False,False,0,SEM_CONDICAO_CRONICA,,0,NAO_SE_APLICA,103.3,5.3,212.6,149.5,40.2,114.5,1.17,14.7,2024-01-07,17.1,MODERADO,Sem condição crônica identificada (simulado),SEM_INTERCORRENCIA,False,train,SYNTHETIC,True
SYN-11C58EF0DD464C09,40,F,Alto de Orvalimar,TO,65.3,154.6,27.32,104,66,82,36.8,False,False,False,Sem histórico relevante,NUNCA_FUMOU,NENHUM,MODERADA,RUIM,9.6,False,False,False,False,False,False,False,0,SEM_CONDICAO_CRONICA,,0,NAO_SE_APLICA,86.0,4.7,225.8,154.3,52.4,95.3,0.74,12.9,2024-12-22,4.2,BAIXO,Sem condição crônica identificada (simulado),SEM_INTERCORRENCIA,False,validation,SYNTHETIC,True
SYN-59E4B67147744C58,27,M,Barra de Aurival,PE,64.2,167.2,22.96,101,62,68,36.5,False,True,False,Hipertensão,NUNCA_FUMOU,NENHUM,ATIVA,RUIM,7.4,False,False,False,False,False,False,False,0,SEM_CONDICAO_CRONICA,,0,NAO_SE_APLICA,85.4,5.3,224.7,146.3,60.6,88.8,0.85,14.6,2023-10-03,3.6,BAIXO,Sem condição crônica identificada (simulado),SEM_INTERCORRENCIA,False,validation,SYNTHETIC,True
SYN-ADF4E62D6651429E,26,M,Vila Relvunda,CE,79.3,173.7,26.28,96,62,66,36.1,False,True,False,Hipertensão,NUNCA_FUMOU,MODERADO,SEDENTARIO,REGULAR,6.2,False,False,False,False,False,False,False,0,SEM_CONDICAO_CRONICA,,0,NAO_SE_APLICA,91.1,4.5,194.4,114.2,51.8,142.2,0.94,13.6,2024-04-12,2.3,BAIXO,Sem condição crônica identificada (simulado),SEM_INTERCORRENCIA,False,validation,SYNTHETIC,True
SYN-54C63CD889454F27,51,M,Serra de Pelvorém,TO,84.2,162.9,31.73,147,88,78,37.0,False,True,False,Hipertensão,NUNCA_FUMOU,ELEVADO,SEDENTARIO,RUIM,6.3,True,False,False,True,False,False,False,2,HIPERTENSAO,,0,NAO_SE_APLICA,79.2,4.9,195.4,99.9,46.9,243.0,0.98,14.2,2023-05-07,27.9,ALTO,Hipertensão arterial sistêmica não controlada (simulado),SEM_INTERCORRENCIA,False,train,SYNTHETIC,True
SYN-E08596DB1D874966,75,M,Barra de Falvosa,PR,79.9,171.2,27.26,129,76,65,36.5,False,False,True,Doença cardiovascular,NUNCA_FUMOU,MODERADO,SEDENTARIO,REGULAR,7.0,True,True,True,False,False,False,False,3,DIABETES_TIPO_2,Anlodipino; Glibenclamida; Atorvastatina,3,MEDIA,102.6,5.1,259.0,158.5,51.6,244.5,1.24,13.2,2023-11-05,85.1,MUITO_ALTO,Diabetes mellitus tipo 2 compensado (simulado),EVENTO_CARDIOVASCULAR,True,validation,SYNTHETIC,True
SYN-94A1875D2DB64EDB,51,M,Barra de Xervunda,RJ,50.9,175.6,16.51,110,63,77,37.2,False,True,False,Hipertensão,NUNCA_FUMOU,NENHUM,MODERADA,RUIM,6.3,False,False,False,False,False,False,False,0,SEM_CONDICAO_CRONICA,,0,NAO_SE_APLICA,77.3,4.2,185.7,113.5,55.8,82.2,1.1,15.2,2023-02-25,7.8,BAIXO,Sem condição crônica identificada (simulado),SEM_INTERCORRENCIA,False,train,SYNTHETIC,True
SYN-09CB394243F54A85,46,F,Barra de Cendrimar,CE,87.6,163.6,32.73,143,96,74,36.6,False,False,False,Sem histórico relevante,NUNCA_FUMOU,NENHUM,SEDENTARIO,REGULAR,6.4,False,True,True,True,False,False,False,3,DIABETES_TIPO_2,Glibenclamida,1,ALTA,95.0,4.9,223.9,130.5,43.2,251.1,0.79,13.3,2023-03-26,47.6,MUITO_ALTO,Diabetes mellitus tipo 2 compensado (simulado),INTERNACAO,True,train,SYNTHETIC,True
SYN-587EF3446F3F420C,53,F,Alto de Falvelha,SC,62.3,162.1,23.71,138,78,78,36.6,False,True,False,Hipertensão,FUMANTE_ATUAL,MODERADO,ATIVA,RUIM,8.1,True,False,False,False,True,False,False,2,HIPERTENSAO,Budesonida,1,ALTA,92.1,4.7,189.4,93.8,64.1,157.6,0.91,13.1,2023-08-26,26.1,ALTO,Hipertensão arterial sistêmica controlada (simulado),SEM_INTERCORRENCIA,False,train,SYNTHETIC,True
SYN-6FB78271504D481F,70,F,Barra de Cendrunda,MG,65.9,163.5,24.65,123,82,89,36.5,True,True,False,Diabetes; Hipertensão,EX_FUMANTE,ELEVADO,SEDENTARIO,REGULAR,8.1,False,False,False,False,False,False,False,0,SEM_CONDICAO_CRONICA,,0,NAO_SE_APLICA,100.1,5.3,137.3,50.6,61.8,124.7,0.9,14.1,2024-12-18,16.4,MODERADO,Sem condição crônica identificada (simulado),SEM_INTERCORRENCIA,False,train,SYNTHETIC,True
SYN-1D9AF65982EC4F2D,52,M,Serra de Pelvorém,TO,68.8,177.1,21.94,116,65,63,36.7,False,True,False,Hipertensão,FUMANTE_ATUAL,MODERADO,SEDENTARIO,REGULAR,5.2,False,False,False,False,False,False,False,0,SEM_CONDICAO_CRONICA,,0,NAO_SE_APLICA,73.6,4.1,225.4,173.3,30.6,107.4,0.86,13.9,2024-11-16,43.4,MUITO_ALTO,Sem condição crônica identificada (simulado),SEM_INTERCORRENCIA,False,train,SYNTHETIC,True
SYN-30A900AD939B462D,41,M,Barra de Pelvelha,MA,61.6,164.7,22.71,117,75,83,40.1,True,True,False,Diabetes; Hipertensão,NUNCA_FUMOU,NENHUM,MODERADA,REGULAR,6.1,False,False,False,False,False,False,True,1,INFECCAO_RESPIRATORIA_AGUDA,Amoxicilina,1,MEDIA,75.8,4.0,204.3,147.3,34.5,112.7,1.06,14.1,2023-02-12,18.2,MODERADO,Infecção respiratória aguda (simulado),SEM_INTERCORRENCIA,False,train,SYNTHETIC,True
SYN-6FA17735B57243D0,67,M,Vila Orvalorém,PI,66.6,162.9,25.1,127,86,65,36.5,False,False,False,Sem histórico relevante,NUNCA_FUMOU,MODERADO,SEDENTARIO,REGULAR,6.5,False,False,True,False,False,False,False,1,DISLIPIDEMIA,Sinvastatina,1,MEDIA,94.1,4.8,147.9,98.9,30.0,95.0,0.83,13.3,2023-02-20,22.4,ALTO,Dislipidemia com LDL na meta (simulado),SEM_INTERCORRENCIA,False,test,SYNTHETIC,True
SYN-CE777F00ECF24E76,55,F,Vale de Quirelorém,PB,60.9,169.5,21.2,105,62,91,37.0,False,False,False,Sem histórico relevante,NUNCA_FUMOU,MODERADO,MODERADA,BOA,7.7,False,False,False,False,False,False,False,0,SEM_CONDICAO_CRONICA,,0,NAO_SE_APLICA,81.2,4.6,219.0,156.6,39.9,112.5,0.4,14.2,2024-05-17,14.5,MODERADO,Sem condição crônica identificada (simulado),SEM_INTERCORRENCIA,False,train,SYNTHETIC,True
SYN-F0B5156BB82C4074,74,M,Campo de Ibirorém,RN,73.3,175.8,23.72,135,75,72,36.6,False,True,False,Hipertensão,EX_FUMANTE,MODERADO,SEDENTARIO,BOA,8.3,True,False,False,False,False,False,False,1,HIPERTENSAO,Anlodipino,1,BAIXA,82.5,4.0,190.1,141.0,33.5,77.9,1.17,15.4,2024-11-24,47.8,MUITO_ALTO,Hipertensão arterial sistêmica controlada (simulado),SEM_INTERCORRENCIA,False,train,SYNTHETIC,True
SYN-3270E4FAABAE4F43,51,F,Barra de Dorvival,AP,63.9,158.0,25.6,110,65,55,37.0,False,False,False,Sem histórico relevante,NUNCA_FUMOU,MODERADO,ATIVA,REGULAR,10.0,False,False,False,False,True,False,False,1,ASMA,,0,NAO_SE_APLICA,99.3,5.3,217.1,135.1,56.3,128.6,0.85,14.5,2024-01-05,8.3,BAIXO,Asma (simulado),SEM_INTERCORRENCIA,False,train,SYNTHETIC,True
SYN-F2E9702D11E94DAA,27,F,Vila Cendranda,GO,86.5,163.1,32.52,110,68,107,38.3,False,False,False,Sem histórico relevante,EX_FUMANTE,NENHUM,MODERADA,RUIM,6.5,False,False,False,True,False,False,True,2,INFECCAO_RESPIRATORIA_AGUDA,Paracetamol,1,ALTA,86.9,5.1,187.9,100.0,66.6,106.6,0.74,14.8,2024-01-22,4.2,BAIXO,Infecção respiratória aguda (simulado),INTERNACAO,True,test,SYNTHETIC,True
SYN-9F871CE754874D4F,25,M,Barra de Cendrinel,MA,83.9,169.7,29.13,131,80,87,39.2,True,False,False,Diabetes,FUMANTE_ATUAL,NENHUM,SEDENTARIO,RUIM,6.5,False,False,False,False,True,False,True,2,INFECCAO_RESPIRATORIA_AGUDA,Salbutamol; Paracetamol,2,ALTA,87.1,5.2,147.0,77.3,39.1,153.1,1.06,14.4,2024-03-15,19.2,MODERADO,Infecção respiratória aguda (simulado),SEM_INTERCORRENCIA,False,train,SYNTHETIC,True
SYN-1FE771D6D9174793,76,F,Vale de Falvanda,PR,70.9,151.4,30.93,138,82,64,36.7,False,False,False,Sem histórico relevante,FUMANTE_ATUAL,MODERADO,SEDENTARIO,BOA,7.6,False,True,False,True,False,False,False,2,DIABETES_TIPO_2,Glibenclamida,1,BAIXA,107.4,5.5,200.1,132.7,35.4,159.9,0.89,12.5,2023-11-19,86.3,MUITO_ALTO,Diabetes mellitus tipo 2 compensado (simulado),INTERNACAO,True,test,SYNTHETIC,True
SYN-81D2C7DE4CE14B90,77,F,Vila Urvalalena,RO,72.5,167.5,25.84,131,75,66,36.5,False,False,True,Doença cardiovascular,NUNCA_FUMOU,MODERADO,SEDENTARIO,REGULAR,6.2,True,False,False,False,False,False,False,1,HIPERTENSAO,Enalapril,1,ALTA,88.5,4.1,174.6,106.0,53.5,75.6,0.85,11.4,2024-06-28,42.1,MUITO_ALTO,Hipertensão arterial sistêmica controlada (simulado),SEM_INTERCORRENCIA,False,test,SYNTHETIC,True
SYN-5380B904688C4015,45,M,Barra de Tavrival,SE,65.5,168.1,23.18,127,87,68,36.9,True,False,False,Diabetes,NUNCA_FUMOU,ELEVADO,ATIVA,BOA,6.8,False,True,True,False,False,False,False,2,DIABETES_TIPO_2,Metformina,1,ALTA,132.4,6.5,187.8,103.2,50.3,171.4,1.07,13.7,2023-03-31,21.8,ALTO,Diabetes mellitus tipo 2 compensado (simulado),SEM_INTERCORRENCIA,False,validation,SYNTHETIC,True
SYN-8DEDF9FB4BB04F20,41,F,Campo de Mirvosa,PA,66.1,160.1,25.79,115,68,72,36.6,False,False,True,Doença cardiovascular,NUNCA_FUMOU,MODERADO,MODERADA,REGULAR,6.5,False,False,False,False,True,False,False,1,ASMA,,0,NAO_SE_APLICA,79.3,4.7,209.7,111.9,49.0,243.8,0.67,12.9,2023-02-13,9.1,BAIXO,Asma (simulado),SEM_INTERCORRENCIA,False,train,SYNTHETIC,True
SYN-AA38D0A16BA24EFE,73,F,Alto de Falvelha,SC,63.3,156.0,26.01,108,62,68,36.3,False,False,True,Doença cardiovascular,NUNCA_FUMOU,NENHUM,SEDENTARIO,RUIM,4.1,False,True,True,False,False,False,False,2,DIABETES_TIPO_2,Metformina,1,MEDIA,65.2,4.0,250.2,184.9,46.7,93.2,0.85,11.1,2023-02-22,71.3,MUITO_ALTO,Diabetes mellitus tipo 2 compensado (simulado),SEM_INTERCORRENCIA,False,validation,SYNTHETIC,True
SYN-BF85BF0EAD64456C,29,F,Lago de Pelvimar,PR,65.5,168.3,23.12,123,78,72,35.9,False,False,False,Sem histórico relevante,EX_FUMANTE,NENHUM,SEDENTARIO,REGULAR,7.1,False,False,False,False,False,False,False,0,SEM_CONDICAO_CRONICA,,0,NAO_SE_APLICA,100.0,5.1,222.5,138.9,61.6,110.2,0.74,12.1,2023-06-12,5.0,BAIXO,Sem condição crônica identificada (simulado),SEM_INTERCORRENCIA,False,train,SYNTHETIC,True
SYN-91B0E1D99D9242AF,33,F,Nova Ibiralena,RS,67.7,165.5,24.72,108,71,67,37.1,False,True,True,Hipertensão; Doença cardiovascular,NUNCA_FUMOU,MODERADO,ATIVA,BOA,6.8,False,False,False,False,False,False,False,0,SEM_CONDICAO_CRONICA,,0,NAO_SE_APLICA,109.1,5.6,171.2,107.6,48.3,76.6,0.76,13.1,2024-02-03,5.8,BAIXO,Sem condição crônica identificada (simulado),SEM_INTERCORRENCIA,False,test,SYNTHETIC,True
SYN-D56F03508C454CE2,59,M,Campo de Zanvosa,ES,84.8,167.0,30.41,100,72,88,36.5,False,False,False,Sem histórico relevante,EX_FUMANTE,NENHUM,SEDENTARIO,BOA,8.4,False,False,False,True,False,False,False,1,OBESIDADE,,0,NAO_SE_APLICA,79.1,5.0,165.6,98.7,25.0,209.5,0.99,15.7,2023-07-11,23.0,ALTO,Obesidade (simulado),SEM_INTERCORRENCIA,False,train,SYNTHETIC,True
SYN-35CE884149734D6C,41,M,Nova Esmirimar,ES,81.0,177.7,25.65,97,72,75,36.4,True,False,False,Diabetes,NUNCA_FUMOU,MODERADO,MODERADA,RUIM,7.0,False,False,False,False,False,False,False,0,SEM_CONDICAO_CRONICA,,0,NAO_SE_APLICA,93.1,4.8,209.3,128.2,51.2,149.3,0.9,14.1,2024-03-13,4.4,BAIXO,Sem condição crônica identificada (simulado),SEM_INTERCORRENCIA,False,validation,SYNTHETIC,True
SYN-9B4E2C24947941E6,48,F,Serra de Solvunda,AL,49.2,157.7,19.78,125,76,70,36.4,True,True,False,Diabetes; Hipertensão,FUMANTE_ATUAL,NENHUM,MODERADA,REGULAR,5.6,False,False,True,False,False,False,False,1,DISLIPIDEMIA,,0,NAO_SE_APLICA,87.0,5.0,199.9,120.9,50.5,142.4,0.65,13.3,2023-01-14,21.0,ALTO,Dislipidemia com LDL na meta (simulado),INTERNACAO,True,train,SYNTHETIC,True
SYN-7118E36477094749,45,F,Nova Ibiralena,RS,69.9,163.7,26.08,102,61,77,37.0,True,False,False,Diabetes,FUMANTE_ATUAL,NENHUM,SEDENTARIO,RUIM,6.7,False,False,False,False,True,False,False,1,ASMA,,0,NAO_SE_APLICA,89.4,4.9,184.3,87.0,66.0,156.6,0.68,15.1,2023-11-14,11.9,MODERADO,Asma (simulado),SEM_INTERCORRENCIA,False,train,SYNTHETIC,True
SYN-82DC4C8E36B5429A,54,F,Barra de Mirvunda,AM,47.6,161.2,18.32,126,62,79,36.5,False,False,False,Sem histórico relevante,NUNCA_FUMOU,MODERADO,MODERADA,BOA,4.7,False,False,True,False,False,False,False,1,DISLIPIDEMIA,,0,NAO_SE_APLICA,81.2,4.5,240.3,157.9,54.6,139.2,1.02,11.4,2023-04-18,11.1,MODERADO,Dislipidemia com LDL na meta (simulado),SEM_INTERCORRENCIA,False,test,SYNTHETIC,True
SYN-F5B78CC7E6B34944,72,M,Serra de Dorvorém,RO,93.8,184.2,27.65,129,71,109,37.9,False,True,False,Hipertensão,FUMANTE_ATUAL,NENHUM,SEDENTARIO,REGULAR,5.7,False,False,False,False,False,False,True,1,INFECCAO_RESPIRATORIA_AGUDA,Paracetamol,1,ALTA,97.5,5.5,194.3,128.3,42.1,119.4,1.05,15.9,2023-07-30,66.0,MUITO_ALTO,Infecção respiratória aguda (simulado),INTERNACAO,True,train,SYNTHETIC,True
SYN-A8AA71582B704525,50,M,Alto de Lumiralena,PB,73.3,163.8,27.32,124,76,66,36.5,True,False,False,Diabetes,NUNCA_FUMOU,MODERADO,SEDENTARIO,REGULAR,7.7,False,False,False,False,False,False,False,0,SEM_CONDICAO_CRONICA,,0,NAO_SE_APLICA,96.9,4.7,175.3,106.1,50.1,95.6,1.01,15.2,2024-04-17,9.8,BAIXO,Sem condição crônica identificada (simulado),SEM_INTERCORRENCIA,False,test,SYNTHETIC,True
SYN-A9F2533683F449A9,59,M,Serra de Relvorém,RR,75.7,176.7,24.25,116,63,77,36.2,False,False,False,Sem histórico relevante,EX_FUMANTE,MODERADO,ATIVA,RUIM,6.7,False,False,False,False,False,False,False,0,SEM_CONDICAO_CRONICA,,0,NAO_SE_APLICA,112.5,5.6,159.3,103.3,37.0,94.8,0.85,16.1,2023-01-10,26.9,ALTO,Sem condição crônica identificada (simulado),SEM_INTERCORRENCIA,False,validation,SYNTHETIC,True
SYN-17E8392A55CE45DB,59,F,Nova Quirelunda,AP,67.1,159.7,26.31,128,67,72,36.9,False,False,False,Sem histórico relevante,FUMANTE_ATUAL,MODERADO,MODERADA,REGULAR,8.0,False,False,False,False,False,False,False,0,SEM_CONDICAO_CRONICA,,0,NAO_SE_APLICA,78.4,4.4,218.8,140.3,59.0,97.3,1.13,14.2,2024-07-16,46.5,MUITO_ALTO,Sem condição crônica identificada (simulado),EVENTO_CARDIOVASCULAR,True,test,SYNTHETIC,True
SYN-3C20592FC04A46C4,47,F,Lago de Quirelério,ES,66.0,162.9,24.87,124,74,52,36.9,False,True,False,Hipertensão,EX_FUMANTE,MODERADO,ATIVA,REGULAR,4.8,True,False,False,False,False,False,False,1,HIPERTENSAO,Enalapril,1,ALTA,74.2,4.0,177.5,97.8,57.7,110.0,0.67,12.5,2023-07-14,12.3,MODERADO,Hipertensão arterial sistêmica controlada (simulado),SEM_INTERCORRENCIA,False,test,SYNTHETIC,True
SYN-CE7AE7F639824CFF,34,F,Vila Cendranda,GO,58.1,153.6,24.63,109,71,56,36.4,False,True,True,Hipertensão; Doença cardiovascular,EX_FUMANTE,MODERADO,MODERADA,REGULAR,6.7,False,False,False,False,False,False,False,0,SEM_CONDICAO_CRONICA,,0,NAO_SE_APLICA,108.4,5.8,199.9,123.5,65.2,56.1,0.58,13.2,2024-09-21,3.8,BAIXO,Sem condição crônica identificada (simulado),SEM_INTERCORRENCIA,False,test,SYNTHETIC,True
SYN-0BD4A99006404E0F,27,M,Alto de Lumirimar,MS,58.6,173.0,19.58,95,57,88,36.6,False,False,False,Sem histórico relevante,NUNCA_FUMOU,ELEVADO,SEDENTARIO,BOA,6.5,False,False,False,False,False,False,False,0,SEM_CONDICAO_CRONICA,,0,NAO_SE_APLICA,88.2,5.0,193.4,129.4,37.2,134.1,0.89,13.3,2024-06-06,2.7,BAIXO,Sem condição crônica identificada (simulado),SEM_INTERCORRENCIA,False,validation,SYNTHETIC,True
SYN-9C7C737779A24903,33,F,Vila Relvosa,RS,54.1,158.2,21.62,111,72,85,36.6,False,True,False,Hipertensão,EX_FUMANTE,NENHUM,MODERADA,BOA,8.1,False,False,False,False,False,False,False,0,SEM_CONDICAO_CRONICA,,0,NAO_SE_APLICA,85.0,4.6,212.8,115.9,57.6,196.5,0.61,12.7,2024-10-23,4.7,BAIXO,Sem condição crônica identificada (simulado),SEM_INTERCORRENCIA,False,test,SYNTHETIC,True
SYN-7496276412A44EF0,42,M,Barra de Tavrival,SE,70.9,168.8,24.88,94,63,67,36.7,True,True,True,Diabetes; Hipertensão; Doença cardiovascular,EX_FUMANTE,NENHUM,MODERADA,BOA,7.7,False,True,True,False,False,False,False,2,DIABETES_TIPO_2,Metformina,1,MEDIA,93.2,4.8,214.2,136.1,43.8,171.7,1.0,14.8,2024-03-18,9.4,BAIXO,Diabetes mellitus tipo 2 compensado (simulado),SEM_INTERCORRENCIA,False,train,SYNTHETIC,True
SYN-935F2B0AA1384DDC,64,M,Vila Solvério,MS,109.9,180.9,33.58,147,94,74,37.2,False,True,False,Hipertensão,NUNCA_FUMOU,MODERADO,SEDENTARIO,REGULAR,7.7,True,False,False,True,False,False,False,2,HIPERTENSAO,Hidroclorotiazida,1,MEDIA,79.6,4.4,184.9,98.3,43.7,214.7,0.86,15.1,2023-10-27,54.2,MUITO_ALTO,Hipertensão arterial sistêmica não controlada (simulado),INTERNACAO,True,test,SYNTHETIC,True
SYN-624C69B6B24445A7,25,F,Serra de Aurimar,PB,54.1,157.3,21.86,107,78,56,36.5,False,True,False,Hipertensão,NUNCA_FUMOU,MODERADO,MODERADA,REGULAR,8.7,False,False,False,False,False,False,False,0,SEM_CONDICAO_CRONICA,,0,NAO_SE_APLICA,92.6,5.1,148.0,75.2,53.7,95.5,0.83,14.0,2023-04-26,1.8,BAIXO,Sem condição crônica identificada (simulado),SEM_INTERCORRENCIA,False,train,SYNTHETIC,True
SYN-25C73C443E7543B4,49,F,Vale de Velminel,PR,68.8,160.1,26.84,121,89,79,36.5,False,False,False,Sem histórico relevante,EX_FUMANTE,MODERADO,MODERADA,REGULAR,6.6,False,False,False,False,True,False,False,1,ASMA,Budesonida,1,ALTA,89.7,4.8,173.4,96.2,58.4,94.1,0.9,14.8,2023-02-23,6.4,BAIXO,Asma (simulado),SEM_INTERCORRENCIA,False,train,SYNTHETIC,True
SYN-E4855AA1016B4287,40,F,Nova Falvosa,RS,70.4,160.0,27.5,88,61,72,36.5,False,False,False,Sem histórico relevante,NUNCA_FUMOU,MODERADO,MODERADA,REGULAR,8.5,False,False,False,False,False,False,False,0,SEM_CONDICAO_CRONICA,,0,NAO_SE_APLICA,100.3,4.9,194.6,102.1,71.8,103.7,0.74,12.8,2024-08-03,2.9,BAIXO,Sem condição crônica identificada (simulado),SEM_INTERCORRENCIA,False,train,SYNTHETIC,True
SYN-E2ADD909C5214F2D,42,F,Alto de Lumiralena,PB,59.3,154.1,24.97,101,60,62,36.3,False,False,False,Sem histórico relevante,NUNCA_FUMOU,MODERADO,SEDENTARIO,REGULAR,5.9,False,False,False,False,False,False,False,0,SEM_CONDICAO_CRONICA,,0,NAO_SE_APLICA,97.7,4.9,162.9,90.9,49.4,113.2,0.56,14.3,2024-04-16,4.5,BAIXO,Sem condição crônica identificada (simulado),SEM_INTERCORRENCIA,False,train,SYNTHETIC,True
SYN-3805F9076CD64193,65,F,Nova Quirelunda,AP,77.1,162.9,29.05,128,77,72,36.1,False,False,False,Sem histórico relevante,FUMANTE_ATUAL,NENHUM,ATIVA,REGULAR,5.8,True,False,False,False,False,False,False,1,HIPERTENSAO,Enalapril,1,ALTA,99.5,5.1,203.8,119.9,64.6,96.5,0.75,13.5,2023-04-19,55.2,MUITO_ALTO,Hipertensão arterial sistêmica controlada (simulado),SEM_INTERCORRENCIA,False,train,SYNTHETIC,True
SYN-B227462CF53D4330,57,M,Lago de Belvanda,AC,93.0,168.1,32.91,134,90,63,36.6,False,False,False,Sem histórico relevante,EX_FUMANTE,MODERADO,SEDENTARIO,RUIM,7.8,False,False,True,True,False,True,False,3,DOENCA_RENAL_CRONICA,Atorvastatina,1,MEDIA,93.7,4.6,257.4,147.9,60.6,244.7,1.6,12.5,2023-03-11,62.2,MUITO_ALTO,Doença renal crônica (simulado),SEM_INTERCORRENCIA,False,validation,SYNTHETIC,True
SYN-8EB225790CDB4CA4,71,F,Vila Belvimar,MG,96.6,171.4,32.88,125,71,96,38.4,False,True,False,Hipertensão,NUNCA_FUMOU,NENHUM,SEDENTARIO,REGULAR,5.3,True,False,False,True,False,False,True,3,HIPERTENSAO,Enalapril; Paracetamol,2,ALTA,106.4,5.5,184.9,109.2,52.5,116.2,0.73,13.0,2024-08-04,42.5,MUITO_ALTO,Hipertensão arterial sistêmica controlada (simulado),SEM_INTERCORRENCIA,False,train,SYNTHETIC,True
SYN-1F115B76D92C4227,45,F,Campo de Ibirorém,RN,79.4,165.2,29.09,142,93,66,36.6,False,True,False,Hipertensão,NUNCA_FUMOU,NENHUM,SEDENTARIO,RUIM,7.6,False,False,True,False,False,False,False,1,DISLIPIDEMIA,Sinvastatina,1,ALTA,96.2,4.7,161.2,106.9,30.1,121.2,0.64,13.3,2023-02-13,26.4,ALTO,Dislipidemia com LDL na meta (simulado),SEM_INTERCORRENCIA,False,train,SYNTHETIC,True
SYN-76F2DBFECD29436F,36,M,Vila Cendranda,GO,99.5,176.7,31.87,113,69,70,36.6,False,True,False,Hipertensão,NUNCA_FUMOU,MODERADO,ATIVA,REGULAR,7.1,False,False,False,True,False,False,False,1,OBESIDADE,,0,NAO_SE_APLICA,86.9,4.3,171.8,102.0,43.0,134.2,1.06,14.0,2024-01-10,2.8,BAIXO,Obesidade (simulado),SEM_INTERCORRENCIA,False,train,SYNTHETIC,True
SYN-8F15BA58FCE64504,44,M,Nova Urvalorém,RR,68.2,166.1,24.72,103,65,70,36.3,True,True,True,Diabetes; Hipertensão; Doença cardiovascular,EX_FUMANTE,MODERADO,SEDENTARIO,RUIM,8.2,False,False,False,False,False,False,False,0,SEM_CONDICAO_CRONICA,,0,NAO_SE_APLICA,82.6,5.6,152.8,103.5,32.2,85.6,0.98,13.8,2023-08-26,8.9,BAIXO,Sem condição crônica identificada (simulado),SEM_INTERCORRENCIA,False,train,SYNTHETIC,True
SYN-C1581092F3354BA3,52,F,Barra de Xervinel,BA,83.0,154.8,34.64,121,70,51,36.7,False,True,False,Hipertensão,NUNCA_FUMOU,NENHUM,MODERADA,RUIM,6.9,False,False,False,True,False,False,False,1,OBESIDADE,,0,NAO_SE_APLICA,86.1,5.3,233.2,145.7,61.3,131.0,0.81,12.1,2024-06-08,23.9,ALTO,Obesidade (simulado),SEM_INTERCORRENCIA,False,test,SYNTHETIC,True
SYN-D0A444329CD64852,51,M,Nova Falvosa,RS,83.9,169.7,29.13,117,63,85,36.7,True,True,False,Diabetes; Hipertensão,NUNCA_FUMOU,ELEVADO,SEDENTARIO,BOA,7.1,True,False,False,False,False,False,False,1,HIPERTENSAO,Anlodipino,1,ALTA,96.3,5.0,191.8,125.2,42.2,122.2,1.06,14.3,2023-02-12,8.8,BAIXO,Hipertensão arterial sistêmica controlada (simulado),SEM_INTERCORRENCIA,False,train,SYNTHETIC,True
SYN-6D3EE1DC81394443,30,M,Vila Ibirimar,RR,85.2,172.4,28.67,99,61,81,36.7,True,True,False,Diabetes; Hipertensão,EX_FUMANTE,MODERADO,MODERADA,REGULAR,7.6,False,False,False,False,False,False,False,0,SEM_CONDICAO_CRONICA,,0,NAO_SE_APLICA,78.9,4.7,160.6,88.6,56.6,76.8,0.89,13.9,2023-03-02,2.6,BAIXO,Sem condição crônica identificada (simulado),SEM_INTERCORRENCIA,False,validation,SYNTHETIC,True
SYN-722764E68C41461B,50,M,Lago de Tavrimar,AC,63.0,159.6,24.73,143,91,67,36.7,False,False,False,Sem histórico relevante,EX_FUMANTE,MODERADO,MODERADA,RUIM,6.3,True,False,False,False,False,False,False,1,HIPERTENSAO,,0,NAO_SE_APLICA,91.3,5.2,179.3,90.4,52.5,181.8,0.98,16.0,2023-04-13,20.3,ALTO,Hipertensão arterial sistêmica não controlada (simulado),SEM_INTERCORRENCIA,False,validation,SYNTHETIC,True
SYN-DC8AEE30BE6043F7,52,M,Alto de Jaquelanda,BA,90.9,175.5,29.51,129,73,81,36.7,False,False,False,Sem histórico relevante,FUMANTE_ATUAL,ELEVADO,SEDENTARIO,BOA,6.2,False,True,False,False,False,False,False,1,DIABETES_TIPO_2,Glibenclamida,1,ALTA,72.3,4.1,156.7,65.2,48.5,214.9,1.05,12.3,2024-06-25,45.4,MUITO_ALTO,Diabetes mellitus tipo 2 compensado (simulado),SEM_INTERCORRENCIA,False,test,SYNTHETIC,True
SYN-C074718E425A409F,48,F,Nova Quirelanda,SE,74.9,163.4,28.05,122,83,71,37.0,True,False,False,Diabetes,NUNCA_FUMOU,NENHUM,ATIVA,BOA,7.5,False,False,True,False,False,False,False,1,DISLIPIDEMIA,Sinvastatina,1,MEDIA,79.5,4.5,235.0,157.6,50.0,137.2,0.88,13.3,2024-06-04,25.2,ALTO,Dislipidemia com LDL na meta (simulado),SEM_INTERCORRENCIA,False,train,SYNTHETIC,True
SYN-46FDE062A33D47AF,80,M,Barra de Tavrosa,RR,68.5,176.0,22.11,148,82,80,36.8,True,False,False,Diabetes,EX_FUMANTE,MODERADO,SEDENTARIO,BOA,7.0,True,False,False,False,False,False,False,1,HIPERTENSAO,Hidroclorotiazida,1,MEDIA,79.5,4.3,252.4,184.9,47.5,100.2,1.17,15.3,2024-06-11,73.1,MUITO_ALTO,Hipertensão arterial sistêmica não controlada (simulado),EVENTO_CARDIOVASCULAR,True,train,SYNTHETIC,True
SYN-7C0E8CD885734793,33,F,Barra de Lumirimar,AL,65.3,166.5,23.56,113,62,92,36.7,True,False,False,Diabetes,NUNCA_FUMOU,NENHUM,SEDENTARIO,BOA,6.6,False,False,False,False,False,False,False,0,SEM_CONDICAO_CRONICA,,0,NAO_SE_APLICA,89.4,5.2,140.4,49.8,64.3,131.6,0.9,12.2,2024-02-25,2.0,BAIXO,Sem condição crônica identificada (simulado),SEM_INTERCORRENCIA,False,validation,SYNTHETIC,True
SYN-709B7D97464C44AF,43,M,Campo de Quirelival,PI,45.7,166.4,16.5,96,60,91,38.4,False,True,False,Hipertensão,NUNCA_FUMOU,NENHUM,MODERADA,BOA,6.9,False,False,False,False,True,False,True,2,INFECCAO_RESPIRATORIA_AGUDA,Budesonida; Paracetamol; Amoxicilina,3,ALTA,94.7,5.4,215.4,163.1,34.0,91.7,0.96,14.6,2023-05-09,9.1,BAIXO,Infecção respiratória aguda (simulado),SEM_INTERCORRENCIA,False,train,SYNTHETIC,True
SYN-3C07C57449254AF1,23,M,Serra de Mirvinel,SP,67.0,174.1,22.1,111,71,69,36.9,False,False,False,Sem histórico relevante,EX_FUMANTE,NENHUM,MODERADA,REGULAR,8.8,False,False,False,False,False,False,False,0,SEM_CONDICAO_CRONICA,,0,NAO_SE_APLICA,83.2,5.1,171.3,88.3,44.1,194.7,0.72,14.5,2023-06-16,2.3,BAIXO,Sem condição crônica identificada (simulado),SEM_INTERCORRENCIA,False,train,SYNTHETIC,True
SYN-E49D681D51D84C64,38,F,Serra de Mirvinel,SP,49.0,151.7,21.29,97,61,80,36.5,True,True,False,Diabetes; Hipertensão,EX_FUMANTE,NENHUM,SEDENTARIO,BOA,6.5,False,False,True,False,False,False,False,1,DISLIPIDEMIA,Sinvastatina,1,ALTA,70.4,4.2,224.7,143.8,55.2,128.5,0.87,13.1,2023-04-11,2.3,BAIXO,Dislipidemia com LDL na meta (simulado),SEM_INTERCORRENCIA,False,validation,SYNTHETIC,True
SYN-269CD696236C4B87,53,F,Vila Cendrelha,AC,64.0,166.3,23.14,110,68,68,36.6,True,False,False,Diabetes,NUNCA_FUMOU,MODERADO,MODERADA,BOA,6.5,False,False,False,False,False,False,False,0,SEM_CONDICAO_CRONICA,,0,NAO_SE_APLICA,117.9,6.5,138.9,50.5,56.9,157.7,0.77,13.9,2023-04-02,6.2,BAIXO,Sem condição crônica identificada (simulado),SEM_INTERCORRENCIA,False,train,SYNTHETIC,True
SYN-271E3EE2B1A641F1,68,M,Nova Falvosa,RS,121.2,176.2,39.04,152,100,69,36.2,False,False,True,Doença cardiovascular,FUMANTE_ATUAL,NENHUM,SEDENTARIO,REGULAR,5.1,True,True,True,True,False,False,False,4,DIABETES_TIPO_2,Glibenclamida,1,MEDIA,219.1,9.2,237.5,146.3,52.9,191.4,0.97,15.4,2024-07-01,94.3,MUITO_ALTO,Diabetes mellitus tipo 2 descompensado (simulado),INTERNACAO,True,train,SYNTHETIC,True
SYN-6A34C85410714D51,36,M,Campo de Quirelival,PI,95.8,179.6,29.7,112,70,83,37.2,False,False,False,Sem histórico relevante,NUNCA_FUMOU,MODERADO,MODERADA,BOA,7.0,False,False,False,False,False,False,False,0,SEM_CONDICAO_CRONICA,,0,NAO_SE_APLICA,99.6,5.8,172.0,101.6,53.6,83.8,1.02,14.2,2023-11-30,6.8,BAIXO,Sem condição crônica identificada (simulado),SEM_INTERCORRENCIA,False,train,SYNTHETIC,True
SYN-7746D0BA8AE8405B,37,F,Lago de Jaquelério,BA,43.8,159.9,17.13,88,52,77,35.9,False,True,False,Hipertensão,NUNCA_FUMOU,NENHUM,MODERADA,BOA,7.7,False,False,False,False,False,False,False,0,SEM_CONDICAO_CRONICA,,0,NAO_SE_APLICA,102.7,5.0,202.3,111.3,59.7,156.6,0.78,11.7,2023-11-01,1.8,BAIXO,Sem condição crônica identificada (simulado),SEM_INTERCORRENCIA,False,train,SYNTHETIC,True
SYN-D5385B0E34F3493C,54,M,Nova Urvalorém,RR,75.4,173.6,25.02,107,59,50,37.0,False,False,False,Sem histórico relevante,NUNCA_FUMOU,NENHUM,ATIVA,BOA,7.9,False,False,False,False,False,False,False,0,SEM_CONDICAO_CRONICA,,0,NAO_SE_APLICA,90.8,4.3,192.3,114.0,59.4,94.6,0.85,15.0,2023-04-18,7.2,BAIXO,Sem condição crônica identificada (simulado),SEM_INTERCORRENCIA,False,test,SYNTHETIC,True
SYN-C51155FFE7A34E81,45,M,Vale de Cendrorém,SE,78.3,169.5,27.25,117,79,66,36.7,False,False,False,Sem histórico relevante,NUNCA_FUMOU,ELEVADO,MODERADA,BOA,7.1,False,False,False,False,False,False,False,0,SEM_CONDICAO_CRONICA,,0,NAO_SE_APLICA,89.3,5.4,187.6,118.1,53.9,78.2,1.05,14.1,2024-04-18,7.0,BAIXO,Sem condição crônica identificada (simulado),SEM_INTERCORRENCIA,False,train,SYNTHETIC,True
SYN-05000BC6B20D4B6E,30,F,Vale de Cendralena,MG,53.4,156.0,21.94,100,59,79,36.0,False,False,False,Sem histórico relevante,EX_FUMANTE,MODERADO,MODERADA,REGULAR,8.1,False,False,False,False,False,False,False,0,SEM_CONDICAO_CRONICA,,0,NAO_SE_APLICA,101.4,5.4,178.0,101.9,56.4,98.7,0.93,12.7,2024-08-30,3.2,BAIXO,Sem condição crônica identificada (simulado),SEM_INTERCORRENCIA,False,train,SYNTHETIC,True
SYN-9360715FC3FE4183,39,F,Lago de Belvanda,AC,57.5,150.9,25.25,128,74,61,37.2,False,False,False,Sem histórico relevante,FUMANTE_ATUAL,ELEVADO,MODERADA,REGULAR,7.8,False,False,False,False,False,False,False,0,SEM_CONDICAO_CRONICA,,0,NAO_SE_APLICA,102.2,5.4,228.3,141.0,52.8,172.5,0.78,13.4,2023-01-07,22.9,ALTO,Sem condição crônica identificada (simulado),SEM_INTERCORRENCIA,False,train,SYNTHETIC,True
SYN-F1578470018247C4,33,F,Nova Falvosa,RS,64.4,156.7,26.23,123,80,69,36.8,True,False,False,Diabetes,EX_FUMANTE,MODERADO,SEDENTARIO,REGULAR,8.2,False,False,False,False,False,False,False,0,SEM_CONDICAO_CRONICA,,0,NAO_SE_APLICA,95.8,4.8,177.3,98.9,60.9,87.4,0.69,12.8,2024-11-12,7.1,BAIXO,Sem condição crônica identificada (simulado),SEM_INTERCORRENCIA,False,train,SYNTHETIC,True
SYN-63D62A39C0E34EFD,46,M,Serra de Lumiralena,AP,68.2,181.8,20.63,100,73,100,35.9,False,True,False,Hipertensão,NUNCA_FUMOU,NENHUM,SEDENTARIO,REGULAR,8.1,False,False,False,False,False,False,False,0,SEM_CONDICAO_CRONICA,,0,NAO_SE_APLICA,96.8,4.7,211.6,156.3,36.3,95.1,0.77,15.1,2023-05-15,15.2,MODERADO,Sem condição crônica identificada (simulado),SEM_INTERCORRENCIA,False,train,SYNTHETIC,True
SYN-D5F25073F41442B1,18,F,Nova Falvosa,RS,44.3,163.8,16.51,99,61,64,36.5,False,False,False,Sem histórico relevante,NUNCA_FUMOU,MODERADO,ATIVA,BOA,8.7,False,False,False,False,False,False,False,0,SEM_CONDICAO_CRONICA,,0,NAO_SE_APLICA,76.7,4.0,193.8,124.6,60.3,44.6,0.91,15.7,2024-10-28,0.7,BAIXO,Sem condição crônica identificada (simulado),SEM_INTERCORRENCIA,False,validation,SYNTHETIC,True
SYN-BC10FA52BF5D4FDF,23,M,Nova Mirvorém,MS,70.9,171.2,24.19,121,72,86,36.8,False,False,False,Sem histórico relevante,NUNCA_FUMOU,MODERADO,SEDENTARIO,BOA,6.8,False,False,False,False,False,False,False,0,SEM_CONDICAO_CRONICA,,0,NAO_SE_APLICA,87.5,4.7,203.1,152.3,32.6,91.1,0.82,15.5,2024-06-29,4.4,BAIXO,Sem condição crônica identificada (simulado),SEM_INTERCORRENCIA,False,train,SYNTHETIC,True
SYN-E5D6F6E69A6E42F5,84,F,Nova Falvosa,RS,60.1,151.6,26.15,143,84,86,37.1,False,True,True,Hipertensão; Doença cardiovascular,EX_FUMANTE,NENHUM,MODERADA,REGULAR,5.5,True,True,False,False,False,False,False,2,DIABETES_TIPO_2,Hidroclorotiazida; Anlodipino,2,BAIXA,195.8,8.4,174.2,70.1,62.6,207.3,0.76,14.5,2024-10-12,79.9,MUITO_ALTO,Diabetes mellitus tipo 2 descompensado (simulado),SEM_INTERCORRENCIA,False,train,SYNTHETIC,True
SYN-45DF16B6382C443F,26,M,Nova Aurival,PI,54.9,159.9,21.47,103,60,68,36.5,True,True,False,Diabetes; Hipertensão,NUNCA_FUMOU,ELEVADO,SEDENTARIO,BOA,7.7,False,False,False,False,False,False,False,0,SEM_CONDICAO_CRONICA,,0,NAO_SE_APLICA,96.4,4.3,199.2,130.1,54.1,75.2,0.91,15.3,2023-05-26,2.7,BAIXO,Sem condição crônica identificada (simulado),SEM_INTERCORRENCIA,False,train,SYNTHETIC,True
SYN-638C254C076E4BBA,29,F,Vale de Cendrorém,SE,59.4,172.1,20.06,113,65,69,35.8,False,False,False,Sem histórico relevante,NUNCA_FUMOU,MODERADO,ATIVA,RUIM,7.9,False,False,True,False,False,False,False,1,DISLIPIDEMIA,,0,NAO_SE_APLICA,75.6,4.9,231.0,161.2,52.6,86.2,0.83,13.3,2024-02-17,2.8,BAIXO,Dislipidemia com LDL elevado (simulado),SEM_INTERCORRENCIA,False,train,SYNTHETIC,True
SYN-CC530E36ADDC4E13,79,F,Serra de Aurimar,PB,61.6,153.6,26.11,124,72,95,37.0,False,False,False,Sem histórico relevante,EX_FUMANTE,MODERADO,SEDENTARIO,BOA,8.7,False,False,False,False,False,False,False,0,SEM_CONDICAO_CRONICA,,0,NAO_SE_APLICA,85.5,4.5,167.3,99.4,50.6,86.7,1.05,13.7,2023-02-28,45.2,MUITO_ALTO,Sem condição crônica identificada (simulado),SEM_INTERCORRENCIA,False,test,SYNTHETIC,True
SYN-D72B61082A404F12,59,M,Lago de Tavrimar,AC,88.9,175.5,28.86,134,85,71,36.7,True,False,False,Diabetes,EX_FUMANTE,MODERADO,ATIVA,RUIM,8.4,False,True,False,False,False,False,False,1,DIABETES_TIPO_2,,0,NAO_SE_APLICA,191.8,8.7,192.7,119.4,47.7,128.1,0.95,15.3,2023-11-24,55.2,MUITO_ALTO,Diabetes mellitus tipo 2 descompensado (simulado),SEM_INTERCORRENCIA,False,validation,SYNTHETIC,True
SYN-FB10987F20AC4703,28,F,Barra de Xervinel,BA,59.0,160.7,22.85,100,61,93,35.9,False,False,False,Sem histórico relevante,NUNCA_FUMOU,MODERADO,MODERADA,REGULAR,9.1,False,False,False,False,False,False,False,0,SEM_CONDICAO_CRONICA,,0,NAO_SE_APLICA,93.6,4.6,244.4,151.7,65.7,134.8,0.69,14.1,2023-05-08,1.9,BAIXO,Sem condição crônica identificada (simulado),SEM_INTERCORRENCIA,False,train,SYNTHETIC,True
SYN-E82C7D7B06E745F9,42,M,Alto de Orvalelha,SE,89.4,163.3,33.52,114,79,70,36.7,False,False,False,Sem histórico relevante,NUNCA_FUMOU,NENHUM,SEDENTARIO,RUIM,7.7,False,False,True,True,False,False,False,2,DISLIPIDEMIA,Sinvastatina,1,ALTA,93.8,4.9,185.8,87.0,52.8,230.2,0.96,14.9,2023-02-21,6.8,BAIXO,Dislipidemia com LDL na meta (simulado),SEM_INTERCORRENCIA,False,train,SYNTHETIC,True
SYN-A9BA5A27907B4E36,54,M,Vale de Cendrimar,PI,62.4,165.5,22.78,125,73,88,36.7,False,False,False,Sem histórico relevante,EX_FUMANTE,ELEVADO,MODERADA,REGULAR,7.3,False,False,False,False,False,False,False,0,SEM_CONDICAO_CRONICA,,0,NAO_SE_APLICA,91.4,5.2,180.3,112.4,42.7,125.8,1.12,13.5,2024-08-31,20.6,ALTO,Sem condição crônica identificada (simulado),SEM_INTERCORRENCIA,False,train,SYNTHETIC,True
SYN-6DB99102A48B4DBE,77,M,Barra de Cendrimar,CE,88.6,182.8,26.51,133,77,72,36.5,False,True,False,Hipertensão,NUNCA_FUMOU,MODERADO,MODERADA,REGULAR,5.5,True,False,False,False,False,False,False,1,HIPERTENSAO,Anlodipino; Enalapril,2,ALTA,89.6,5.0,212.4,169.2,20.0,116.2,1.17,13.3,2024-07-06,85.2,MUITO_ALTO,Hipertensão arterial sistêmica controlada (simulado),SEM_INTERCORRENCIA,False,train,SYNTHETIC,True
SYN-2E85CB2176314E9D,31,M,Vila Orvalorém,PI,75.2,174.0,24.84,110,75,73,36.4,False,False,False,Sem histórico relevante,NUNCA_FUMOU,NENHUM,SEDENTARIO,RUIM,7.3,False,False,False,False,False,False,False,0,SEM_CONDICAO_CRONICA,,0,NAO_SE_APLICA,85.2,4.5,172.3,101.3,53.4,88.1,0.95,15.3,2023-09-11,2.8,BAIXO,Sem condição crônica identificada (simulado),SEM_INTERCORRENCIA,False,train,SYNTHETIC,True
SYN-53CD6268610C4373,44,F,Barra de Mirvério,MT,72.7,160.5,28.22,100,63,85,36.4,False,False,True,Doença cardiovascular,FUMANTE_ATUAL,NENHUM,SEDENTARIO,REGULAR,6.4,False,False,False,False,False,False,False,0,SEM_CONDICAO_CRONICA,,0,NAO_SE_APLICA,83.3,4.7,190.5,119.6,52.4,92.3,0.88,12.1,2023-10-30,17.4,MODERADO,Sem condição crônica identificada (simulado),SEM_INTERCORRENCIA,False,train,SYNTHETIC,True
SYN-56666F9F53AC4AB9,61,M,Alto de Cendrosa,SC,65.4,171.1,22.34,120,71,71,36.5,False,True,True,Hipertensão; Doença cardiovascular,NUNCA_FUMOU,MODERADO,MODERADA,REGULAR,7.2,True,False,False,False,False,False,False,1,HIPERTENSAO,Anlodipino; Enalapril,2,ALTA,98.4,5.3,180.8,109.8,47.4,118.2,0.87,15.5,2024-01-23,23.1,ALTO,Hipertensão arterial sistêmica controlada (simulado),SEM_INTERCORRENCIA,False,validation,SYNTHETIC,True
SYN-473BD358610E4A64,55,M,Barra de Xervinel,BA,111.8,179.6,34.66,135,82,71,36.7,False,False,True,Doença cardiovascular,NUNCA_FUMOU,ELEVADO,MODERADA,RUIM,7.1,False,False,True,True,False,False,False,2,DISLIPIDEMIA,,0,NAO_SE_APLICA,94.6,4.9,243.3,117.9,52.7,363.7,1.06,16.1,2024-03-19,54.2,MUITO_ALTO,Dislipidemia com LDL na meta (simulado),SEM_INTERCORRENCIA,False,validation,SYNTHETIC,True
SYN-6BEBAC31D4F84D72,42,F,Barra de Orvalival,RR,55.3,168.1,19.57,103,71,80,36.8,True,True,True,Diabetes; Hipertensão; Doença cardiovascular,NUNCA_FUMOU,ELEVADO,SEDENTARIO,REGULAR,7.5,False,True,True,False,False,False,False,2,DIABETES_TIPO_2,Glibenclamida,1,ALTA,60.0,4.0,219.1,145.9,48.7,122.5,0.78,13.0,2024-02-27,15.6,MODERADO,Diabetes mellitus tipo 2 compensado (simulado),SEM_INTERCORRENCIA,False,train,SYNTHETIC,True
SYN-7866076514F74E8D,46,F,Barra de Norvanda,RJ,87.1,166.9,31.27,131,81,51,36.0,False,False,False,Sem histórico relevante,NUNCA_FUMOU,MODERADO,ATIVA,RUIM,6.9,True,False,False,True,False,False,False,2,HIPERTENSAO,Losartana,1,ALTA,96.5,4.8,248.1,177.2,52.3,93.0,0.77,14.4,2023-08-12,25.2,ALTO,Hipertensão arterial sistêmica controlada (simulado),SEM_INTERCORRENCIA,False,train,SYNTHETIC,True
SYN-0D557B618A174DFE,25,M,Vale de Falvunda,AC,90.2,183.4,26.82,113,76,69,36.7,False,False,False,Sem histórico relevante,NUNCA_FUMOU,ELEVADO,SEDENTARIO,RUIM,8.0,False,False,False,False,False,False,False,0,SEM_CONDICAO_CRONICA,,0,NAO_SE_APLICA,103.1,5.1,186.3,130.9,39.8,78.1,0.86,15.1,2023-09-30,9.3,BAIXO,Sem condição crônica identificada (simulado),SEM_INTERCORRENCIA,False,train,SYNTHETIC,True
SYN-39669FA759974043,44,F,Vale de Velminel,PR,73.4,158.0,29.4,114,68,83,36.7,False,False,False,Sem histórico relevante,NUNCA_FUMOU,MODERADO,SEDENTARIO,RUIM,4.0,False,False,False,False,False,False,False,0,SEM_CONDICAO_CRONICA,,0,NAO_SE_APLICA,95.2,5.0,186.4,96.4,56.4,167.9,0.78,13.2,2024-12-24,8.8,BAIXO,Sem condição crônica identificada (simulado),SEM_INTERCORRENCIA,False,train,SYNTHETIC,True
SYN-F510AB53C7FE439F,43,M,Vila Quirelunda,MG,86.3,170.9,29.55,130,84,81,36.7,True,False,False,Diabetes,NUNCA_FUMOU,NENHUM,MODERADA,REGULAR,7.2,False,False,False,False,False,False,False,0,SEM_CONDICAO_CRONICA,,0,NAO_SE_APLICA,98.5,5.6,215.0,135.3,54.9,124.2,0.89,14.9,2023-03-10,9.9,BAIXO,Sem condição crônica identificada (simulado),SEM_INTERCORRENCIA,False,train,SYNTHETIC,True
SYN-07F194F9C1154D6D,52,M,Alto de Falvelha,SC,77.6,163.7,28.96,116,72,79,36.5,True,False,False,Diabetes,NUNCA_FUMOU,MODERADO,SEDENTARIO,BOA,8.3,False,False,True,False,False,False,False,1,DISLIPIDEMIA,Sinvastatina,1,MEDIA,92.5,5.2,169.3,68.9,57.7,213.5,1.33,14.0,2023-10-23,13.3,MODERADO,Dislipidemia com LDL na meta (simulado),SEM_INTERCORRENCIA,False,train,SYNTHETIC,True
SYN-D6D7B3B833094D35,39,M,Vila Urvalalena,RO,72.8,179.4,22.62,110,72,81,37.0,False,False,False,Sem histórico relevante,FUMANTE_ATUAL,NENHUM,SEDENTARIO,REGULAR,9.1,False,False,False,False,False,False,False,0,SEM_CONDICAO_CRONICA,,0,NAO_SE_APLICA,80.9,4.2,232.0,168.3,46.6,85.7,1.11,13.8,2023-07-07,20.8,ALTO,Sem condição crônica identificada (simulado),SEM_INTERCORRENCIA,False,train,SYNTHETIC,True
SYN-3D1148022702478B,56,F,Vale de Quirelorém,PB,64.5,155.6,26.64,120,78,94,38.5,True,False,True,Diabetes; Doença cardiovascular,FUMANTE_ATUAL,NENHUM,MODERADA,BOA,7.8,False,False,True,False,False,False,True,2,INFECCAO_RESPIRATORIA_AGUDA,Atorvastatina,1,MEDIA,88.4,5.4,182.2,86.8,54.7,203.6,0.95,11.6,2023-06-28,54.4,MUITO_ALTO,Infecção respiratória aguda (simulado),SEM_INTERCORRENCIA,False,train,SYNTHETIC,True
SYN-1D48A071AB6147B1,65,F,Nova Norvério,AM,86.6,157.7,34.82,128,72,85,36.5,True,False,False,Diabetes,NUNCA_FUMOU,NENHUM,SEDENTARIO,REGULAR,8.9,False,False,False,True,False,False,False,1,OBESIDADE,,0,NAO_SE_APLICA,97.8,5.0,228.4,144.7,57.0,133.5,0.79,12.5,2023-04-26,43.3,MUITO_ALTO,Obesidade (simulado),INTERNACAO,True,train,SYNTHETIC,True
SYN-770C779837CC463B,51,F,Nova Norvério,AM,49.7,150.6,21.91,121,72,63,36.6,False,True,True,Hipertensão; Doença cardiovascular,NUNCA_FUMOU,NENHUM,SEDENTARIO,BOA,7.2,False,False,False,False,False,False,False,0,SEM_CONDICAO_CRONICA,,0,NAO_SE_APLICA,95.3,5.2,230.2,175.2,43.3,58.4,0.68,15.3,2023-03-14,22.2,ALTO,Sem condição crônica identificada (simulado),SEM_INTERCORRENCIA,False,validation,SYNTHETIC,True
SYN-5E6FEA07C4534F1D,54,F,Campo de Orvalorém,GO,86.2,161.2,33.17,116,77,67,36.8,False,True,False,Hipertensão,EX_FUMANTE,ELEVADO,MODERADA,BOA,7.0,True,False,False,True,False,False,False,2,HIPERTENSAO,Enalapril,1,ALTA,105.1,5.0,175.9,71.3,65.8,194.1,0.78,11.7,2024-10-26,9.3,BAIXO,Hipertensão arterial sistêmica controlada (simulado),SEM_INTERCORRENCIA,False,test,SYNTHETIC,True
SYN-F6B751F79B744245,49,M,Serra de Lumiralena,AP,79.3,172.1,26.77,130,84,89,39.3,False,False,False,Sem histórico relevante,FUMANTE_ATUAL,ELEVADO,MODERADA,REGULAR,7.6,False,False,False,False,False,False,True,1,INFECCAO_RESPIRATORIA_AGUDA,Paracetamol,1,ALTA,86.3,4.5,176.6,104.8,48.9,114.5,1.0,13.6,2024-09-28,36.9,ALTO,Infecção respiratória aguda (simulado),INTERNACAO,True,train,SYNTHETIC,True
SYN-C71D5E601D5246AB,48,M,Vila Belvimar,MG,63.5,166.8,22.82,117,78,72,36.4,False,True,False,Hipertensão,FUMANTE_ATUAL,NENHUM,ATIVA,RUIM,7.0,False,False,False,False,False,False,False,0,SEM_CONDICAO_CRONICA,,0,NAO_SE_APLICA,91.5,5.2,191.1,122.7,49.9,92.4,0.81,14.0,2024-06-25,16.0,MODERADO,Sem condição crônica identificada (simulado),SEM_INTERCORRENCIA,False,validation,SYNTHETIC,True
SYN-4FA03F26F6F740CC,36,F,Serra de Aurimar,PB,54.4,159.2,21.46,114,69,53,36.3,False,False,False,Sem histórico relevante,NUNCA_FUMOU,MODERADO,MODERADA,RUIM,6.1,False,False,False,False,False,False,False,0,SEM_CONDICAO_CRONICA,,0,NAO_SE_APLICA,88.0,4.4,206.8,137.7,47.3,109.2,0.79,12.4,2024-11-09,5.2,BAIXO,Sem condição crônica identificada (simulado),SEM_INTERCORRENCIA,False,train,SYNTHETIC,True
SYN-EDCB8CB606924C63,53,F,Nova Quirelunda,AP,52.6,148.0,24.01,140,91,61,36.7,False,False,True,Doença cardiovascular,NUNCA_FUMOU,NENHUM,MODERADA,REGULAR,6.4,False,False,False,False,False,False,False,0,SEM_CONDICAO_CRONICA,,0,NAO_SE_APLICA,104.4,5.3,162.3,87.8,61.6,64.4,0.93,13.5,2024-08-24,28.6,ALTO,Sem condição crônica identificada (simulado),SEM_INTERCORRENCIA,False,train,SYNTHETIC,True
SYN-E87466D7AD6641BD,46,M,Barra de Falvelha,GO,57.6,177.9,18.2,104,59,76,36.3,False,False,True,Doença cardiovascular,NUNCA_FUMOU,NENHUM,SEDENTARIO,REGULAR,5.8,False,False,False,False,False,False,False,0,SEM_CONDICAO_CRONICA,,0,NAO_SE_APLICA,91.7,5.0,184.3,122.9,40.5,104.3,0.71,14.2,2023-04-04,13.0,MODERADO,Sem condição crônica identificada (simulado),SEM_INTERCORRENCIA,False,validation,SYNTHETIC,True
SYN-F1043785658B4523,84,F,Alto de Xervanda,RO,65.8,161.0,25.38,115,61,81,36.0,False,True,False,Hipertensão,EX_FUMANTE,NENHUM,MODERADA,RUIM,7.6,False,True,False,False,False,False,False,1,DIABETES_TIPO_2,Metformina,1,MEDIA,193.4,8.0,199.8,121.4,55.2,116.0,0.82,13.0,2024-08-16,75.0,MUITO_ALTO,Diabetes mellitus tipo 2 descompensado (simulado),SEM_INTERCORRENCIA,False,train,SYNTHETIC,True
SYN-9793B9B413744146,75,M,Barra de Falvanda,AM,76.6,173.7,25.39,144,82,72,36.4,False,False,False,Sem histórico relevante,NUNCA_FUMOU,NENHUM,SEDENTARIO,BOA,7.0,True,False,False,False,False,False,False,1,HIPERTENSAO,,0,NAO_SE_APLICA,89.8,4.1,166.8,117.7,28.0,105.4,1.24,14.0,2024-08-13,56.1,MUITO_ALTO,Hipertensão arterial sistêmica não controlada (simulado),SEM_INTERCORRENCIA,False,train,SYNTHETIC,True
SYN-3E2B6091A092452A,55,F,Vale de Velminel,PR,63.9,172.6,21.45,118,77,70,36.7,False,False,False,Sem histórico relevante,NUNCA_FUMOU,NENHUM,SEDENTARIO,BOA,6.6,False,False,False,False,False,False,False,0,SEM_CONDICAO_CRONICA,,0,NAO_SE_APLICA,87.1,5.0,161.7,84.1,48.1,147.3,0.85,12.7,2023-01-02,8.8,BAIXO,Sem condição crônica identificada (simulado),SEM_INTERCORRENCIA,False,test,SYNTHETIC,True
SYN-4D3485C5C5C14EB4,35,M,Barra de Aurival,PE,69.9,166.1,25.34,119,65,72,37.1,False,False,True,Doença cardiovascular,NUNCA_FUMOU,NENHUM,ATIVA,REGULAR,6.4,False,False,False,False,False,False,False,0,SEM_CONDICAO_CRONICA,,0,NAO_SE_APLICA,77.0,5.3,186.6,111.9,46.9,139.1,0.83,14.7,2024-10-04,9.7,BAIXO,Sem condição crônica identificada (simulado),SEM_INTERCORRENCIA,False,validation,SYNTHETIC,True
SYN-CE3714AF99B44350,29,F,Campo de Ibirorém,RN,47.0,145.0,22.35,101,53,64,36.4,False,True,False,Hipertensão,NUNCA_FUMOU,NENHUM,ATIVA,RUIM,7.6,False,False,False,False,False,False,False,0,SEM_CONDICAO_CRONICA,,0,NAO_SE_APLICA,78.0,4.5,189.7,105.8,64.8,95.5,0.79,13.1,2024-07-01,2.0,BAIXO,Sem condição crônica identificada (simulado),SEM_INTERCORRENCIA,False,train,SYNTHETIC,True
SYN-90E0F4A0FBDD4933,68,M,Serra de Norvimar,ES,74.2,174.0,24.51,113,58,80,36.6,False,False,False,Sem histórico relevante,NUNCA_FUMOU,NENHUM,MODERADA,RUIM,7.9,False,False,True,False,False,False,False,1,DISLIPIDEMIA,Atorvastatina,1,BAIXA,91.5,5.0,211.3,137.0,44.6,148.5,0.99,16.8,2024-12-27,32.9,ALTO,Dislipidemia com LDL na meta (simulado),EVENTO_CARDIOVASCULAR,True,validation,SYNTHETIC,True
SYN-8861FE1858E24888,52,F,Vale de Falvunda,AC,68.6,163.2,25.76,115,74,74,36.6,False,True,False,Hipertensão,NUNCA_FUMOU,ELEVADO,SEDENTARIO,REGULAR,5.8,True,False,True,False,True,False,False,3,HIPERTENSAO,Losartana; Sinvastatina; Salbutamol,3,MEDIA,90.7,4.5,210.5,169.3,28.2,65.2,0.77,13.2,2023-12-19,27.1,ALTO,Hipertensão arterial sistêmica controlada (simulado),SEM_INTERCORRENCIA,False,train,SYNTHETIC,True
SYN-11A726095EDD4BBF,56,M,Vila Relvunda,CE,82.7,174.2,27.25,106,57,66,36.4,False,False,False,Sem histórico relevante,EX_FUMANTE,NENHUM,SEDENTARIO,BOA,5.6,False,False,False,False,False,False,False,0,SEM_CONDICAO_CRONICA,,0,NAO_SE_APLICA,92.2,5.4,173.3,116.3,39.3,88.3,0.88,14.6,2024-06-26,23.6,ALTO,Sem condição crônica identificada (simulado),SEM_INTERCORRENCIA,False,train,SYNTHETIC,True
SYN-033D2BCE575A4D2C,18,F,Vale de Falvanda,PR,52.6,152.1,22.74,99,64,85,36.4,True,True,False,Diabetes; Hipertensão,EX_FUMANTE,NENHUM,MODERADA,REGULAR,8.0,False,False,False,False,False,False,False,0,SEM_CONDICAO_CRONICA,,0,NAO_SE_APLICA,97.9,4.9,212.8,148.1,42.9,109.0,0.66,10.7,2024-07-20,1.9,BAIXO,Sem condição crônica identificada (simulado),SEM_INTERCORRENCIA,False,train,SYNTHETIC,True
SYN-7D7DDBEDD284476C,64,F,Vila Solvério,MS,55.0,150.8,24.19,119,69,83,36.7,False,False,False,Sem histórico relevante,EX_FUMANTE,MODERADO,MODERADA,RUIM,5.5,False,False,False,False,False,False,False,0,SEM_CONDICAO_CRONICA,,0,NAO_SE_APLICA,90.6,5.2,197.7,134.7,46.6,82.2,0.97,13.4,2024-05-02,33.1,ALTO,Sem condição crônica identificada (simulado),SEM_INTERCORRENCIA,False,train,SYNTHETIC,True
SYN-5CB85AEDF5F64C97,56,M,Nova Mirvorém,MS,70.0,160.3,27.24,158,87,67,36.2,True,True,True,Diabetes; Hipertensão; Doença cardiovascular,NUNCA_FUMOU,NENHUM,SEDENTARIO,REGULAR,7.6,True,False,False,False,False,False,False,1,HIPERTENSAO,,0,NAO_SE_APLICA,87.4,4.9,222.1,155.3,52.0,74.0,0.96,12.8,2024-12-02,61.7,MUITO_ALTO,Hipertensão arterial sistêmica não controlada (simulado),SEM_INTERCORRENCIA,False,train,SYNTHETIC,True
SYN-75B17A55D4264982,29,F,Barra de Cendrinel,MA,59.8,151.9,25.92,92,52,80,36.4,False,False,False,Sem histórico relevante,EX_FUMANTE,MODERADO,SEDENTARIO,RUIM,8.8,False,False,False,False,False,False,False,0,SEM_CONDICAO_CRONICA,,0,NAO_SE_APLICA,88.3,4.9,139.2,75.6,36.8,133.8,0.78,13.8,2023-04-15,2.0,BAIXO,Sem condição crônica identificada (simulado),SEM_INTERCORRENCIA,False,train,SYNTHETIC,True
SYN-2D174FC96F7C45EA,40,F,Serra de Lumiralena,AP,56.2,163.4,21.05,113,69,73,36.5,False,True,False,Hipertensão,EX_FUMANTE,NENHUM,SEDENTARIO,REGULAR,8.8,False,False,False,False,False,False,False,0,SEM_CONDICAO_CRONICA,,0,NAO_SE_APLICA,91.2,5.0,194.0,108.4,54.7,154.4,0.74,13.3,2023-09-19,7.1,BAIXO,Sem condição crônica identificada (simulado),SEM_INTERCORRENCIA,False,train,SYNTHETIC,True
SYN-A6846099F7294951,52,F,Vale de Dorvimar,ES,58.6,157.3,23.68,108,61,78,36.7,False,False,False,Sem histórico relevante,NUNCA_FUMOU,MODERADO,MODERADA,REGULAR,7.8,False,False,False,False,False,False,False,0,SEM_CONDICAO_CRONICA,,0,NAO_SE_APLICA,86.2,4.8,206.5,138.7,51.4,82.1,0.93,14.0,2023-03-12,9.3,BAIXO,Sem condição crônica identificada (simulado),SEM_INTERCORRENCIA,False,train,SYNTHETIC,True
SYN-EB6C1016CEE644D0,49,F,Alto de Falvelha,SC,65.5,155.9,26.95,119,72,64,36.1,True,False,False,Diabetes,NUNCA_FUMOU,MODERADO,MODERADA,REGULAR,7.8,False,False,False,False,True,False,False,1,ASMA,Salbutamol,1,MEDIA,100.1,5.2,184.7,103.3,49.7,158.4,0.73,12.6,2024-03-18,9.5,BAIXO,Asma (simulado),SEM_INTERCORRENCIA,False,test,SYNTHETIC,True
SYN-7701F7BB7BC64E1F,43,F,Vila Urvalalena,RO,67.6,155.1,28.1,110,70,84,36.6,False,False,False,Sem histórico relevante,NUNCA_FUMOU,MODERADO,SEDENTARIO,REGULAR,9.5,False,False,False,False,False,False,False,0,SEM_CONDICAO_CRONICA,,0,NAO_SE_APLICA,90.7,5.1,171.1,96.8,43.2,155.6,0.95,13.2,2023-01-18,9.4,BAIXO,Sem condição crônica identificada (simulado),SEM_INTERCORRENCIA,False,train,SYNTHETIC,True
SYN-97AC6AA8BB2448A3,46,M,Vale de Orvalunda,TO,80.0,181.8,24.2,124,78,87,36.2,False,True,False,Hipertensão,NUNCA_FUMOU,MODERADO,SEDENTARIO,BOA,4.4,False,False,True,False,False,False,False,1,DISLIPIDEMIA,Atorvastatina,1,MEDIA,92.1,4.6,201.6,134.0,45.9,108.3,1.06,15.5,2023-08-11,8.7,BAIXO,Dislipidemia com LDL na meta (simulado),SEM_INTERCORRENCIA,False,train,SYNTHETIC,True
SYN-3ED8C56CDA094FA0,44,F,Barra de Dorvival,AP,76.8,160.3,29.89,127,82,67,36.4,True,True,False,Diabetes; Hipertensão,NUNCA_FUMOU,NENHUM,SEDENTARIO,RUIM,6.5,False,False,False,False,False,False,False,0,SEM_CONDICAO_CRONICA,,0,NAO_SE_APLICA,83.9,4.5,213.4,137.8,55.9,98.7,0.8,12.3,2024-06-24,17.8,MODERADO,Sem condição crônica identificada (simulado),SEM_INTERCORRENCIA,False,train,SYNTHETIC,True
SYN-4767D76C162F4A24,51,M,Campo de Quirelival,PI,74.2,185.5,21.56,112,68,77,36.8,True,True,False,Diabetes; Hipertensão,NUNCA_FUMOU,NENHUM,SEDENTARIO,BOA,7.9,False,True,True,False,False,False,False,2,DIABETES_TIPO_2,Sinvastatina,1,ALTA,186.0,8.6,160.5,65.0,27.5,339.8,1.03,15.4,2024-10-15,18.3,MODERADO,Diabetes mellitus tipo 2 descompensado (simulado),INTERNACAO,True,train,SYNTHETIC,True
SYN-C01F36BF3E6D458B,73,M,Serra de Aurimar,PB,76.6,175.5,24.87,144,78,87,36.6,True,False,False,Diabetes,NUNCA_FUMOU,NENHUM,SEDENTARIO,RUIM,6.6,True,False,True,False,False,False,False,2,HIPERTENSAO,Losartana; Atorvastatina,2,ALTA,102.9,5.3,228.8,154.4,53.4,105.2,1.03,15.4,2023-06-12,71.2,MUITO_ALTO,Hipertensão arterial sistêmica não controlada (simulado),INTERNACAO,True,train,SYNTHETIC,True
SYN-AB0E664E9C3E42D5,42,F,Barra de Solvunda,RR,62.9,159.5,24.72,120,75,82,38.3,True,False,False,Diabetes,NUNCA_FUMOU,MODERADO,SEDENTARIO,REGULAR,8.4,False,False,False,False,False,False,True,1,INFECCAO_RESPIRATORIA_AGUDA,Paracetamol,1,MEDIA,77.7,4.2,194.7,135.8,41.3,88.1,0.69,13.1,2023-07-05,10.1,MODERADO,Infecção respiratória aguda (simulado),SEM_INTERCORRENCIA,False,train,SYNTHETIC,True
SYN-7E8ADEE707584201,44,M,Vila Belvimar,MG,88.6,173.7,29.37,130,82,81,37.8,False,True,False,Hipertensão,NUNCA_FUMOU,NENHUM,MODERADA,BOA,7.0,False,False,True,False,True,False,True,3,INFECCAO_RESPIRATORIA_AGUDA,Salbutamol,1,ALTA,94.7,5.3,214.3,93.0,50.5,354.1,1.0,16.4,2023-01-20,27.0,ALTO,Infecção respiratória aguda (simulado),SEM_INTERCORRENCIA,False,train,SYNTHETIC,True
SYN-7CD0129D2E8D4E87,51,M,Barra de Falvelha,GO,67.5,163.0,25.41,116,69,78,36.9,False,False,False,Sem histórico relevante,NUNCA_FUMOU,NENHUM,MODERADA,REGULAR,7.1,False,False,False,False,False,False,False,0,SEM_CONDICAO_CRONICA,,0,NAO_SE_APLICA,89.1,5.0,183.3,128.6,36.4,91.3,0.85,15.3,2023-09-14,15.4,MODERADO,Sem condição crônica identificada (simulado),SEM_INTERCORRENCIA,False,train,SYNTHETIC,True
SYN-4223623BCC3E4DDE,53,M,Alto de Cendrosa,SC,76.0,178.7,23.8,125,73,66,36.8,False,True,False,Hipertensão,EX_FUMANTE,MODERADO,ATIVA,RUIM,6.7,False,False,True,False,False,False,False,1,DISLIPIDEMIA,Atorvastatina,1,ALTA,92.3,4.4,202.9,106.6,47.9,241.8,0.93,13.1,2024-05-28,18.1,MODERADO,Dislipidemia com LDL na meta (simulado),SEM_INTERCORRENCIA,False,train,SYNTHETIC,True
SYN-989D9D4AE15C4666,42,F,Lago de Tavrimar,AC,87.2,173.4,29.0,119,87,53,36.6,True,False,False,Diabetes,NUNCA_FUMOU,NENHUM,ATIVA,REGULAR,6.4,True,False,False,False,False,False,False,1,HIPERTENSAO,Hidroclorotiazida; Anlodipino,2,MEDIA,95.1,5.2,232.2,165.4,49.5,86.7,0.65,14.2,2024-10-11,19.3,MODERADO,Hipertensão arterial sistêmica controlada (simulado),SEM_INTERCORRENCIA,False,train,SYNTHETIC,True
SYN-8E48522346B94991,18,F,Serra de Aurimar,PB,52.4,151.2,22.92,94,51,73,36.2,True,False,True,Diabetes; Doença cardiovascular,NUNCA_FUMOU,NENHUM,SEDENTARIO,REGULAR,6.4,False,False,False,False,False,False,False,0,SEM_CONDICAO_CRONICA,,0,NAO_SE_APLICA,69.4,4.1,185.9,117.0,47.2,108.5,0.73,12.5,2023-11-04,2.0,BAIXO,Sem condição crônica identificada (simulado),SEM_INTERCORRENCIA,False,train,SYNTHETIC,True
SYN-30E912F2F2B44ABF,54,F,Barra de Falvelha,GO,85.7,157.3,34.64,145,89,92,36.6,True,False,False,Diabetes,NUNCA_FUMOU,MODERADO,SEDENTARIO,BOA,7.3,False,False,True,True,False,False,False,2,DISLIPIDEMIA,Atorvastatina,1,ALTA,99.2,5.3,169.2,61.0,47.2,304.8,0.88,14.0,2023-03-15,32.8,ALTO,Dislipidemia com LDL na meta (simulado),SEM_INTERCORRENCIA,False,train,SYNTHETIC,True
SYN-680BAC63B8564035,77,M,Vale de Cendrimar,PI,70.2,166.5,25.32,120,78,95,36.4,False,False,False,Sem histórico relevante,EX_FUMANTE,MODERADO,SEDENTARIO,REGULAR,6.1,True,False,False,False,False,False,False,1,HIPERTENSAO,Anlodipino; Enalapril,2,ALTA,100.1,5.1,187.6,136.0,32.7,94.3,1.25,15.1,2023-08-23,47.6,MUITO_ALTO,Hipertensão arterial sistêmica controlada (simulado),SEM_INTERCORRENCIA,False,validation,SYNTHETIC,True
SYN-3D85DE89C2174429,22,M,Vila Mirvanda,PB,57.0,168.8,20.0,101,59,69,36.4,False,False,False,Sem histórico relevante,FUMANTE_ATUAL,MODERADO,MODERADA,RUIM,8.0,False,False,False,False,False,False,False,0,SEM_CONDICAO_CRONICA,,0,NAO_SE_APLICA,99.8,5.3,151.8,82.4,49.8,98.0,0.84,12.2,2023-12-28,1.7,BAIXO,Sem condição crônica identificada (simulado),SEM_INTERCORRENCIA,False,train,SYNTHETIC,True
SYN-B63B4DC3A5594463,63,M,Lago de Zanvelha,RR,92.8,184.9,27.14,116,69,68,36.6,False,False,False,Sem histórico relevante,NUNCA_FUMOU,ELEVADO,SEDENTARIO,REGULAR,7.7,True,False,False,False,False,False,False,1,HIPERTENSAO,Losartana,1,MEDIA,82.0,4.0,141.3,63.9,47.0,152.2,0.95,15.4,2024-03-18,31.9,ALTO,Hipertensão arterial sistêmica controlada (simulado),SEM_INTERCORRENCIA,False,validation,SYNTHETIC,True
SYN-046A0DF5CAFD4613,42,F,Alto de Xervanda,RO,66.5,158.0,26.64,107,63,72,36.2,True,True,False,Diabetes; Hipertensão,NUNCA_FUMOU,ELEVADO,SEDENTARIO,RUIM,8.2,False,False,True,False,False,False,False,1,DISLIPIDEMIA,,0,NAO_SE_APLICA,90.1,4.5,194.3,94.0,76.4,119.6,0.58,13.0,2024-02-29,2.2,BAIXO,Dislipidemia com LDL na meta (simulado),SEM_INTERCORRENCIA,False,validation,SYNTHETIC,True
SYN-6786D50638BA4ABC,47,M,Campo de Norvival,PR,67.5,167.2,24.15,104,64,92,36.3,True,False,True,Diabetes; Doença cardiovascular,NUNCA_FUMOU,MODERADO,SEDENTARIO,RUIM,5.8,False,False,False,False,False,False,False,0,SEM_CONDICAO_CRONICA,,0,NAO_SE_APLICA,84.9,4.8,197.2,98.8,51.4,234.9,1.01,14.3,2024-08-08,7.6,BAIXO,Sem condição crônica identificada (simulado),SEM_INTERCORRENCIA,False,test,SYNTHETIC,True
SYN-A9F948B24E6344BB,30,F,Barra de Mirvimar,SC,96.5,165.3,35.32,109,74,84,36.3,False,False,False,Sem histórico relevante,NUNCA_FUMOU,NENHUM,SEDENTARIO,REGULAR,5.1,False,False,False,True,False,False,False,1,OBESIDADE,,0,NAO_SE_APLICA,75.3,5.2,216.7,114.0,59.6,215.6,0.88,12.8,2024-02-28,8.2,BAIXO,Obesidade (simulado),SEM_INTERCORRENCIA,False,train,SYNTHETIC,True
SYN-8DB0674679274973,42,M,Barra de Tavrério,AL,65.2,163.1,24.51,118,70,88,36.5,True,False,False,Diabetes,FUMANTE_ATUAL,MODERADO,MODERADA,BOA,7.0,False,False,False,False,True,False,False,1,ASMA,Salbutamol,1,ALTA,84.3,4.7,213.7,163.5,31.1,95.7,0.95,15.6,2023-10-22,33.6,ALTO,Asma (simulado),SEM_INTERCORRENCIA,False,train,SYNTHETIC,True
SYN-FF233D5F6CED415D,70,F,Nova Zanvinel,RR,82.7,169.1,28.92,137,100,81,36.4,True,True,False,Diabetes; Hipertensão,NUNCA_FUMOU,MODERADO,MODERADA,RUIM,10.0,True,False,False,False,False,False,False,1,HIPERTENSAO,Losartana,1,ALTA,81.2,4.2,170.7,109.5,38.4,114.0,0.87,12.3,2023-03-29,41.3,MUITO_ALTO,Hipertensão arterial sistêmica controlada (simulado),INTERNACAO,True,validation,SYNTHETIC,True
SYN-5A10412954AE4D1B,58,M,Alto de Orvalelha,SE,65.3,170.3,22.52,109,63,63,36.4,True,True,False,Diabetes; Hipertensão,FUMANTE_ATUAL,MODERADO,MODERADA,BOA,8.4,False,False,False,False,False,False,False,0,SEM_CONDICAO_CRONICA,,0,NAO_SE_APLICA,92.4,4.9,169.9,85.7,44.3,199.4,1.02,15.9,2024-11-15,13.0,MODERADO,Sem condição crônica identificada (simulado),SEM_INTERCORRENCIA,False,train,SYNTHETIC,True
SYN-4E7ED827455A4762,77,M,Lago de Aurorém,DF,55.4,158.2,22.14,121,80,58,36.6,False,False,False,Sem histórico relevante,NUNCA_FUMOU,NENHUM,ATIVA,REGULAR,6.4,True,False,False,False,False,False,False,1,HIPERTENSAO,Anlodipino,1,ALTA,74.6,4.0,173.5,87.6,68.1,89.2,1.13,13.3,2023-01-29,34.7,ALTO,Hipertensão arterial sistêmica controlada (simulado),SEM_INTERCORRENCIA,False,train,SYNTHETIC,True
SYN-B8A6171F1EE34DC4,68,F,Barra de Mirvalena,AM,78.5,160.3,30.55,148,90,70,36.5,False,False,False,Sem histórico relevante,NUNCA_FUMOU,NENHUM,SEDENTARIO,BOA,7.5,True,False,False,True,False,False,False,2,HIPERTENSAO,Enalapril,1,MEDIA,82.6,4.9,123.9,30.6,71.3,110.1,0.98,13.5,2023-08-29,19.4,MODERADO,Hipertensão arterial sistêmica não controlada (simulado),SEM_INTERCORRENCIA,False,train,SYNTHETIC,True
SYN-BE2D740A1E9B43BC,55,F,Nova Aurival,PI,55.1,161.0,21.26,135,79,89,38.1,False,False,False,Sem histórico relevante,FUMANTE_ATUAL,NENHUM,SEDENTARIO,RUIM,7.8,False,False,False,False,False,False,True,1,INFECCAO_RESPIRATORIA_AGUDA,Amoxicilina; Paracetamol,2,BAIXA,84.4,4.6,192.3,117.1,45.8,146.9,1.04,14.0,2023-11-01,31.9,ALTO,Infecção respiratória aguda (simulado),SEM_INTERCORRENCIA,False,train,SYNTHETIC,True
SYN-B0AE8F08C31E4BBC,78,M,Lago de Belvanda,AC,72.7,178.7,22.77,136,88,70,36.3,False,False,False,Sem histórico relevante,NUNCA_FUMOU,NENHUM,SEDENTARIO,REGULAR,5.5,False,True,False,False,False,False,False,1,DIABETES_TIPO_2,Glibenclamida,1,BAIXA,205.2,9.1,222.7,168.8,37.7,80.9,1.16,15.5,2024-10-12,81.9,MUITO_ALTO,Diabetes mellitus tipo 2 descompensado (simulado),SEM_INTERCORRENCIA,False,train,SYNTHETIC,True
SYN-BD1531C837644BDA,55,F,Barra de Cendrunda,MG,70.0,166.1,25.37,101,53,67,36.4,True,False,False,Diabetes,EX_FUMANTE,NENHUM,MODERADA,RUIM,8.5,False,False,False,False,False,False,False,0,SEM_CONDICAO_CRONICA,,0,NAO_SE_APLICA,115.1,5.6,189.9,107.4,60.9,108.2,0.88,13.4,2023-11-28,6.0,BAIXO,Sem condição crônica identificada (simulado),SEM_INTERCORRENCIA,False,train,SYNTHETIC,True
SYN-96EF2AD6B97E4703,62,M,Vila Quirelunda,MG,94.3,169.4,32.86,145,89,78,37.2,False,True,False,Hipertensão,NUNCA_FUMOU,ELEVADO,MODERADA,RUIM,6.8,True,False,True,True,False,False,False,3,HIPERTENSAO,Enalapril; Atorvastatina,2,ALTA,94.7,5.3,169.3,86.4,42.2,203.5,1.01,14.6,2023-10-30,53.1,MUITO_ALTO,Hipertensão arterial sistêmica não controlada (simulado),SEM_INTERCORRENCIA,False,train,SYNTHETIC,True
SYN-98C7472A864E4A13,43,M,Alto de Tavralena,PA,84.0,185.9,24.31,140,78,80,36.4,True,False,False,Diabetes,FUMANTE_ATUAL,NENHUM,SEDENTARIO,REGULAR,6.9,True,False,True,False,False,False,False,2,HIPERTENSAO,Hidroclorotiazida,1,ALTA,80.5,4.0,197.5,132.1,41.5,119.5,0.95,14.3,2024-11-20,30.6,ALTO,Hipertensão arterial sistêmica não controlada (simulado),SEM_INTERCORRENCIA,False,train,SYNTHETIC,True
SYN-D52721E719BC443E,49,M,Barra de Cendrimar,CE,73.9,172.0,24.98,98,58,78,36.0,False,True,False,Hipertensão,NUNCA_FUMOU,MODERADO,ATIVA,REGULAR,7.0,False,False,False,False,False,False,False,0,SEM_CONDICAO_CRONICA,,0,NAO_SE_APLICA,83.9,4.6,179.4,109.0,57.7,63.6,0.97,13.6,2023-09-24,4.2,BAIXO,Sem condição crônica identificada (simulado),SEM_INTERCORRENCIA,False,test,SYNTHETIC,True
SYN-5C62B3A23A3C463E,36,F,Vila Cendrelha,AC,70.3,160.4,27.32,125,72,78,36.7,False,True,False,Hipertensão,NUNCA_FUMOU,ELEVADO,SEDENTARIO,RUIM,8.3,False,False,False,False,False,False,False,0,SEM_CONDICAO_CRONICA,,0,NAO_SE_APLICA,96.5,5.2,211.0,110.4,76.4,120.8,0.69,12.5,2024-07-06,4.2,BAIXO,Sem condição crônica identificada (simulado),SEM_INTERCORRENCIA,False,train,SYNTHETIC,True
SYN-B540B30E039F4A25,65,F,Serra de Dorvorém,RO,73.8,147.7,33.83,129,72,70,36.4,False,True,False,Hipertensão,EX_FUMANTE,NENHUM,SEDENTARIO,RUIM,6.2,False,False,True,True,False,False,False,2,DISLIPIDEMIA,,0,NAO_SE_APLICA,80.1,4.3,230.9,118.4,60.7,258.8,0.87,12.2,2023-01-24,54.1,MUITO_ALTO,Dislipidemia com LDL na meta (simulado),SEM_INTERCORRENCIA,False,validation,SYNTHETIC,True
SYN-0BA6EAB94639447B,28,F,Vila Ibirimar,RR,40.3,156.2,16.52,99,50,89,38.0,False,False,False,Sem histórico relevante,NUNCA_FUMOU,MODERADO,MODERADA,BOA,5.1,False,False,False,False,False,False,True,1,INFECCAO_RESPIRATORIA_AGUDA,Amoxicilina; Paracetamol,2,MEDIA,97.8,5.2,198.0,111.8,72.8,67.2,0.78,12.1,2024-03-13,1.0,BAIXO,Infecção respiratória aguda (simulado),SEM_INTERCORRENCIA,False,train,SYNTHETIC,True
SYN-4AC9778D8DA84EE4,61,M,Barra de Cendrimar,CE,68.6,161.8,26.2,121,75,53,36.6,True,False,True,Diabetes; Doença cardiovascular,NUNCA_FUMOU,MODERADO,ATIVA,BOA,7.4,False,False,False,False,False,False,False,0,SEM_CONDICAO_CRONICA,,0,NAO_SE_APLICA,92.8,5.0,191.1,140.6,35.4,75.5,1.04,16.6,2024-06-16,45.3,MUITO_ALTO,Sem condição crônica identificada (simulado),SEM_INTERCORRENCIA,False,train,SYNTHETIC,True
SYN-A34B6CF620534A42,45,F,Barra de Cendrunda,MG,61.7,161.9,23.54,117,70,51,36.8,False,False,False,Sem histórico relevante,EX_FUMANTE,NENHUM,MODERADA,REGULAR,4.8,False,False,False,False,True,False,False,1,ASMA,Budesonida,1,ALTA,88.5,5.1,193.6,95.2,65.7,163.4,0.74,11.5,2023-06-03,6.7,BAIXO,Asma (simulado),EVENTO_CARDIOVASCULAR,True,train,SYNTHETIC,True
SYN-1A432F0A7DAA49F0,68,F,Campo de Zanvinel,RO,80.8,172.2,27.25,135,78,73,36.6,False,False,False,Sem histórico relevante,NUNCA_FUMOU,MODERADO,ATIVA,BOA,6.7,False,False,False,False,False,False,False,0,SEM_CONDICAO_CRONICA,,0,NAO_SE_APLICA,75.4,4.5,169.9,89.1,52.5,141.6,0.88,14.3,2024-07-09,22.5,ALTO,Sem condição crônica identificada (simulado),SEM_INTERCORRENCIA,False,train,SYNTHETIC,True
SYN-48CA765192F54F7B,61,F,Alto de Falvelha,SC,67.2,163.7,25.08,133,83,88,36.5,False,False,False,Sem histórico relevante,FUMANTE_ATUAL,MODERADO,SEDENTARIO,RUIM,8.3,False,False,False,False,False,False,False,0,SEM_CONDICAO_CRONICA,,0,NAO_SE_APLICA,98.3,5.2,180.2,93.7,67.1,97.1,0.72,12.0,2024-10-20,36.5,ALTO,Sem condição crônica identificada (simulado),SEM_INTERCORRENCIA,False,train,SYNTHETIC,True
SYN-5738811D70C2403F,79,M,Lago de Jaquelério,BA,84.5,180.8,25.85,111,70,73,36.9,False,False,False,Sem histórico relevante,EX_FUMANTE,MODERADO,MODERADA,REGULAR,7.6,False,False,True,False,False,False,False,1,DISLIPIDEMIA,Atorvastatina,1,ALTA,83.4,4.8,170.4,67.0,59.2,221.0,1.2,13.8,2023-02-09,37.0,ALTO,Dislipidemia com LDL na meta (simulado),INTERNACAO,True,train,SYNTHETIC,True
SYN-40A26C600D274659,60,F,Vila Lumiranda,RS,61.4,164.2,22.77,111,65,63,35.9,True,False,True,Diabetes; Doença cardiovascular,NUNCA_FUMOU,MODERADO,ATIVA,BOA,8.1,False,False,False,False,False,False,False,0,SEM_CONDICAO_CRONICA,,0,NAO_SE_APLICA,90.8,4.3,209.8,121.0,66.4,112.0,0.78,12.2,2023-05-22,30.6,ALTO,Sem condição crônica identificada (simulado),SEM_INTERCORRENCIA,False,train,SYNTHETIC,True
SYN-1D34D08E7A4C45D4,21,M,Nova Mirvorém,MS,60.3,177.0,19.25,104,81,60,36.2,False,False,False,Sem histórico relevante,NUNCA_FUMOU,ELEVADO,MODERADA,REGULAR,7.7,False,False,False,False,True,False,False,1,ASMA,Budesonida,1,MEDIA,87.1,4.4,169.2,94.3,40.3,173.2,0.74,13.7,2023-04-16,0.8,BAIXO,Asma (simulado),SEM_INTERCORRENCIA,False,train,SYNTHETIC,True
SYN-7DE31A5166944343,47,M,Alto de Pelvival,RJ,74.2,182.6,22.25,128,82,87,36.4,False,False,False,Sem histórico relevante,NUNCA_FUMOU,NENHUM,SEDENTARIO,RUIM,9.7,False,False,True,False,False,False,False,1,DISLIPIDEMIA,Atorvastatina,1,MEDIA,75.1,4.0,111.6,36.7,38.6,181.4,1.03,15.7,2024-11-23,2.9,BAIXO,Dislipidemia com LDL na meta (simulado),SEM_INTERCORRENCIA,False,train,SYNTHETIC,True
SYN-AFBB411AA1234A8C,28,M,Nova Dorvelha,MA,57.7,171.8,19.55,85,65,74,36.1,False,False,True,Doença cardiovascular,FUMANTE_ATUAL,MODERADO,ATIVA,REGULAR,6.4,False,False,False,False,False,False,False,0,SEM_CONDICAO_CRONICA,,0,NAO_SE_APLICA,86.6,4.8,193.7,133.8,48.4,57.4,0.96,15.4,2023-08-02,4.9,BAIXO,Sem condição crônica identificada (simulado),SEM_INTERCORRENCIA,False,train,SYNTHETIC,True
SYN-CFA701CD2631400B,39,M,Nova Falvosa,RS,83.5,179.0,26.06,106,63,79,36.5,True,False,False,Diabetes,NUNCA_FUMOU,MODERADO,SEDENTARIO,REGULAR,7.4,False,True,False,False,False,False,False,1,DIABETES_TIPO_2,Metformina,1,ALTA,190.9,8.4,211.9,138.8,49.9,115.8,0.84,14.6,2024-11-22,11.9,MODERADO,Diabetes mellitus tipo 2 descompensado (simulado),SEM_INTERCORRENCIA,False,train,SYNTHETIC,True
SYN-15CE6A664DC84A1E,74,M,Vila Solvério,MS,75.1,175.7,24.33,108,67,76,36.4,False,False,False,Sem histórico relevante,NUNCA_FUMOU,MODERADO,SEDENTARIO,REGULAR,6.5,False,False,False,False,False,False,False,0,SEM_CONDICAO_CRONICA,,0,NAO_SE_APLICA,84.0,5.0,175.9,111.9,46.6,87.1,1.16,17.5,2023-10-05,18.9,MODERADO,Sem condição crônica identificada (simulado),SEM_INTERCORRENCIA,False,validation,SYNTHETIC,True
SYN-8EDDDFCD1E524770,59,M,Alto de Orvalival,MA,67.8,172.8,22.71,103,56,63,36.9,False,False,False,Sem histórico relevante,NUNCA_FUMOU,MODERADO,ATIVA,REGULAR,8.1,False,False,False,False,False,False,False,0,SEM_CONDICAO_CRONICA,,0,NAO_SE_APLICA,93.3,5.0,206.0,118.3,64.8,114.4,1.1,14.8,2024-12-15,10.9,MODERADO,Sem condição crônica identificada (simulado),SEM_INTERCORRENCIA,False,validation,SYNTHETIC,True
SYN-989BC4DA9B37422B,36,F,Barra de Aurival,PE,43.0,161.4,16.51,115,66,57,36.6,False,False,False,Sem histórico relevante,NUNCA_FUMOU,MODERADO,ATIVA,REGULAR,6.9,False,False,False,False,True,False,False,1,ASMA,Salbutamol,1,ALTA,94.2,4.7,177.5,86.7,75.5,76.7,0.97,13.3,2024-02-15,1.7,BAIXO,Asma (simulado),SEM_INTERCORRENCIA,False,train,SYNTHETIC,True
SYN-C693DA1139C641CA,31,M,Vila Lumiranda,RS,72.4,184.9,21.18,103,59,69,36.5,True,True,False,Diabetes; Hipertensão,NUNCA_FUMOU,ELEVADO,ATIVA,REGULAR,8.9,False,False,False,False,True,False,False,1,ASMA,Budesonida,1,MEDIA,88.9,4.8,122.1,64.5,44.4,66.1,0.89,14.1,2023-07-26,1.1,BAIXO,Asma (simulado),SEM_INTERCORRENCIA,False,train,SYNTHETIC,True
SYN-E893BE3D73544A6F,49,M,Nova Quirelelha,SC,76.9,167.5,27.41,97,77,65,36.5,True,False,False,Diabetes,FUMANTE_ATUAL,NENHUM,ATIVA,REGULAR,6.4,False,False,False,False,False,False,False,0,SEM_CONDICAO_CRONICA,,0,NAO_SE_APLICA,82.6,4.0,243.3,157.9,56.3,145.3,0.98,14.0,2024-01-07,18.0,MODERADO,Sem condição crônica identificada (simulado),SEM_INTERCORRENCIA,False,train,SYNTHETIC,True
SYN-96A9954FDC3341F9,27,M,Barra de Falvanda,AM,78.7,165.3,28.8,109,63,72,36.3,False,False,False,Sem histórico relevante,EX_FUMANTE,MODERADO,SEDENTARIO,RUIM,8.5,False,False,False,False,False,False,False,0,SEM_CONDICAO_CRONICA,,0,NAO_SE_APLICA,85.1,4.4,180.1,97.9,47.2,175.0,0.83,14.3,2023-04-11,4.3,BAIXO,Sem condição crônica identificada (simulado),SEM_INTERCORRENCIA,False,test,SYNTHETIC,True
SYN-9191B3634E2D4645,37,M,Nova Dorvelha,MA,57.8,164.9,21.26,132,76,85,36.9,True,False,False,Diabetes,FUMANTE_ATUAL,NENHUM,ATIVA,BOA,7.7,False,False,False,False,True,False,False,1,ASMA,Budesonida,1,MEDIA,83.1,4.0,189.4,119.3,51.1,94.9,1.0,15.7,2023-05-26,14.7,MODERADO,Asma (simulado),SEM_INTERCORRENCIA,False,validation,SYNTHETIC,True
SYN-F5C9B0479C104572,53,M,Alto de Tavralena,PA,88.1,179.0,27.5,100,54,76,37.0,False,False,False,Sem histórico relevante,NUNCA_FUMOU,MODERADO,SEDENTARIO,REGULAR,7.0,False,False,False,False,False,False,False,0,SEM_CONDICAO_CRONICA,,0,NAO_SE_APLICA,71.4,4.2,172.7,95.7,51.5,127.6,1.0,15.4,2024-04-04,9.1,BAIXO,Sem condição crônica identificada (simulado),SEM_INTERCORRENCIA,False,train,SYNTHETIC,True
SYN-C342BD2BF295456E,68,M,Barra de Orvalival,RR,72.6,179.9,22.43,125,77,50,36.2,False,True,False,Hipertensão,NUNCA_FUMOU,MODERADO,MODERADA,REGULAR,7.6,False,False,False,False,False,False,False,0,SEM_CONDICAO_CRONICA,,0,NAO_SE_APLICA,90.0,4.7,187.9,122.0,51.4,72.6,1.18,16.1,2024-07-04,32.4,ALTO,Sem condição crônica identificada (simulado),SEM_INTERCORRENCIA,False,validation,SYNTHETIC,True
SYN-43BFD93136054F54,58,F,Vale de Quirelorém,PB,74.8,149.7,33.38,140,78,86,39.3,True,False,True,Diabetes; Doença cardiovascular,NUNCA_FUMOU,MODERADO,SEDENTARIO,REGULAR,7.3,False,False,False,True,False,False,True,2,INFECCAO_RESPIRATORIA_AGUDA,Amoxicilina,1,ALTA,77.1,4.3,196.7,129.3,43.8,117.8,0.77,12.5,2023-11-06,52.6,MUITO_ALTO,Infecção respiratória aguda (simulado),INTERNACAO,True,validation,SYNTHETIC,True
SYN-3D67CDE9283444C0,61,F,Campo de Xervalena,PI,83.8,154.6,35.06,126,83,63,36.4,True,True,False,Diabetes; Hipertensão,EX_FUMANTE,NENHUM,MODERADA,RUIM,7.4,False,False,False,True,False,False,False,1,OBESIDADE,,0,NAO_SE_APLICA,93.2,4.5,170.2,93.4,51.7,125.7,0.89,13.8,2024-09-16,28.0,ALTO,Obesidade (simulado),SEM_INTERCORRENCIA,False,train,SYNTHETIC,True
SYN-2812859A1337439E,53,F,Nova Urvalorém,RR,62.0,155.7,25.57,136,69,71,36.4,False,False,False,Sem histórico relevante,NUNCA_FUMOU,MODERADO,MODERADA,REGULAR,6.8,False,False,False,False,False,False,False,0,SEM_CONDICAO_CRONICA,,0,NAO_SE_APLICA,77.0,4.1,237.6,157.5,52.9,136.1,0.77,13.5,2023-10-11,32.4,ALTO,Sem condição crônica identificada (simulado),SEM_INTERCORRENCIA,False,train,SYNTHETIC,True
SYN-B07AA066735445EA,49,F,Vale de Pelvelha,TO,90.3,163.7,33.7,115,71,54,36.7,True,True,False,Diabetes; Hipertensão,NUNCA_FUMOU,NENHUM,ATIVA,REGULAR,6.2,False,False,False,True,True,False,False,2,OBESIDADE,,0,NAO_SE_APLICA,81.3,4.7,212.1,129.4,51.5,156.2,0.56,13.6,2023-10-01,16.0,MODERADO,Obesidade (simulado),SEM_INTERCORRENCIA,False,test,SYNTHETIC,True
SYN-085B15FB4A8F4810,55,F,Serra de Aurimar,PB,59.4,157.6,23.92,131,66,80,36.8,False,False,False,Sem histórico relevante,NUNCA_FUMOU,NENHUM,SEDENTARIO,REGULAR,6.6,False,False,True,False,False,False,False,1,DISLIPIDEMIA,,0,NAO_SE_APLICA,95.7,4.5,240.5,162.4,51.2,134.7,0.89,12.3,2024-02-11,24.3,ALTO,Dislipidemia com LDL elevado (simulado),SEM_INTERCORRENCIA,False,validation,SYNTHETIC,True
SYN-48603B32B4FB4EB9,75,F,Nova Falvosa,RS,56.8,159.4,22.35,134,76,73,36.6,False,False,False,Sem histórico relevante,EX_FUMANTE,NENHUM,SEDENTARIO,REGULAR,5.1,False,False,False,False,False,False,False,0,SEM_CONDICAO_CRONICA,,0,NAO_SE_APLICA,89.6,4.9,195.0,136.8,40.3,89.3,0.68,12.2,2023-10-16,45.8,MUITO_ALTO,Sem condição crônica identificada (simulado),SEM_INTERCORRENCIA,False,test,SYNTHETIC,True
SYN-1238D630743B45A2,54,F,Campo de Mirvosa,PA,53.1,150.5,23.44,117,68,72,36.5,False,False,False,Sem histórico relevante,EX_FUMANTE,ELEVADO,SEDENTARIO,BOA,7.9,False,False,False,False,False,False,False,0,SEM_CONDICAO_CRONICA,,0,NAO_SE_APLICA,72.6,4.0,169.3,102.5,56.3,52.7,0.79,13.7,2024-05-18,9.5,BAIXO,Sem condição crônica identificada (simulado),SEM_INTERCORRENCIA,False,train,SYNTHETIC,True
SYN-43B9DA13EC854F37,38,M,Vila Cendrelha,AC,78.9,179.1,24.6,103,60,80,37.0,False,True,False,Hipertensão,FUMANTE_ATUAL,NENHUM,SEDENTARIO,REGULAR,5.6,False,True,False,False,False,True,False,2,DOENCA_RENAL_CRONICA,Glibenclamida,1,MEDIA,143.9,6.1,213.0,108.4,55.6,244.8,1.53,14.7,2024-10-21,45.0,MUITO_ALTO,Doença renal crônica (simulado),SEM_INTERCORRENCIA,False,train,SYNTHETIC,True
SYN-96FC734DA0034D28,58,F,Barra de Mirvival,RS,90.4,160.5,35.09,117,70,71,36.4,False,False,False,Sem histórico relevante,NUNCA_FUMOU,ELEVADO,MODERADA,REGULAR,6.8,False,False,True,True,False,False,False,2,DISLIPIDEMIA,Sinvastatina,1,ALTA,94.9,5.4,214.3,140.4,53.5,101.8,0.82,12.6,2023-08-31,39.9,ALTO,Dislipidemia com LDL na meta (simulado),SEM_INTERCORRENCIA,False,train,SYNTHETIC,True
SYN-32A447B2EF04457D,21,M,Vale de Cendrorém,SE,71.8,176.1,23.15,85,60,78,36.6,False,False,False,Sem histórico relevante,FUMANTE_ATUAL,NENHUM,SEDENTARIO,REGULAR,7.7,False,False,False,False,False,False,False,0,SEM_CONDICAO_CRONICA,,0,NAO_SE_APLICA,84.0,5.0,166.2,90.6,51.5,120.6,0.88,15.4,2023-12-23,2.4,BAIXO,Sem condição crônica identificada (simulado),SEM_INTERCORRENCIA,False,validation,SYNTHETIC,True
SYN-398D1CA68B6840B5,73,M,Alto de Quirelorém,PE,71.6,173.1,23.9,129,89,74,37.1,True,False,False,Diabetes,NUNCA_FUMOU,MODERADO,SEDENTARIO,REGULAR,7.9,False,False,False,False,False,False,False,0,SEM_CONDICAO_CRONICA,,0,NAO_SE_APLICA,86.6,4.5,167.8,101.8,44.4,107.8,1.09,16.0,2023-09-02,26.6,ALTO,Sem condição crônica identificada (simulado),SEM_INTERCORRENCIA,False,train,SYNTHETIC,True
SYN-44007D5AE88D4719,54,F,Alto de Quirelorém,PE,59.0,155.8,24.31,121,74,76,36.2,False,False,False,Sem histórico relevante,NUNCA_FUMOU,MODERADO,SEDENTARIO,RUIM,5.0,False,False,True,False,False,False,False,1,DISLIPIDEMIA,,0,NAO_SE_APLICA,92.0,4.6,187.5,116.8,42.8,139.3,0.85,12.8,2024-03-07,14.0,MODERADO,Dislipidemia com LDL na meta (simulado),SEM_INTERCORRENCIA,False,validation,SYNTHETIC,True
SYN-0F44704F12474A4E,62,F,Lago de Zanvelha,RR,91.5,172.4,30.79,143,79,79,36.5,False,True,False,Hipertensão,NUNCA_FUMOU,MODERADO,SEDENTARIO,BOA,6.9,True,False,False,True,False,False,False,2,HIPERTENSAO,,0,NAO_SE_APLICA,91.8,4.7,194.6,101.4,67.1,130.5,0.82,11.8,2024-03-22,38.3,ALTO,Hipertensão arterial sistêmica não controlada (simulado),SEM_INTERCORRENCIA,False,train,SYNTHETIC,True
SYN-9854CE4E4EBF45C3,38,F,Campo de Ibirorém,RN,58.6,147.5,26.93,111,68,74,36.9,False,False,False,Sem histórico relevante,NUNCA_FUMOU,MODERADO,MODERADA,BOA,7.5,False,False,False,False,False,False,False,0,SEM_CONDICAO_CRONICA,,0,NAO_SE_APLICA,81.6,4.2,177.2,124.5,34.2,92.4,1.06,11.9,2023-11-26,12.2,MODERADO,Sem condição crônica identificada (simulado),SEM_INTERCORRENCIA,False,train,SYNTHETIC,True
SYN-EBD3461691B74D8E,62,M,Vila Ibirimar,RR,74.1,174.6,24.31,133,76,86,36.8,False,True,True,Hipertensão; Doença cardiovascular,NUNCA_FUMOU,MODERADO,SEDENTARIO,BOA,7.1,False,False,True,False,False,False,False,1,DISLIPIDEMIA,Atorvastatina,1,MEDIA,90.0,4.5,245.5,164.0,43.1,192.1,1.0,14.1,2023-02-22,48.1,MUITO_ALTO,Dislipidemia com LDL elevado (simulado),INTERNACAO,True,validation,SYNTHETIC,True
SYN-77FC97031FD54423,66,F,Barra de Mirvério,MT,50.3,152.1,21.74,124,79,71,36.9,False,True,False,Hipertensão,NUNCA_FUMOU,ELEVADO,SEDENTARIO,RUIM,8.5,False,False,False,False,True,False,False,1,ASMA,,0,NAO_SE_APLICA,86.6,4.8,229.2,171.5,45.1,63.0,0.71,12.8,2024-11-08,39.7,ALTO,Asma (simulado),SEM_INTERCORRENCIA,False,validation,SYNTHETIC,True
SYN-670ACC5CB3214F21,52,M,Serra de Solvival,ES,75.3,180.1,23.21,109,68,78,36.2,True,False,False,Diabetes,NUNCA_FUMOU,MODERADO,SEDENTARIO,RUIM,6.1,False,False,False,False,False,False,False,0,SEM_CONDICAO_CRONICA,,0,NAO_SE_APLICA,105.1,6.0,196.9,116.3,57.2,116.9,0.83,14.8,2024-05-26,6.7,BAIXO,Sem condição crônica identificada (simulado),SEM_INTERCORRENCIA,False,train,SYNTHETIC,True
SYN-8A3C3B5E801E41DA,52,M,Vale de Velmorém,PB,101.9,174.9,33.31,140,74,98,36.7,True,False,False,Diabetes,EX_FUMANTE,NENHUM,SEDENTARIO,REGULAR,4.7,True,False,False,True,False,False,False,2,HIPERTENSAO,Anlodipino,1,BAIXA,91.1,4.7,187.5,123.3,41.9,111.3,1.08,14.8,2024-06-11,35.8,ALTO,Hipertensão arterial sistêmica não controlada (simulado),SEM_INTERCORRENCIA,False,train,SYNTHETIC,True
SYN-9918EE4614974658,53,M,Nova Dorvelha,MA,73.0,165.2,26.75,141,89,75,36.5,True,True,False,Diabetes; Hipertensão,FUMANTE_ATUAL,NENHUM,MODERADA,BOA,7.9,False,True,False,False,False,False,False,1,DIABETES_TIPO_2,Glibenclamida,1,ALTA,134.8,6.7,157.9,62.3,70.0,128.2,0.81,14.5,2024-08-07,33.6,ALTO,Diabetes mellitus tipo 2 compensado (simulado),SEM_INTERCORRENCIA,False,train,SYNTHETIC,True
SYN-BC0A6A5D6E994E3E,33,F,Alto de Tavralena,PA,68.5,160.2,26.69,117,77,76,37.3,False,True,False,Hipertensão,EX_FUMANTE,MODERADO,SEDENTARIO,RUIM,6.4,False,False,False,False,False,False,False,0,SEM_CONDICAO_CRONICA,,0,NAO_SE_APLICA,92.8,5.0,217.9,145.5,52.3,100.6,0.58,13.9,2023-01-20,7.4,BAIXO,Sem condição crônica identificada (simulado),SEM_INTERCORRENCIA,False,train,SYNTHETIC,True
SYN-069F14F140184C6E,45,F,Vale de Velmorém,PB,73.0,145.0,34.72,117,81,65,36.8,True,True,True,Diabetes; Hipertensão; Doença cardiovascular,NUNCA_FUMOU,MODERADO,SEDENTARIO,RUIM,5.1,False,False,False,True,False,False,False,1,OBESIDADE,,0,NAO_SE_APLICA,89.5,4.2,191.4,121.4,42.2,139.0,0.61,12.4,2024-10-05,16.2,MODERADO,Obesidade (simulado),SEM_INTERCORRENCIA,False,test,SYNTHETIC,True
SYN-AC9ED156F63F4E41,45,F,Nova Velmério,RJ,83.5,157.9,33.49,131,76,66,36.6,False,True,False,Hipertensão,NUNCA_FUMOU,MODERADO,MODERADA,RUIM,6.8,True,False,False,True,True,False,False,3,HIPERTENSAO,Hidroclorotiazida; Budesonida,2,MEDIA,85.6,4.6,209.9,138.5,37.6,169.2,0.82,14.5,2023-03-04,17.5,MODERADO,Hipertensão arterial sistêmica controlada (simulado),SEM_INTERCORRENCIA,False,train,SYNTHETIC,True
SYN-964DB03F93404FAD,55,F,Vila Urvalelha,SP,61.0,159.4,24.01,121,74,71,36.7,True,False,False,Diabetes,EX_FUMANTE,MODERADO,MODERADA,BOA,8.4,False,False,False,False,False,False,False,0,SEM_CONDICAO_CRONICA,,0,NAO_SE_APLICA,93.9,4.8,224.0,136.9,66.0,105.5,0.97,14.1,2024-07-05,36.1,ALTO,Sem condição crônica identificada (simulado),SEM_INTERCORRENCIA,False,validation,SYNTHETIC,True
SYN-C3C75611FFE34A49,65,F,Campo de Xervalena,PI,56.6,151.2,24.76,116,63,77,36.6,False,True,False,Hipertensão,NUNCA_FUMOU,NENHUM,MODERADA,BOA,5.6,False,False,False,False,False,False,False,0,SEM_CONDICAO_CRONICA,,0,NAO_SE_APLICA,94.2,5.4,179.2,100.4,48.5,151.4,0.74,14.1,2024-11-28,23.1,ALTO,Sem condição crônica identificada (simulado),SEM_INTERCORRENCIA,False,train,SYNTHETIC,True
SYN-9384EC2B44FE4CAE,30,M,Vila Mirvanda,PB,60.8,164.1,22.58,102,62,82,36.8,False,False,False,Sem histórico relevante,NUNCA_FUMOU,MODERADO,SEDENTARIO,REGULAR,9.6,False,False,False,False,False,False,False,0,SEM_CONDICAO_CRONICA,,0,NAO_SE_APLICA,108.1,5.9,157.8,89.1,39.2,147.5,0.96,14.1,2024-01-06,5.4,BAIXO,Sem condição crônica identificada (simulado),SEM_INTERCORRENCIA,False,validation,SYNTHETIC,True
SYN-2CD94CBBC19A458C,46,M,Vale de Cendrimar,PI,57.6,157.3,23.28,113,71,70,36.3,False,True,False,Hipertensão,NUNCA_FUMOU,MODERADO,ATIVA,RUIM,6.1,False,False,False,False,False,False,False,0,SEM_CONDICAO_CRONICA,,0,NAO_SE_APLICA,96.3,5.1,262.5,176.1,63.1,116.4,0.66,14.7,2024-06-06,19.5,MODERADO,Sem condição crônica identificada (simulado),SEM_INTERCORRENCIA,False,train,SYNTHETIC,True
SYN-7135F221A6C9437F,73,M,Vila Cendranda,GO,48.3,150.2,21.41,154,84,98,37.4,False,True,False,Hipertensão,EX_FUMANTE,MODERADO,SEDENTARIO,REGULAR,7.1,True,False,False,False,False,False,True,2,HIPERTENSAO,,0,NAO_SE_APLICA,95.9,5.4,214.8,137.2,52.5,125.4,0.99,15.5,2024-09-30,45.7,MUITO_ALTO,Hipertensão arterial sistêmica não controlada (simulado),SEM_INTERCORRENCIA,False,train,SYNTHETIC,True
SYN-FF37D19C2E76428B,35,M,Nova Belvunda,RS,56.5,171.1,19.3,114,70,67,36.2,False,False,False,Sem histórico relevante,NUNCA_FUMOU,MODERADO,SEDENTARIO,REGULAR,5.7,False,False,False,False,False,False,False,0,SEM_CONDICAO_CRONICA,,0,NAO_SE_APLICA,95.0,4.9,175.2,100.0,37.5,188.3,1.0,14.6,2024-02-18,5.8,BAIXO,Sem condição crônica identificada (simulado),SEM_INTERCORRENCIA,False,validation,SYNTHETIC,True
SYN-D0725B5CA2814044,34,F,Vila Relvorém,MT,44.0,159.5,17.3,102,62,71,36.7,False,True,False,Hipertensão,NUNCA_FUMOU,ELEVADO,ATIVA,RUIM,7.0,False,False,False,False,False,False,False,0,SEM_CONDICAO_CRONICA,,0,NAO_SE_APLICA,81.9,4.9,223.3,155.8,56.9,53.2,0.69,12.5,2023-12-25,2.1,BAIXO,Sem condição crônica identificada (simulado),SEM_INTERCORRENCIA,False,train,SYNTHETIC,True
SYN-785299F4175B498D,51,M,Vale de Orvalunda,TO,99.2,184.6,29.11,127,74,72,36.4,True,False,False,Diabetes,NUNCA_FUMOU,MODERADO,MODERADA,REGULAR,6.9,False,False,False,False,False,False,False,0,SEM_CONDICAO_CRONICA,,0,NAO_SE_APLICA,79.7,4.4,180.8,113.3,31.2,181.3,1.11,14.1,2024-08-13,23.7,ALTO,Sem condição crônica identificada (simulado),SEM_INTERCORRENCIA,False,train,SYNTHETIC,True
SYN-5230DFBD555342FE,62,M,Alto de Orvalimar,TO,54.3,165.2,19.9,124,81,73,36.6,False,False,False,Sem histórico relevante,NUNCA_FUMOU,ELEVADO,MODERADA,REGULAR,5.4,True,False,False,False,False,False,False,1,HIPERTENSAO,Losartana; Hidroclorotiazida,2,ALTA,79.7,4.8,202.9,142.0,28.5,162.1,0.77,14.1,2024-07-29,21.7,ALTO,Hipertensão arterial sistêmica controlada (simulado),SEM_INTERCORRENCIA,False,train,SYNTHETIC,True
SYN-292BD156DB944570,48,M,Nova Belvunda,RS,93.0,173.0,31.07,140,82,64,36.9,True,False,False,Diabetes,NUNCA_FUMOU,NENHUM,ATIVA,REGULAR,10.0,True,True,False,True,False,False,False,3,DIABETES_TIPO_2,Glibenclamida,1,ALTA,178.0,8.2,172.3,77.0,55.9,197.2,0.89,13.6,2023-03-02,22.4,ALTO,Diabetes mellitus tipo 2 descompensado (simulado),SEM_INTERCORRENCIA,False,test,SYNTHETIC,True
SYN-7ED70ED7B194490B,71,M,Serra de Pelvorém,TO,61.5,161.7,23.52,142,84,67,36.1,False,False,False,Sem histórico relevante,NUNCA_FUMOU,MODERADO,SEDENTARIO,BOA,6.5,True,False,False,False,False,False,False,1,HIPERTENSAO,,0,NAO_SE_APLICA,102.4,5.4,196.9,105.0,50.9,204.9,1.13,17.7,2023-02-16,40.1,MUITO_ALTO,Hipertensão arterial sistêmica não controlada (simulado),SEM_INTERCORRENCIA,False,test,SYNTHETIC,True
SYN-668409E3F1F8443E,63,F,Barra de Pelvosa,PE,91.6,171.2,31.25,124,66,56,36.5,False,True,False,Hipertensão,NUNCA_FUMOU,MODERADO,ATIVA,REGULAR,6.5,True,False,True,True,False,True,False,4,DOENCA_RENAL_CRONICA,Losartana; Sinvastatina,2,BAIXA,98.2,4.8,217.0,85.7,61.2,350.3,1.74,10.2,2024-06-04,50.4,MUITO_ALTO,Doença renal crônica (simulado),SEM_INTERCORRENCIA,False,train,SYNTHETIC,True
SYN-0964FBBF8CD341B0,62,F,Barra de Xervinel,BA,62.9,161.6,24.09,89,59,75,36.2,False,False,False,Sem histórico relevante,NUNCA_FUMOU,MODERADO,MODERADA,REGULAR,8.1,False,False,False,False,False,False,False,0,SEM_CONDICAO_CRONICA,,0,NAO_SE_APLICA,88.3,4.6,172.7,96.0,57.7,95.1,0.9,12.2,2024-06-02,7.9,BAIXO,Sem condição crônica identificada (simulado),SEM_INTERCORRENCIA,False,train,SYNTHETIC,True
SYN-409D360250844242,57,F,Serra de Dorvorém,RO,59.5,170.2,20.54,117,67,80,36.5,True,False,False,Diabetes,NUNCA_FUMOU,NENHUM,SEDENTARIO,REGULAR,9.0,False,False,False,False,False,False,False,0,SEM_CONDICAO_CRONICA,,0,NAO_SE_APLICA,104.0,5.5,198.6,135.4,45.6,87.8,0.84,13.8,2024-08-16,13.0,MODERADO,Sem condição crônica identificada (simulado),SEM_INTERCORRENCIA,False,validation,SYNTHETIC,True
SYN-C5C5B37AF85E46A1,88,F,Vila Quirelunda,MG,88.7,165.2,32.5,137,88,75,36.2,True,False,False,Diabetes,NUNCA_FUMOU,MODERADO,SEDENTARIO,REGULAR,8.2,True,True,True,True,False,False,False,4,DIABETES_TIPO_2,Hidroclorotiazida; Anlodipino; Metformina,3,MEDIA,161.3,7.6,221.3,98.7,62.2,302.2,0.8,12.5,2023-03-03,86.6,MUITO_ALTO,Diabetes mellitus tipo 2 descompensado (simulado),EVENTO_CARDIOVASCULAR,True,train,SYNTHETIC,True
SYN-D32E6DCD83BC4478,45,M,Alto de Jaquelanda,BA,99.3,173.8,32.87,103,57,76,36.6,True,True,False,Diabetes; Hipertensão,EX_FUMANTE,NENHUM,SEDENTARIO,RUIM,5.7,False,False,False,True,False,False,False,1,OBESIDADE,,0,NAO_SE_APLICA,81.6,4.5,209.1,162.8,23.9,112.0,0.88,14.4,2023-04-24,25.8,ALTO,Obesidade (simulado),SEM_INTERCORRENCIA,False,train,SYNTHETIC,True
SYN-DE8EDE0BA85C4E4A,27,F,Alto de Orvalival,MA,49.4,162.3,18.75,97,62,61,36.5,False,False,False,Sem histórico relevante,NUNCA_FUMOU,ELEVADO,ATIVA,REGULAR,7.2,False,False,False,False,False,False,False,0,SEM_CONDICAO_CRONICA,,0,NAO_SE_APLICA,90.7,4.7,171.3,67.4,56.8,235.5,0.98,13.6,2023-01-21,1.4,BAIXO,Sem condição crônica identificada (simulado),SEM_INTERCORRENCIA,False,validation,SYNTHETIC,True
SYN-0DE051A669CA47D2,75,M,Nova Quirelunda,AP,78.6,169.6,27.33,135,67,81,36.8,False,True,True,Hipertensão; Doença cardiovascular,NUNCA_FUMOU,NENHUM,SEDENTARIO,RUIM,4.9,False,False,False,False,False,False,False,0,SEM_CONDICAO_CRONICA,,0,NAO_SE_APLICA,102.2,5.3,156.8,81.3,44.4,155.5,0.94,15.8,2023-07-27,55.3,MUITO_ALTO,Sem condição crônica identificada (simulado),SEM_INTERCORRENCIA,False,train,SYNTHETIC,True
SYN-9F64EEED5C9D427D,40,M,Barra de Dorvival,AP,65.2,172.3,21.96,113,72,77,37.0,False,True,True,Hipertensão; Doença cardiovascular,NUNCA_FUMOU,NENHUM,SEDENTARIO,REGULAR,8.0,False,False,False,False,True,False,False,1,ASMA,Budesonida,1,BAIXA,81.6,4.4,202.4,139.0,43.0,102.1,0.78,14.5,2024-01-03,12.9,MODERADO,Asma (simulado),SEM_INTERCORRENCIA,False,train,SYNTHETIC,True
SYN-71299889A01A4992,50,F,Vale de Cendrimar,PI,54.5,150.0,24.22,123,72,69,36.6,True,False,False,Diabetes,NUNCA_FUMOU,MODERADO,MODERADA,REGULAR,5.2,False,False,True,False,False,False,False,1,DISLIPIDEMIA,Sinvastatina,1,ALTA,74.5,4.1,211.9,137.3,56.0,93.1,0.87,14.1,2023-09-21,9.6,BAIXO,Dislipidemia com LDL na meta (simulado),SEM_INTERCORRENCIA,False,test,SYNTHETIC,True
SYN-445DCC38341C4494,70,F,Alto de Orvalimar,TO,58.4,149.4,26.16,128,79,80,36.9,False,True,False,Hipertensão,NUNCA_FUMOU,NENHUM,MODERADA,REGULAR,6.1,False,True,True,False,False,False,False,2,DIABETES_TIPO_2,Sinvastatina,1,ALTA,143.9,7.3,265.1,168.5,51.3,226.7,0.74,11.5,2023-03-29,79.6,MUITO_ALTO,Diabetes mellitus tipo 2 descompensado (simulado),SEM_INTERCORRENCIA,False,test,SYNTHETIC,True
SYN-49BC473FED7B4656,21,M,Serra de Aurimar,PB,59.6,161.5,22.85,95,55,82,37.0,False,True,False,Hipertensão,EX_FUMANTE,NENHUM,SEDENTARIO,REGULAR,7.0,False,False,False,False,False,False,False,0,SEM_CONDICAO_CRONICA,,0,NAO_SE_APLICA,96.4,4.8,177.9,116.4,47.9,68.1,1.09,14.2,2024-02-09,0.9,BAIXO,Sem condição crônica identificada (simulado),SEM_INTERCORRENCIA,False,train,SYNTHETIC,True
SYN-7C16128DB2C04394,27,M,Alto de Falvinel,AL,51.4,176.5,16.5,109,59,53,36.3,False,True,True,Hipertensão; Doença cardiovascular,NUNCA_FUMOU,MODERADO,ATIVA,RUIM,7.5,False,False,False,False,True,False,False,1,ASMA,Salbutamol,1,ALTA,61.2,4.0,190.9,127.6,41.1,111.2,1.23,15.3,2023-08-26,6.9,BAIXO,Asma (simulado),SEM_INTERCORRENCIA,False,train,SYNTHETIC,True
SYN-A14923C2F920464C,21,F,Barra de Mirvival,RS,52.1,160.0,20.35,108,62,72,37.0,False,False,False,Sem histórico relevante,EX_FUMANTE,MODERADO,MODERADA,REGULAR,6.7,False,False,False,False,False,False,False,0,SEM_CONDICAO_CRONICA,,0,NAO_SE_APLICA,97.6,5.1,190.8,128.1,54.7,39.9,0.65,15.2,2023-07-29,2.2,BAIXO,Sem condição crônica identificada (simulado),SEM_INTERCORRENCIA,False,train,SYNTHETIC,True
SYN-B5B453CA3D42493C,34,F,Vila Quirelunda,MG,65.0,160.9,25.11,109,68,58,36.6,False,True,False,Hipertensão,NUNCA_FUMOU,NENHUM,ATIVA,REGULAR,8.7,False,False,False,False,False,False,False,0,SEM_CONDICAO_CRONICA,,0,NAO_SE_APLICA,77.7,4.0,211.2,110.5,64.9,179.1,0.76,12.2,2024-07-19,4.7,BAIXO,Sem condição crônica identificada (simulado),EVENTO_CARDIOVASCULAR,True,train,SYNTHETIC,True
SYN-03802B708D03491E,55,M,Barra de Pelvelha,MA,73.4,171.6,24.93,118,74,92,37.6,False,False,True,Doença cardiovascular,EX_FUMANTE,MODERADO,SEDENTARIO,BOA,7.8,False,False,False,False,False,False,True,1,INFECCAO_RESPIRATORIA_AGUDA,Paracetamol; Amoxicilina,2,MEDIA,96.5,4.5,217.8,158.9,40.0,94.6,0.79,13.7,2023-08-21,37.6,ALTO,Infecção respiratória aguda (simulado),INTERNACAO,True,train,SYNTHETIC,True
SYN-3985FB6217DC4EFF,57,F,Barra de Solvunda,RR,60.5,154.1,25.48,132,80,48,36.7,True,True,False,Diabetes; Hipertensão,EX_FUMANTE,MODERADO,SEDENTARIO,REGULAR,7.7,True,False,True,False,True,False,False,3,HIPERTENSAO,Losartana,1,ALTA,72.1,4.1,235.7,166.2,52.0,87.6,0.94,13.5,2024-02-07,32.9,ALTO,Hipertensão arterial sistêmica controlada (simulado),SEM_INTERCORRENCIA,False,train,SYNTHETIC,True
SYN-1D0BC9BDE9B545CF,53,M,Vila Mirvanda,PB,68.4,183.6,20.29,106,58,74,36.6,False,False,False,Sem histórico relevante,NUNCA_FUMOU,MODERADO,MODERADA,BOA,5.6,False,False,False,False,False,False,False,0,SEM_CONDICAO_CRONICA,,0,NAO_SE_APLICA,75.5,4.0,189.3,121.4,48.9,95.0,0.73,14.9,2023-02-18,7.4,BAIXO,Sem condição crônica identificada (simulado),SEM_INTERCORRENCIA,False,validation,SYNTHETIC,True
SYN-A5D04D531E1242E3,24,F,Barra de Cendrinel,MA,56.0,159.4,22.04,115,80,82,36.2,False,True,True,Hipertensão; Doença cardiovascular,NUNCA_FUMOU,NENHUM,SEDENTARIO,REGULAR,8.9,False,False,False,False,False,False,False,0,SEM_CONDICAO_CRONICA,,0,NAO_SE_APLICA,94.8,5.6,202.2,145.8,36.2,101.2,0.53,12.5,2024-06-20,4.7,BAIXO,Sem condição crônica identificada (simulado),SEM_INTERCORRENCIA,False,validation,SYNTHETIC,True
SYN-EEC259DC7F95497C,73,F,Barra de Mirvério,MT,85.1,162.9,32.07,140,85,75,36.3,True,False,False,Diabetes,NUNCA_FUMOU,NENHUM,SEDENTARIO,BOA,6.1,True,True,True,True,False,False,False,4,DIABETES_TIPO_2,Anlodipino; Glibenclamida,2,ALTA,108.5,5.3,231.1,148.6,34.0,242.3,0.9,12.0,2024-02-01,92.2,MUITO_ALTO,Diabetes mellitus tipo 2 compensado (simulado),INTERNACAO,True,train,SYNTHETIC,True
SYN-B495DB4E82454FB4,49,F,Barra de Lumirelha,DF,54.6,152.2,23.57,119,67,69,37.1,False,True,False,Hipertensão,FUMANTE_ATUAL,ELEVADO,SEDENTARIO,RUIM,8.9,False,False,False,False,False,False,False,0,SEM_CONDICAO_CRONICA,,0,NAO_SE_APLICA,89.6,4.6,158.5,71.1,53.2,170.8,0.85,12.7,2024-07-26,14.7,MODERADO,Sem condição crônica identificada (simulado),SEM_INTERCORRENCIA,False,test,SYNTHETIC,True
SYN-7B85179AD5B047E0,40,M,Vila Orvalorém,PI,69.9,165.3,25.58,137,83,88,36.7,False,True,False,Hipertensão,FUMANTE_ATUAL,MODERADO,ATIVA,REGULAR,9.2,True,False,False,False,False,False,False,1,HIPERTENSAO,Hidroclorotiazida,1,ALTA,111.7,5.9,143.0,70.9,46.5,127.9,0.77,15.3,2023-08-09,11.1,MODERADO,Hipertensão arterial sistêmica controlada (simulado),INTERNACAO,True,train,SYNTHETIC,True
SYN-74EFF5453E654603,56,F,Vale de Dorvimar,ES,70.7,167.1,25.32,105,66,77,37.0,False,True,False,Hipertensão,NUNCA_FUMOU,NENHUM,ATIVA,RUIM,7.6,False,False,False,False,False,False,False,0,SEM_CONDICAO_CRONICA,,0,NAO_SE_APLICA,80.9,4.4,189.2,103.8,56.1,146.7,0.75,12.9,2023-12-18,12.8,MODERADO,Sem condição crônica identificada (simulado),SEM_INTERCORRENCIA,False,test,SYNTHETIC,True
SYN-30CBD7556232417A,60,F,Alto de Orvalimar,TO,73.0,166.3,26.4,127,75,62,36.5,False,True,False,Hipertensão,EX_FUMANTE,MODERADO,ATIVA,RUIM,8.1,True,False,False,False,False,False,False,1,HIPERTENSAO,Hidroclorotiazida; Anlodipino,2,MEDIA,81.0,4.7,202.4,115.3,66.1,105.2,0.63,14.4,2023-11-10,22.9,ALTO,Hipertensão arterial sistêmica controlada (simulado),SEM_INTERCORRENCIA,False,train,SYNTHETIC,True
SYN-BF0D073D821C4336,50,M,Vila Urvalosa,CE,58.4,172.8,19.56,105,62,65,36.4,False,True,False,Hipertensão,NUNCA_FUMOU,NENHUM,ATIVA,BOA,4.0,False,False,False,False,False,False,False,0,SEM_CONDICAO_CRONICA,,0,NAO_SE_APLICA,85.9,4.4,258.2,193.4,43.1,108.5,0.95,14.7,2024-12-21,14.7,MODERADO,Sem condição crônica identificada (simulado),SEM_INTERCORRENCIA,False,train,SYNTHETIC,True
SYN-11DF12D7DD304E89,61,F,Alto de Orvalelha,SE,55.8,156.5,22.78,121,78,49,36.1,False,False,False,Sem histórico relevante,NUNCA_FUMOU,MODERADO,ATIVA,REGULAR,6.8,False,False,False,False,False,False,False,0,SEM_CONDICAO_CRONICA,,0,NAO_SE_APLICA,86.3,4.7,190.0,137.7,39.3,65.1,0.74,13.8,2023-03-16,20.4,ALTO,Sem condição crônica identificada (simulado),SEM_INTERCORRENCIA,False,train,SYNTHETIC,True
SYN-DABAC50DCA3D4859,52,F,Barra de Xervunda,RJ,62.3,153.6,26.41,147,96,80,36.9,False,False,False,Sem histórico relevante,EX_FUMANTE,MODERADO,SEDENTARIO,REGULAR,8.2,True,False,False,False,False,False,False,1,HIPERTENSAO,,0,NAO_SE_APLICA,92.9,5.2,191.1,99.1,66.9,125.6,0.72,13.5,2023-05-28,25.1,ALTO,Hipertensão arterial sistêmica não controlada (simulado),SEM_INTERCORRENCIA,False,train,SYNTHETIC,True
SYN-C9A7D91FEF2A4713,57,F,Campo de Xervalena,PI,61.4,155.7,25.33,127,63,64,36.7,False,True,False,Hipertensão,NUNCA_FUMOU,ELEVADO,SEDENTARIO,REGULAR,8.0,True,False,True,False,False,False,False,2,HIPERTENSAO,Anlodipino; Sinvastatina,2,BAIXA,83.4,4.2,211.0,123.9,62.9,120.9,0.9,12.8,2024-12-10,26.0,ALTO,Hipertensão arterial sistêmica controlada (simulado),SEM_INTERCORRENCIA,False,test,SYNTHETIC,True
SYN-00A81DE9D20F47D0,36,F,Nova Mirvorém,MS,55.4,150.9,24.33,145,92,73,36.5,False,False,False,Sem histórico relevante,NUNCA_FUMOU,ELEVADO,ATIVA,REGULAR,5.7,False,False,False,False,False,False,False,0,SEM_CONDICAO_CRONICA,,0,NAO_SE_APLICA,94.9,5.1,200.7,94.7,71.8,171.1,0.77,14.0,2023-03-04,9.3,BAIXO,Sem condição crônica identificada (simulado),SEM_INTERCORRENCIA,False,train,SYNTHETIC,True
SYN-D664D2644C6E47FF,45,M,Serra de Lumiralena,AP,75.7,174.4,24.89,110,67,79,36.4,True,False,False,Diabetes,FUMANTE_ATUAL,NENHUM,ATIVA,REGULAR,6.7,False,False,False,False,False,False,False,0,SEM_CONDICAO_CRONICA,,0,NAO_SE_APLICA,94.9,4.1,194.8,130.4,41.9,112.6,1.04,13.6,2023-07-23,17.6,MODERADO,Sem condição crônica identificada (simulado),SEM_INTERCORRENCIA,False,train,SYNTHETIC,True
SYN-A8F1E091FFB8402D,51,F,Lago de Tavrimar,AC,84.2,164.1,31.27,124,77,66,36.9,False,True,True,Hipertensão; Doença cardiovascular,NUNCA_FUMOU,MODERADO,ATIVA,BOA,4.2,False,False,True,True,False,False,False,2,DISLIPIDEMIA,,0,NAO_SE_APLICA,106.1,5.8,206.5,101.7,57.3,237.6,0.78,12.6,2023-08-21,20.9,ALTO,Dislipidemia com LDL na meta (simulado),SEM_INTERCORRENCIA,False,test,SYNTHETIC,True
SYN-7250EE18260A4962,62,M,Vale de Orvalunda,TO,83.2,176.7,26.65,121,81,62,36.5,True,False,False,Diabetes,EX_FUMANTE,NENHUM,MODERADA,REGULAR,7.5,False,False,False,False,False,False,False,0,SEM_CONDICAO_CRONICA,,0,NAO_SE_APLICA,86.0,4.4,165.5,104.6,35.6,126.7,1.12,14.4,2024-07-29,30.5,ALTO,Sem condição crônica identificada (simulado),SEM_INTERCORRENCIA,False,train,SYNTHETIC,True
SYN-551AC8EA585A4AFA,41,F,Vale de Orvalunda,TO,45.8,159.4,18.03,108,50,102,37.9,True,True,False,Diabetes; Hipertensão,NUNCA_FUMOU,MODERADO,SEDENTARIO,REGULAR,4.9,False,False,False,False,False,False,True,1,INFECCAO_RESPIRATORIA_AGUDA,Paracetamol,1,ALTA,91.3,4.8,174.1,89.0,51.5,167.9,0.75,13.6,2024-07-11,3.3,BAIXO,Infecção respiratória aguda (simulado),SEM_INTERCORRENCIA,False,train,SYNTHETIC,True
SYN-6090D6978B1E4B9D,57,M,Vale de Velminel,PR,88.9,176.5,28.54,113,74,67,36.4,True,True,False,Diabetes; Hipertensão,NUNCA_FUMOU,MODERADO,ATIVA,REGULAR,8.2,False,False,True,False,False,False,False,1,DISLIPIDEMIA,Sinvastatina,1,ALTA,96.3,4.9,173.2,104.2,48.9,100.5,0.96,15.4,2024-09-26,10.8,MODERADO,Dislipidemia com LDL na meta (simulado),SEM_INTERCORRENCIA,False,train,SYNTHETIC,True
SYN-DE9E37575260401E,43,F,Vila Esmirival,GO,59.0,166.9,21.18,132,85,68,36.5,False,False,False,Sem histórico relevante,NUNCA_FUMOU,NENHUM,ATIVA,BOA,8.3,True,False,False,False,False,False,False,1,HIPERTENSAO,Losartana,1,MEDIA,89.0,4.4,179.7,109.5,51.3,94.3,0.83,12.4,2023-03-12,14.1,MODERADO,Hipertensão arterial sistêmica controlada (simulado),INTERNACAO,True,validation,SYNTHETIC,True
SYN-3D225C30B28F41DE,46,M,Nova Dorvelha,MA,112.5,182.5,33.78,115,67,67,36.8,True,False,False,Diabetes,FUMANTE_ATUAL,NENHUM,MODERADA,RUIM,6.5,False,False,False,True,False,False,False,1,OBESIDADE,,0,NAO_SE_APLICA,90.3,4.4,197.4,128.4,48.5,102.3,0.92,13.8,2023-06-07,18.0,MODERADO,Obesidade (simulado),INTERNACAO,True,train,SYNTHETIC,True
SYN-DB23AA8C3BCA4F85,62,F,Vila Mirvanda,PB,73.6,156.3,30.13,106,58,69,36.2,False,False,True,Doença cardiovascular,NUNCA_FUMOU,NENHUM,ATIVA,REGULAR,7.6,False,False,False,True,False,False,False,1,OBESIDADE,,0,NAO_SE_APLICA,72.7,4.3,179.8,111.6,55.7,62.6,0.8,13.3,2023-12-08,13.1,MODERADO,Obesidade (simulado),SEM_INTERCORRENCIA,False,train,SYNTHETIC,True
SYN-517400F80B2C482A,39,F,Serra de Solvunda,AL,50.1,154.5,20.99,98,70,70,36.6,False,False,True,Doença cardiovascular,NUNCA_FUMOU,NENHUM,MODERADA,BOA,6.8,False,False,True,False,False,False,False,1,DISLIPIDEMIA,,0,NAO_SE_APLICA,89.7,5.0,260.3,169.5,71.5,96.7,0.87,11.7,2024-06-17,9.8,BAIXO,Dislipidemia com LDL elevado (simulado),SEM_INTERCORRENCIA,False,test,SYNTHETIC,True
SYN-E9D68F23B4894070,26,M,Campo de Norvival,PR,82.5,178.5,25.89,122,63,70,39.2,False,False,False,Sem histórico relevante,EX_FUMANTE,NENHUM,ATIVA,RUIM,7.3,False,False,False,False,False,False,True,1,INFECCAO_RESPIRATORIA_AGUDA,Paracetamol; Amoxicilina,2,ALTA,95.6,4.6,217.9,131.0,52.8,170.3,1.01,15.8,2024-02-22,5.3,BAIXO,Infecção respiratória aguda (simulado),SEM_INTERCORRENCIA,False,train,SYNTHETIC,True
SYN-FD08B32C62D64E93,23,M,Barra de Mirvério,MT,68.0,168.6,23.92,123,76,91,36.6,False,True,False,Hipertensão,FUMANTE_ATUAL,ELEVADO,SEDENTARIO,RUIM,5.7,False,False,False,False,False,False,False,0,SEM_CONDICAO_CRONICA,,0,NAO_SE_APLICA,89.2,4.9,177.8,136.6,20.1,105.4,0.85,14.6,2024-01-17,9.8,BAIXO,Sem condição crônica identificada (simulado),SEM_INTERCORRENCIA,False,train,SYNTHETIC,True
SYN-A6EAB79ED21C42F8,20,M,Barra de Norvanda,RJ,56.4,162.7,21.31,85,60,101,39.1,False,True,False,Hipertensão,FUMANTE_ATUAL,MODERADO,ATIVA,REGULAR,7.7,False,False,False,False,False,False,True,1,INFECCAO_RESPIRATORIA_AGUDA,Paracetamol,1,ALTA,82.0,4.7,150.0,96.1,35.7,91.2,0.97,13.6,2024-08-13,2.1,BAIXO,Infecção respiratória aguda (simulado),SEM_INTERCORRENCIA,False,train,SYNTHETIC,True
SYN-F6FEBC0E7ECD4BAF,36,F,Barra de Pelvosa,PE,72.1,160.4,28.02,121,75,85,37.0,False,True,False,Hipertensão,NUNCA_FUMOU,MODERADO,SEDENTARIO,REGULAR,5.2,False,False,False,False,False,False,False,0,SEM_CONDICAO_CRONICA,,0,NAO_SE_APLICA,75.6,4.1,182.6,80.1,70.9,157.9,0.58,12.0,2023-05-25,3.5,BAIXO,Sem condição crônica identificada (simulado),SEM_INTERCORRENCIA,False,train,SYNTHETIC,True
SYN-F72169BB80964718,61,M,Alto de Pelvival,RJ,90.9,170.6,31.23,106,70,84,36.9,False,True,False,Hipertensão,NUNCA_FUMOU,ELEVADO,SEDENTARIO,BOA,5.0,False,False,False,True,False,False,False,1,OBESIDADE,,0,NAO_SE_APLICA,95.6,4.5,189.7,125.3,36.8,138.1,1.0,15.1,2024-09-10,42.7,MUITO_ALTO,Obesidade (simulado),SEM_INTERCORRENCIA,False,train,SYNTHETIC,True
SYN-19B17E80DEA44E17,43,M,Serra de Zanvival,SP,76.2,163.5,28.5,115,69,92,36.4,False,True,True,Hipertensão; Doença cardiovascular,NUNCA_FUMOU,MODERADO,SEDENTARIO,BOA,6.9,False,True,False,False,False,False,False,1,DIABETES_TIPO_2,Glibenclamida,1,ALTA,142.0,6.6,184.4,100.3,45.2,194.4,0.87,15.1,2024-04-26,26.6,ALTO,Diabetes mellitus tipo 2 compensado (simulado),SEM_INTERCORRENCIA,False,validation,SYNTHETIC,True
SYN-1986B4B270B74868,51,M,Vila Cendrelha,AC,77.2,175.5,25.06,107,68,81,38.1,True,False,False,Diabetes,FUMANTE_ATUAL,MODERADO,MODERADA,REGULAR,6.8,False,False,False,False,True,False,True,2,INFECCAO_RESPIRATORIA_AGUDA,Salbutamol; Paracetamol,2,ALTA,102.5,5.3,178.3,106.5,47.1,123.4,0.99,14.0,2023-06-24,18.5,MODERADO,Infecção respiratória aguda (simulado),SEM_INTERCORRENCIA,False,train,SYNTHETIC,True
SYN-03EDD1F874F94D17,67,F,Alto de Pelvival,RJ,98.1,164.2,36.39,153,87,69,36.7,False,True,False,Hipertensão,FUMANTE_ATUAL,MODERADO,SEDENTARIO,BOA,7.3,True,False,True,True,False,False,False,3,HIPERTENSAO,Hidroclorotiazida,1,MEDIA,79.8,4.4,201.4,86.6,61.7,265.6,0.95,13.1,2023-11-16,76.0,MUITO_ALTO,Hipertensão arterial sistêmica não controlada (simulado),SEM_INTERCORRENCIA,False,train,SYNTHETIC,True
SYN-DEF5768968F44BCE,71,M,Nova Ibiralena,RS,59.3,160.6,22.99,130,73,66,36.5,True,True,False,Diabetes; Hipertensão,FUMANTE_ATUAL,MODERADO,ATIVA,REGULAR,6.3,False,False,True,False,False,False,False,1,DISLIPIDEMIA,Sinvastatina,1,MEDIA,85.3,4.4,216.9,157.0,34.8,125.6,1.14,13.7,2023-07-20,62.6,MUITO_ALTO,Dislipidemia com LDL na meta (simulado),SEM_INTERCORRENCIA,False,train,SYNTHETIC,True
SYN-1327F1BC2784478F,47,M,Alto de Lumiralena,PB,55.1,179.2,17.16,119,70,75,36.4,False,False,False,Sem histórico relevante,NUNCA_FUMOU,MODERADO,MODERADA,BOA,9.1,False,False,False,False,True,False,False,1,ASMA,Salbutamol,1,BAIXA,76.1,4.4,178.0,93.9,59.0,125.4,1.03,14.5,2023-08-14,8.8,BAIXO,Asma (simulado),SEM_INTERCORRENCIA,False,train,SYNTHETIC,True
SYN-43D88870F81D4AA1,71,M,Vale de Orvalunda,TO,49.2,154.2,20.69,119,61,64,36.4,False,False,False,Sem histórico relevante,NUNCA_FUMOU,ELEVADO,ATIVA,RUIM,7.2,False,False,False,False,False,False,False,0,SEM_CONDICAO_CRONICA,,0,NAO_SE_APLICA,98.2,5.5,196.1,120.2,63.3,63.2,1.09,16.3,2024-05-14,26.0,ALTO,Sem condição crônica identificada (simulado),SEM_INTERCORRENCIA,False,validation,SYNTHETIC,True
SYN-65C17795B15546BC,50,F,Serra de Aurimar,PB,71.3,148.8,32.2,119,76,67,37.4,True,False,False,Diabetes,NUNCA_FUMOU,MODERADO,SEDENTARIO,REGULAR,7.3,False,False,False,True,False,False,False,1,OBESIDADE,,0,NAO_SE_APLICA,103.0,4.9,191.6,116.0,49.1,132.5,0.77,15.3,2023-08-11,21.5,ALTO,Obesidade (simulado),SEM_INTERCORRENCIA,False,validation,SYNTHETIC,True
SYN-541CDFCDDA0D4A5F,34,F,Barra de Dorvival,AP,75.2,169.5,26.17,96,50,76,36.5,False,True,True,Hipertensão; Doença cardiovascular,NUNCA_FUMOU,MODERADO,SEDENTARIO,RUIM,7.2,False,False,False,False,False,False,False,0,SEM_CONDICAO_CRONICA,,0,NAO_SE_APLICA,107.6,5.3,186.7,97.5,55.7,167.3,0.87,13.0,2024-09-20,3.2,BAIXO,Sem condição crônica identificada (simulado),SEM_INTERCORRENCIA,False,train,SYNTHETIC,True
SYN-889B78D5DBFD497E,38,M,Barra de Lumirelha,DF,72.3,169.7,25.11,103,66,66,36.9,True,False,True,Diabetes; Doença cardiovascular,NUNCA_FUMOU,ELEVADO,ATIVA,RUIM,8.1,False,False,False,False,False,False,False,0,SEM_CONDICAO_CRONICA,,0,NAO_SE_APLICA,94.7,5.9,192.2,122.6,48.7,104.6,0.76,15.2,2023-03-13,8.5,BAIXO,Sem condição crônica identificada (simulado),SEM_INTERCORRENCIA,False,train,SYNTHETIC,True
SYN-A075E92751104492,23,F,Vila Solvério,MS,49.2,154.4,20.64,112,70,80,36.3,False,True,False,Hipertensão,NUNCA_FUMOU,MODERADO,MODERADA,REGULAR,7.6,False,False,False,False,True,False,False,1,ASMA,Budesonida,1,ALTA,96.0,5.1,167.1,109.7,40.8,83.0,0.6,13.6,2023-05-04,2.3,BAIXO,Asma (simulado),SEM_INTERCORRENCIA,False,train,SYNTHETIC,True
SYN-7CEA2045C268483E,33,M,Serra de Falvalena,PB,72.3,177.3,23.0,112,63,72,37.1,False,False,False,Sem histórico relevante,EX_FUMANTE,MODERADO,MODERADA,RUIM,7.5,False,False,False,False,False,False,False,0,SEM_CONDICAO_CRONICA,,0,NAO_SE_APLICA,93.4,4.4,198.3,99.9,52.2,230.8,0.97,13.1,2024-10-29,6.4,BAIXO,Sem condição crônica identificada (simulado),SEM_INTERCORRENCIA,False,train,SYNTHETIC,True
SYN-9E11D2CD09304EF6,42,F,Vila Cendrelha,AC,43.7,148.9,19.71,113,60,68,38.5,True,True,False,Diabetes; Hipertensão,FUMANTE_ATUAL,NENHUM,ATIVA,REGULAR,7.8,False,False,True,False,False,False,True,2,INFECCAO_RESPIRATORIA_AGUDA,Amoxicilina,1,ALTA,93.8,4.7,200.7,93.7,63.2,218.8,0.94,12.1,2024-06-12,12.8,MODERADO,Infecção respiratória aguda (simulado),SEM_INTERCORRENCIA,False,train,SYNTHETIC,True
SYN-AF34CF65A19344B2,62,F,Nova Dorvelha,MA,65.2,158.0,26.12,139,79,70,36.6,True,True,False,Diabetes; Hipertensão,EX_FUMANTE,NENHUM,ATIVA,REGULAR,5.0,True,False,False,False,False,False,False,1,HIPERTENSAO,Enalapril; Losartana,2,ALTA,90.7,4.5,163.3,76.0,63.4,119.5,0.8,10.9,2023-11-18,37.4,ALTO,Hipertensão arterial sistêmica controlada (simulado),SEM_INTERCORRENCIA,False,test,SYNTHETIC,True
SYN-3A3C8A71FF574E2B,77,M,Barra de Solvunda,RR,84.0,172.4,28.26,117,75,93,36.1,False,False,False,Sem histórico relevante,FUMANTE_ATUAL,MODERADO,SEDENTARIO,RUIM,5.0,False,True,True,False,False,False,False,2,DIABETES_TIPO_2,Glibenclamida; Atorvastatina,2,ALTA,164.9,7.5,185.9,107.1,47.3,157.4,1.07,15.2,2023-06-23,77.1,MUITO_ALTO,Diabetes mellitus tipo 2 descompensado (simulado),SEM_INTERCORRENCIA,False,train,SYNTHETIC,True
SYN-FA7457616F184108,25,F,Campo de Quirelival,PI,53.6,151.4,23.38,124,76,67,36.9,False,True,False,Hipertensão,EX_FUMANTE,NENHUM,ATIVA,REGULAR,6.9,True,False,False,False,True,False,False,2,HIPERTENSAO,Losartana; Salbutamol,2,MEDIA,108.9,5.5,160.1,94.2,55.6,51.4,0.54,15.1,2023-07-06,2.5,BAIXO,Hipertensão arterial sistêmica controlada (simulado),SEM_INTERCORRENCIA,False,train,SYNTHETIC,True
SYN-B4323070A23D4C2F,55,F,Lago de Mirvinel,RR,73.5,165.0,27.0,109,60,81,37.0,False,True,False,Hipertensão,EX_FUMANTE,ELEVADO,MODERADA,REGULAR,6.8,False,False,False,False,False,False,False,0,SEM_CONDICAO_CRONICA,,0,NAO_SE_APLICA,92.5,4.6,154.9,55.6,69.4,149.7,0.75,14.3,2023-05-13,6.1,BAIXO,Sem condição crônica identificada (simulado),EVENTO_CARDIOVASCULAR,True,test,SYNTHETIC,True
SYN-2A96E1E271944AE2,30,M,Alto de Tavranda,RN,59.3,169.3,20.69,120,72,67,36.2,False,False,False,Sem histórico relevante,NUNCA_FUMOU,NENHUM,MODERADA,BOA,7.6,False,False,False,False,False,False,False,0,SEM_CONDICAO_CRONICA,,0,NAO_SE_APLICA,89.1,5.4,133.6,56.4,47.1,150.5,0.99,14.8,2024-10-17,2.6,BAIXO,Sem condição crônica identificada (simulado),SEM_INTERCORRENCIA,False,train,SYNTHETIC,True
SYN-0769165FE7464CB9,56,M,Barra de Pelvelha,MA,57.2,165.5,20.88,120,73,81,37.0,False,True,False,Hipertensão,EX_FUMANTE,MODERADO,SEDENTARIO,REGULAR,7.0,False,False,False,False,False,False,False,0,SEM_CONDICAO_CRONICA,,0,NAO_SE_APLICA,90.8,4.8,205.5,135.3,47.9,111.7,1.2,14.7,2023-09-04,15.4,MODERADO,Sem condição crônica identificada (simulado),SEM_INTERCORRENCIA,False,validation,SYNTHETIC,True
SYN-0E5DD462CBD04EF2,46,M,Serra de Lumiralena,AP,51.4,164.8,18.93,119,72,69,36.2,False,False,False,Sem histórico relevante,NUNCA_FUMOU,NENHUM,SEDENTARIO,BOA,7.6,False,False,False,False,False,False,False,0,SEM_CONDICAO_CRONICA,,0,NAO_SE_APLICA,87.1,4.5,223.1,172.4,40.6,50.4,0.94,14.4,2024-11-15,17.5,MODERADO,Sem condição crônica identificada (simulado),SEM_INTERCORRENCIA,False,train,SYNTHETIC,True
SYN-6E417D475FF545EA,30,F,Campo de Zanvosa,ES,97.3,162.8,36.71,112,64,74,36.8,False,False,False,Sem histórico relevante,NUNCA_FUMOU,ELEVADO,SEDENTARIO,BOA,5.6,False,False,True,True,False,False,False,2,DISLIPIDEMIA,,0,NAO_SE_APLICA,95.1,4.5,231.6,126.2,58.5,234.6,0.61,14.3,2024-08-03,7.5,BAIXO,Dislipidemia com LDL na meta (simulado),SEM_INTERCORRENCIA,False,train,SYNTHETIC,True
SYN-697C392387FA441A,64,F,Campo de Ibirosa,CE,80.8,159.9,31.6,163,96,85,38.0,False,True,False,Hipertensão,NUNCA_FUMOU,NENHUM,MODERADA,REGULAR,7.0,True,False,True,True,False,False,True,4,HIPERTENSAO,Hidroclorotiazida; Anlodipino; Sinvastatina,3,BAIXA,90.0,4.4,211.6,125.6,53.9,160.5,0.85,13.4,2023-09-20,76.4,MUITO_ALTO,Hipertensão arterial sistêmica não controlada (simulado),INTERNACAO,True,train,SYNTHETIC,True
SYN-2E183554CAE24E66,38,M,Lago de Mirvinel,RR,82.6,168.1,29.23,137,87,79,37.0,True,False,False,Diabetes,FUMANTE_ATUAL,NENHUM,MODERADA,REGULAR,5.5,False,False,False,False,False,False,False,0,SEM_CONDICAO_CRONICA,,0,NAO_SE_APLICA,101.4,4.7,136.1,63.5,46.2,132.2,0.75,14.9,2024-06-26,13.3,MODERADO,Sem condição crônica identificada (simulado),SEM_INTERCORRENCIA,False,train,SYNTHETIC,True
SYN-9C07A75114374509,39,F,Vale de Velmorém,PB,55.4,155.8,22.82,114,72,69,36.7,False,True,False,Hipertensão,EX_FUMANTE,NENHUM,SEDENTARIO,REGULAR,7.4,False,False,False,False,False,False,False,0,SEM_CONDICAO_CRONICA,,0,NAO_SE_APLICA,98.9,5.0,190.0,86.4,62.9,203.4,0.89,12.1,2023-12-15,4.4,BAIXO,Sem condição crônica identificada (simulado),SEM_INTERCORRENCIA,False,test,SYNTHETIC,True
SYN-AEE1E86B9EA546AA,30,F,Alto de Xervanda,RO,56.1,158.1,22.44,121,74,62,36.9,True,False,False,Diabetes,FUMANTE_ATUAL,MODERADO,MODERADA,BOA,4.9,False,False,False,False,False,False,False,0,SEM_CONDICAO_CRONICA,,0,NAO_SE_APLICA,108.9,5.1,136.0,68.6,40.5,134.3,0.56,13.8,2023-12-16,5.3,BAIXO,Sem condição crônica identificada (simulado),SEM_INTERCORRENCIA,False,train,SYNTHETIC,True
SYN-9549C931E9AF499D,37,F,Vale de Velminel,PR,59.4,161.6,22.75,111,77,83,37.0,False,True,False,Hipertensão,FUMANTE_ATUAL,ELEVADO,SEDENTARIO,REGULAR,7.4,False,False,False,False,False,False,False,0,SEM_CONDICAO_CRONICA,,0,NAO_SE_APLICA,89.2,5.0,181.4,106.7,49.5,125.8,0.78,13.1,2024-07-16,15.0,MODERADO,Sem condição crônica identificada (simulado),SEM_INTERCORRENCIA,False,train,SYNTHETIC,True
SYN-A34DB7C5760D4BBB,55,M,Alto de Orvalimar,TO,56.1,163.1,21.09,107,66,83,36.5,False,True,False,Hipertensão,FUMANTE_ATUAL,ELEVADO,SEDENTARIO,BOA,5.4,False,False,False,False,False,False,False,0,SEM_CONDICAO_CRONICA,,0,NAO_SE_APLICA,91.6,4.6,168.6,111.8,37.5,96.3,1.05,15.2,2024-06-06,12.9,MODERADO,Sem condição crônica identificada (simulado),SEM_INTERCORRENCIA,False,test,SYNTHETIC,True
SYN-AAB612C9415D474A,45,M,Barra de Lumirelha,DF,57.3,170.2,19.78,118,65,68,36.6,False,True,False,Hipertensão,NUNCA_FUMOU,NENHUM,ATIVA,BOA,6.6,False,False,False,False,False,False,False,0,SEM_CONDICAO_CRONICA,,0,NAO_SE_APLICA,90.9,5.1,123.1,46.0,55.4,108.7,1.05,15.8,2023-06-09,4.0,BAIXO,Sem condição crônica identificada (simulado),SEM_INTERCORRENCIA,False,train,SYNTHETIC,True
SYN-771AD655CDFC4EE0,54,M,Barra de Cendrimar,CE,91.6,169.5,31.88,116,66,87,36.3,False,False,False,Sem histórico relevante,FUMANTE_ATUAL,MODERADO,SEDENTARIO,REGULAR,8.0,False,False,True,True,False,False,False,2,DISLIPIDEMIA,,0,NAO_SE_APLICA,93.5,5.1,267.1,194.5,42.8,149.0,1.04,13.2,2023-10-24,54.6,MUITO_ALTO,Dislipidemia com LDL elevado (simulado),EVENTO_CARDIOVASCULAR,True,train,SYNTHETIC,True
SYN-8BEDDB12AD77482F,54,M,Alto de Jaquelério,SC,83.2,166.7,29.94,140,84,77,36.5,False,False,False,Sem histórico relevante,FUMANTE_ATUAL,NENHUM,SEDENTARIO,REGULAR,7.3,False,True,False,False,False,True,False,2,DOENCA_RENAL_CRONICA,Glibenclamida,1,BAIXA,154.9,7.3,155.4,72.7,42.9,198.9,2.54,13.5,2024-11-14,72.2,MUITO_ALTO,Doença renal crônica (simulado),EVENTO_CARDIOVASCULAR,True,train,SYNTHETIC,True
SYN-F1FAF665711543F3,70,F,Alto de Orvalelha,SE,60.1,160.0,23.48,135,71,82,37.2,True,False,False,Diabetes,FUMANTE_ATUAL,MODERADO,SEDENTARIO,REGULAR,5.2,False,False,False,False,False,False,False,0,SEM_CONDICAO_CRONICA,,0,NAO_SE_APLICA,75.0,4.6,187.0,121.8,45.6,98.2,0.92,12.8,2023-06-03,76.9,MUITO_ALTO,Sem condição crônica identificada (simulado),SEM_INTERCORRENCIA,False,validation,SYNTHETIC,True
SYN-4C955F6A966B4964,42,F,Vila Quirelunda,MG,73.5,176.6,23.57,114,67,73,36.8,False,False,False,Sem histórico relevante,NUNCA_FUMOU,MODERADO,SEDENTARIO,BOA,6.3,False,False,False,False,False,False,False,0,SEM_CONDICAO_CRONICA,,0,NAO_SE_APLICA,93.8,5.6,182.2,114.6,51.8,79.0,0.86,12.7,2024-06-05,4.9,BAIXO,Sem condição crônica identificada (simulado),SEM_INTERCORRENCIA,False,train,SYNTHETIC,True
SYN-B0B862EF6C9F42B9,23,F,Vila Urvalério,GO,58.6,157.5,23.62,107,68,65,36.3,False,False,False,Sem histórico relevante,NUNCA_FUMOU,NENHUM,ATIVA,BOA,5.3,False,False,False,False,False,False,False,0,SEM_CONDICAO_CRONICA,,0,NAO_SE_APLICA,107.6,5.1,165.0,73.0,63.9,140.4,0.9,12.1,2024-09-08,1.3,BAIXO,Sem condição crônica identificada (simulado),SEM_INTERCORRENCIA,False,train,SYNTHETIC,True
SYN-4D57D880D865469A,66,F,Vila Mirvanda,PB,61.7,162.1,23.48,133,85,73,37.1,False,False,False,Sem histórico relevante,FUMANTE_ATUAL,MODERADO,ATIVA,RUIM,5.1,False,False,False,False,False,False,False,0,SEM_CONDICAO_CRONICA,,0,NAO_SE_APLICA,101.9,5.5,214.4,145.4,59.4,48.1,0.72,12.5,2024-03-15,62.8,MUITO_ALTO,Sem condição crônica identificada (simulado),INTERNACAO,True,train,SYNTHETIC,True
SYN-DA743152627B41A1,42,F,Nova Aurival,PI,83.9,178.4,26.36,118,62,92,36.7,False,False,True,Doença cardiovascular,NUNCA_FUMOU,ELEVADO,MODERADA,RUIM,7.1,False,False,False,False,False,False,False,0,SEM_CONDICAO_CRONICA,,0,NAO_SE_APLICA,101.6,5.3,171.1,86.2,66.0,94.7,0.54,12.1,2023-02-09,6.8,BAIXO,Sem condição crônica identificada (simulado),SEM_INTERCORRENCIA,False,train,SYNTHETIC,True
SYN-61A117293CB94350,67,F,Nova Esmirimar,ES,71.2,161.3,27.37,119,73,79,36.8,False,False,True,Doença cardiovascular,NUNCA_FUMOU,NENHUM,MODERADA,REGULAR,7.6,False,False,True,False,False,False,False,1,DISLIPIDEMIA,Sinvastatina,1,MEDIA,98.2,5.4,225.0,122.0,61.5,207.7,0.67,14.0,2024-09-14,41.4,MUITO_ALTO,Dislipidemia com LDL na meta (simulado),SEM_INTERCORRENCIA,False,test,SYNTHETIC,True
SYN-4BBE4AFF93264FFD,55,F,Barra de Mirvival,RS,69.6,159.6,27.32,104,64,96,38.5,True,False,False,Diabetes,NUNCA_FUMOU,NENHUM,SEDENTARIO,BOA,7.5,False,False,True,False,False,False,True,2,INFECCAO_RESPIRATORIA_AGUDA,Paracetamol,1,MEDIA,85.2,4.6,234.9,131.3,52.2,256.9,0.59,13.6,2024-10-20,25.6,ALTO,Infecção respiratória aguda (simulado),SEM_INTERCORRENCIA,False,train,SYNTHETIC,True
SYN-059DD55D4B944E30,46,M,Vila Cendranda,GO,69.8,165.6,25.45,124,74,79,36.7,False,False,True,Doença cardiovascular,NUNCA_FUMOU,NENHUM,MODERADA,REGULAR,7.7,False,False,False,False,False,False,False,0,SEM_CONDICAO_CRONICA,,0,NAO_SE_APLICA,83.4,4.9,148.8,96.6,25.9,131.5,0.83,15.1,2024-04-15,20.1,ALTO,Sem condição crônica identificada (simulado),SEM_INTERCORRENCIA,False,train,SYNTHETIC,True
SYN-6553867DA8814FD3,54,M,Serra de Solvival,ES,62.5,164.6,23.07,119,72,55,36.0,True,False,False,Diabetes,NUNCA_FUMOU,NENHUM,SEDENTARIO,BOA,7.0,False,False,False,False,False,False,False,0,SEM_CONDICAO_CRONICA,,0,NAO_SE_APLICA,82.8,4.1,197.2,139.8,41.0,82.1,0.85,12.9,2024-07-30,25.5,ALTO,Sem condição crônica identificada (simulado),SEM_INTERCORRENCIA,False,train,SYNTHETIC,True
SYN-DD750E9890E0495F,81,F,Vila Cendrelha,AC,58.5,152.5,25.15,163,93,82,36.9,False,True,False,Hipertensão,FUMANTE_ATUAL,NENHUM,SEDENTARIO,REGULAR,6.7,True,False,False,False,True,False,False,2,HIPERTENSAO,Anlodipino; Salbutamol,2,ALTA,79.8,4.1,171.9,92.5,57.7,108.5,0.86,15.1,2023-02-02,75.7,MUITO_ALTO,Hipertensão arterial sistêmica não controlada (simulado),SEM_INTERCORRENCIA,False,validation,SYNTHETIC,True
SYN-F93E08D5BEA24DFE,83,F,Alto de Jaquelanda,BA,56.2,162.8,21.2,126,83,83,35.9,False,False,False,Sem histórico relevante,FUMANTE_ATUAL,MODERADO,MODERADA,REGULAR,5.8,False,True,True,False,False,False,False,2,DIABETES_TIPO_2,,0,NAO_SE_APLICA,101.6,5.0,204.6,111.5,53.5,198.0,1.02,12.8,2024-06-12,62.3,MUITO_ALTO,Diabetes mellitus tipo 2 compensado (simulado),INTERNACAO,True,train,SYNTHETIC,True
SYN-BEC39A379B3D44BD,49,M,Alto de Orvalival,MA,57.6,173.7,19.09,117,77,80,36.9,False,True,False,Hipertensão,FUMANTE_ATUAL,NENHUM,SEDENTARIO,BOA,6.5,False,False,False,False,True,False,False,1,ASMA,Salbutamol,1,MEDIA,101.7,5.1,196.7,119.2,45.7,159.1,1.06,16.5,2024-08-11,18.7,MODERADO,Asma (simulado),SEM_INTERCORRENCIA,False,test,SYNTHETIC,True
SYN-E726BE23E7764886,51,M,Serra de Lumiralena,AP,84.1,186.0,24.31,119,84,72,36.6,True,False,False,Diabetes,NUNCA_FUMOU,MODERADO,MODERADA,REGULAR,5.5,False,False,False,False,False,False,False,0,SEM_CONDICAO_CRONICA,,0,NAO_SE_APLICA,93.7,4.9,178.0,103.3,45.0,148.7,0.92,15.5,2024-02-21,13.8,MODERADO,Sem condição crônica identificada (simulado),SEM_INTERCORRENCIA,False,train,SYNTHETIC,True
SYN-3AE909FECC8248DA,66,M,Alto de Tavranda,RN,92.2,171.9,31.2,134,80,68,36.9,True,False,False,Diabetes,NUNCA_FUMOU,ELEVADO,SEDENTARIO,REGULAR,6.1,False,True,True,True,False,False,False,3,DIABETES_TIPO_2,Metformina; Sinvastatina,2,ALTA,129.1,5.9,210.8,101.9,42.1,334.0,0.99,14.6,2024-01-19,71.8,MUITO_ALTO,Diabetes mellitus tipo 2 compensado (simulado),SEM_INTERCORRENCIA,False,train,SYNTHETIC,True
SYN-3810AE665A3144CC,34,F,Barra de Orvalival,RR,53.1,168.7,18.66,98,57,63,36.6,False,False,False,Sem histórico relevante,NUNCA_FUMOU,ELEVADO,ATIVA,RUIM,7.1,False,False,False,False,False,False,False,0,SEM_CONDICAO_CRONICA,,0,NAO_SE_APLICA,91.1,4.5,199.3,107.1,73.6,93.1,0.97,15.2,2024-08-15,1.5,BAIXO,Sem condição crônica identificada (simulado),SEM_INTERCORRENCIA,False,train,SYNTHETIC,True
SYN-402913EC9EF2493E,54,M,Alto de Tavrinel,RS,89.3,175.6,28.96,119,66,68,36.9,False,False,False,Sem histórico relevante,NUNCA_FUMOU,MODERADO,SEDENTARIO,RUIM,6.9,False,False,True,False,False,False,False,1,DISLIPIDEMIA,Sinvastatina,1,ALTA,96.1,4.7,161.6,87.3,50.1,120.8,1.08,15.4,2024-04-28,10.9,MODERADO,Dislipidemia com LDL na meta (simulado),SEM_INTERCORRENCIA,False,train,SYNTHETIC,True
SYN-C478F6F1B88E4318,48,F,Barra de Pelvosa,PE,70.8,152.1,30.6,127,74,85,36.6,False,False,True,Doença cardiovascular,NUNCA_FUMOU,NENHUM,SEDENTARIO,RUIM,10.0,False,False,True,True,False,False,False,2,DISLIPIDEMIA,Atorvastatina,1,BAIXA,72.3,4.0,245.4,185.5,37.3,112.9,0.8,13.0,2023-01-21,41.0,MUITO_ALTO,Dislipidemia com LDL elevado (simulado),SEM_INTERCORRENCIA,False,validation,SYNTHETIC,True
SYN-2303F6C6D69D42F1,53,F,Vale de Cendralena,MG,46.6,168.1,16.49,107,68,81,36.7,False,True,False,Hipertensão,EX_FUMANTE,NENHUM,ATIVA,REGULAR,5.5,False,False,False,False,False,False,False,0,SEM_CONDICAO_CRONICA,,0,NAO_SE_APLICA,90.7,4.7,198.2,136.8,46.1,76.7,0.82,12.8,2023-05-15,16.8,MODERADO,Sem condição crônica identificada (simulado),SEM_INTERCORRENCIA,False,train,SYNTHETIC,True
SYN-A0A11839E7454704,34,F,Vila Lumiranda,RS,55.2,156.7,22.48,119,76,92,36.7,False,False,False,Sem histórico relevante,FUMANTE_ATUAL,NENHUM,MODERADA,REGULAR,6.9,False,False,False,False,False,False,False,0,SEM_CONDICAO_CRONICA,,0,NAO_SE_APLICA,85.5,4.6,166.2,80.1,60.0,130.3,0.69,14.2,2024-03-08,5.9,BAIXO,Sem condição crônica identificada (simulado),SEM_INTERCORRENCIA,False,train,SYNTHETIC,True
SYN-C9E260744F1649A0,21,F,Campo de Zanvosa,ES,75.1,162.2,28.55,111,72,59,37.2,False,False,False,Sem histórico relevante,NUNCA_FUMOU,ELEVADO,ATIVA,REGULAR,5.4,False,False,False,False,False,False,False,0,SEM_CONDICAO_CRONICA,,0,NAO_SE_APLICA,90.5,4.9,173.6,81.6,71.5,102.6,0.91,12.7,2024-03-18,1.7,BAIXO,Sem condição crônica identificada (simulado),SEM_INTERCORRENCIA,False,train,SYNTHETIC,True
SYN-5D678BB1945E42E4,31,F,Nova Quirelanda,SE,79.6,165.5,29.06,118,68,70,36.8,False,True,False,Hipertensão,NUNCA_FUMOU,ELEVADO,SEDENTARIO,RUIM,6.6,False,False,False,False,False,False,False,0,SEM_CONDICAO_CRONICA,,0,NAO_SE_APLICA,93.0,4.9,208.9,141.4,37.1,151.8,0.69,12.8,2023-07-10,6.6,BAIXO,Sem condição crônica identificada (simulado),SEM_INTERCORRENCIA,False,test,SYNTHETIC,True
SYN-E8DD5E5A17124B16,29,F,Barra de Norvanda,RJ,43.9,163.1,16.5,114,63,65,36.2,False,True,False,Hipertensão,NUNCA_FUMOU,NENHUM,MODERADA,REGULAR,6.6,False,False,False,False,False,False,False,0,SEM_CONDICAO_CRONICA,,0,NAO_SE_APLICA,81.4,5.1,171.7,104.7,54.1,64.5,0.72,12.6,2023-04-12,2.0,BAIXO,Sem condição crônica identificada (simulado),SEM_INTERCORRENCIA,False,train,SYNTHETIC,True
SYN-6A5E6920BF5A47E6,40,M,Campo de Ibirorém,RN,68.5,164.4,25.34,110,79,58,36.4,False,True,False,Hipertensão,NUNCA_FUMOU,NENHUM,ATIVA,REGULAR,7.9,False,False,False,False,False,False,False,0,SEM_CONDICAO_CRONICA,,0,NAO_SE_APLICA,80.4,4.7,244.2,153.0,73.4,88.8,0.75,14.0,2024-04-12,4.4,BAIXO,Sem condição crônica identificada (simulado),SEM_INTERCORRENCIA,False,validation,SYNTHETIC,True
SYN-C958E75E21D54971,43,F,Serra de Relvorém,RR,55.0,164.5,20.33,95,54,63,36.8,False,False,True,Doença cardiovascular,NUNCA_FUMOU,MODERADO,MODERADA,BOA,6.5,False,False,False,False,False,False,False,0,SEM_CONDICAO_CRONICA,,0,NAO_SE_APLICA,82.1,4.7,227.9,143.0,53.6,156.5,0.69,12.5,2023-08-15,12.0,MODERADO,Sem condição crônica identificada (simulado),SEM_INTERCORRENCIA,False,train,SYNTHETIC,True
SYN-5DA8D6D2F8B34A8B,81,F,Vale de Pelvelha,TO,72.4,159.3,28.53,126,84,67,37.0,True,False,False,Diabetes,NUNCA_FUMOU,NENHUM,MODERADA,REGULAR,6.8,False,True,True,False,False,False,False,2,DIABETES_TIPO_2,Glibenclamida; Sinvastatina,2,ALTA,88.0,4.8,209.7,72.7,78.7,291.4,0.85,15.0,2024-05-08,47.2,MUITO_ALTO,Diabetes mellitus tipo 2 compensado (simulado),SEM_INTERCORRENCIA,False,train,SYNTHETIC,True
SYN-45C45A3EE9DA484A,67,F,Vale de Solvival,TO,66.0,157.9,26.47,116,73,84,36.4,False,False,False,Sem histórico relevante,NUNCA_FUMOU,ELEVADO,SEDENTARIO,RUIM,6.5,False,False,False,False,False,False,False,0,SEM_CONDICAO_CRONICA,,0,NAO_SE_APLICA,80.0,4.6,195.4,130.1,44.6,103.3,0.92,14.2,2024-04-27,34.1,ALTO,Sem condição crônica identificada (simulado),SEM_INTERCORRENCIA,False,test,SYNTHETIC,True
SYN-E9FF1CAE41C84A8C,32,F,Alto de Lumirimar,MS,55.6,159.3,21.91,86,50,61,37.3,True,False,False,Diabetes,NUNCA_FUMOU,NENHUM,ATIVA,REGULAR,5.5,False,False,False,False,False,False,False,0,SEM_CONDICAO_CRONICA,,0,NAO_SE_APLICA,80.1,4.3,176.6,106.4,55.2,75.0,0.62,13.4,2023-06-06,1.7,BAIXO,Sem condição crônica identificada (simulado),SEM_INTERCORRENCIA,False,test,SYNTHETIC,True
SYN-F7A67B947B5A411A,54,F,Alto de Cendrosa,SC,46.1,149.5,20.63,116,62,79,36.7,False,False,False,Sem histórico relevante,FUMANTE_ATUAL,NENHUM,ATIVA,BOA,6.3,False,False,False,False,False,False,False,0,SEM_CONDICAO_CRONICA,,0,NAO_SE_APLICA,76.0,4.3,173.8,92.2,54.7,134.5,0.81,12.7,2024-07-14,18.1,MODERADO,Sem condição crônica identificada (simulado),SEM_INTERCORRENCIA,False,test,SYNTHETIC,True
SYN-DED255D0BF1E4366,41,F,Barra de Norvanda,RJ,60.2,161.2,23.17,113,64,84,36.7,False,False,True,Doença cardiovascular,NUNCA_FUMOU,NENHUM,MODERADA,BOA,6.6,False,False,False,False,False,False,False,0,SEM_CONDICAO_CRONICA,,0,NAO_SE_APLICA,94.3,5.6,188.9,116.1,44.5,141.5,0.68,12.6,2023-04-24,5.1,BAIXO,Sem condição crônica identificada (simulado),SEM_INTERCORRENCIA,False,train,SYNTHETIC,True
SYN-77E490C71D7B4313,43,F,Barra de Tavrival,SE,45.1,151.1,19.75,120,73,70,36.2,False,False,False,Sem histórico relevante,NUNCA_FUMOU,NENHUM,ATIVA,BOA,7.1,False,False,False,False,False,False,False,0,SEM_CONDICAO_CRONICA,,0,NAO_SE_APLICA,80.6,4.4,205.5,136.2,45.8,117.5,0.63,12.8,2023-10-20,5.2,BAIXO,Sem condição crônica identificada (simulado),SEM_INTERCORRENCIA,False,train,SYNTHETIC,True
SYN-C1101266240846DC,51,M,Serra de Solvunda,AL,64.1,167.0,22.98,103,58,83,36.9,False,False,False,Sem histórico relevante,NUNCA_FUMOU,NENHUM,MODERADA,BOA,7.6,False,False,False,False,False,False,False,0,SEM_CONDICAO_CRONICA,,0,NAO_SE_APLICA,72.7,4.0,151.6,87.1,45.0,97.3,0.86,16.6,2024-03-05,7.0,BAIXO,Sem condição crônica identificada (simulado),SEM_INTERCORRENCIA,False,test,SYNTHETIC,True
SYN-AD238D36DC324C97,59,M,Barra de Dorvival,AP,60.5,168.8,21.23,119,80,60,36.5,False,True,False,Hipertensão,NUNCA_FUMOU,ELEVADO,MODERADA,REGULAR,6.7,False,False,True,False,True,False,False,2,DISLIPIDEMIA,Budesonida,1,ALTA,85.4,4.8,245.6,178.3,48.3,95.0,1.01,15.1,2024-10-09,22.0,ALTO,Dislipidemia com LDL elevado (simulado),SEM_INTERCORRENCIA,False,train,SYNTHETIC,True
SYN-65BCC272FADD4EA3,42,F,Nova Norvério,AM,74.7,167.0,26.78,141,82,71,36.4,True,False,False,Diabetes,NUNCA_FUMOU,NENHUM,SEDENTARIO,BOA,6.7,True,False,True,False,False,False,False,2,HIPERTENSAO,Losartana; Atorvastatina,2,BAIXA,80.4,4.7,242.4,164.1,45.5,163.8,0.77,13.9,2024-11-18,22.6,ALTO,Hipertensão arterial sistêmica não controlada (simulado),SEM_INTERCORRENCIA,False,test,SYNTHETIC,True
SYN-8EAC0A33CDF944A7,66,M,Alto de Falvinel,AL,92.3,182.4,27.74,130,82,77,36.5,True,False,False,Diabetes,FUMANTE_ATUAL,MODERADO,MODERADA,RUIM,5.1,True,True,True,False,False,True,False,4,DOENCA_RENAL_CRONICA,Enalapril; Glibenclamida; Sinvastatina,3,ALTA,80.7,4.5,222.4,108.5,42.7,356.1,1.4,14.0,2024-05-22,89.7,MUITO_ALTO,Doença renal crônica (simulado),EVENTO_CARDIOVASCULAR,True,train,SYNTHETIC,True
SYN-6502D6A2CA6A4224,29,M,Nova Belvunda,RS,45.6,166.2,16.51,111,70,72,37.0,False,False,True,Doença cardiovascular,FUMANTE_ATUAL,MODERADO,ATIVA,BOA,7.6,False,False,False,False,False,False,False,0,SEM_CONDICAO_CRONICA,,0,NAO_SE_APLICA,89.1,4.1,177.0,99.6,65.0,62.0,0.81,13.9,2024-04-29,3.0,BAIXO,Sem condição crônica identificada (simulado),SEM_INTERCORRENCIA,False,train,SYNTHETIC,True
SYN-1FA382E8895C4D99,48,M,Campo de Ibirosa,CE,77.1,167.0,27.65,133,89,85,36.7,False,False,True,Doença cardiovascular,EX_FUMANTE,NENHUM,MODERADA,BOA,6.2,False,False,False,False,False,False,False,0,SEM_CONDICAO_CRONICA,,0,NAO_SE_APLICA,77.4,4.8,203.1,123.2,55.7,121.1,0.97,14.9,2024-01-01,17.6,MODERADO,Sem condição crônica identificada (simulado),SEM_INTERCORRENCIA,False,test,SYNTHETIC,True
SYN-BFBF397BAC3E4B0D,49,M,Campo de Quirelival,PI,66.3,164.1,24.62,96,57,67,36.3,False,False,True,Doença cardiovascular,NUNCA_FUMOU,NENHUM,SEDENTARIO,BOA,7.8,False,False,False,False,False,False,False,0,SEM_CONDICAO_CRONICA,,0,NAO_SE_APLICA,95.0,5.0,225.0,145.7,40.7,192.8,0.95,13.7,2023-12-20,16.5,MODERADO,Sem condição crônica identificada (simulado),INTERNACAO,True,test,SYNTHETIC,True
SYN-618AE30595A54AFA,52,M,Nova Belvunda,RS,66.6,161.6,25.5,119,72,67,36.4,True,True,False,Diabetes; Hipertensão,NUNCA_FUMOU,NENHUM,MODERADA,REGULAR,8.4,False,False,False,False,False,False,False,0,SEM_CONDICAO_CRONICA,,0,NAO_SE_APLICA,90.9,4.7,188.2,117.2,50.9,100.4,0.87,16.0,2024-02-12,7.8,BAIXO,Sem condição crônica identificada (simulado),SEM_INTERCORRENCIA,False,train,SYNTHETIC,True
SYN-5F18E583F0B6483F,72,M,Barra de Tavrério,AL,84.6,174.1,27.91,137,73,71,37.0,False,False,True,Doença cardiovascular,NUNCA_FUMOU,NENHUM,MODERADA,BOA,6.8,False,False,False,False,False,False,False,0,SEM_CONDICAO_CRONICA,,0,NAO_SE_APLICA,88.6,5.1,198.5,143.2,32.3,114.8,1.09,14.1,2024-11-14,66.7,MUITO_ALTO,Sem condição crônica identificada (simulado),INTERNACAO,True,validation,SYNTHETIC,True
SYN-78B2B5493BDB409E,50,M,Barra de Mirvimar,SC,78.2,173.4,26.01,113,69,62,36.5,False,True,False,Hipertensão,NUNCA_FUMOU,NENHUM,ATIVA,RUIM,5.9,False,False,True,False,False,False,False,1,DISLIPIDEMIA,,0,NAO_SE_APLICA,104.4,4.6,289.7,215.2,54.4,100.3,1.21,14.2,2024-04-20,20.4,ALTO,Dislipidemia com LDL elevado (simulado),SEM_INTERCORRENCIA,False,validation,SYNTHETIC,True
SYN-F1738856E25D46EB,58,F,Barra de Pelvosa,PE,75.9,155.2,31.51,140,90,70,36.8,False,False,False,Sem histórico relevante,FUMANTE_ATUAL,MODERADO,SEDENTARIO,REGULAR,7.0,False,False,False,True,False,False,False,1,OBESIDADE,,0,NAO_SE_APLICA,82.8,4.6,200.8,119.1,48.4,166.3,0.8,14.0,2024-08-21,53.5,MUITO_ALTO,Obesidade (simulado),SEM_INTERCORRENCIA,False,test,SYNTHETIC,True
SYN-9C2E58DEEA4E4617,47,F,Vila Cendrelha,AC,70.2,167.8,24.93,121,74,72,36.8,False,True,False,Hipertensão,NUNCA_FUMOU,MODERADO,SEDENTARIO,REGULAR,7.4,False,False,True,False,False,False,False,1,DISLIPIDEMIA,Atorvastatina,1,BAIXA,99.3,4.9,190.1,117.5,48.6,120.2,0.6,12.5,2024-02-08,24.4,ALTO,Dislipidemia com LDL na meta (simulado),SEM_INTERCORRENCIA,False,train,SYNTHETIC,True
SYN-A2A9D4D8102E4DE5,45,F,Nova Falvosa,RS,74.3,155.6,30.69,143,99,74,35.6,True,False,False,Diabetes,NUNCA_FUMOU,ELEVADO,SEDENTARIO,REGULAR,6.7,True,True,False,True,False,False,False,3,DIABETES_TIPO_2,Hidroclorotiazida; Anlodipino; Metformina,3,ALTA,106.7,5.9,211.4,142.7,49.3,97.2,0.95,13.0,2024-06-19,36.0,ALTO,Diabetes mellitus tipo 2 compensado (simulado),SEM_INTERCORRENCIA,False,train,SYNTHETIC,True
SYN-B379CB1EE8CD40CC,35,F,Vale de Cendralena,MG,61.1,154.1,25.73,117,74,89,37.0,False,False,False,Sem histórico relevante,NUNCA_FUMOU,NENHUM,SEDENTARIO,REGULAR,6.4,False,False,False,False,False,False,False,0,SEM_CONDICAO_CRONICA,,0,NAO_SE_APLICA,90.0,4.8,194.3,127.4,50.8,80.5,0.88,10.6,2024-09-13,7.1,BAIXO,Sem condição crônica identificada (simulado),SEM_INTERCORRENCIA,False,train,SYNTHETIC,True
SYN-1DDE7969688643DB,55,F,Vale de Velmorém,PB,67.2,161.5,25.76,136,77,58,36.3,False,True,False,Hipertensão,NUNCA_FUMOU,MODERADO,ATIVA,REGULAR,7.6,False,False,False,False,False,False,False,0,SEM_CONDICAO_CRONICA,,0,NAO_SE_APLICA,83.4,4.2,172.6,99.2,49.2,121.1,0.98,12.9,2023-11-16,23.4,ALTO,Sem condição crônica identificada (simulado),SEM_INTERCORRENCIA,False,validation,SYNTHETIC,True
SYN-0986BBEBF23E423D,34,F,Barra de Aurival,PE,64.1,155.5,26.51,117,74,82,36.5,True,False,False,Diabetes,FUMANTE_ATUAL,MODERADO,MODERADA,RUIM,7.5,False,True,False,False,False,False,False,1,DIABETES_TIPO_2,Metformina,1,ALTA,108.5,5.8,157.7,69.6,71.1,85.0,0.72,13.8,2024-04-16,11.7,MODERADO,Diabetes mellitus tipo 2 compensado (simulado),SEM_INTERCORRENCIA,False,validation,SYNTHETIC,True
SYN-1DBA12677E1C45A1,59,M,Barra de Lumirelha,DF,94.8,176.9,30.29,109,59,83,37.1,False,False,False,Sem histórico relevante,NUNCA_FUMOU,NENHUM,MODERADA,REGULAR,6.6,False,False,False,True,False,False,False,1,OBESIDADE,,0,NAO_SE_APLICA,87.4,4.0,199.3,130.8,52.6,79.4,0.93,14.2,2023-12-26,18.1,MODERADO,Obesidade (simulado),SEM_INTERCORRENCIA,False,train,SYNTHETIC,True
SYN-899CA782E3234D1A,66,M,Vale de Cendrorém,SE,90.3,172.8,30.24,124,70,71,37.0,False,False,False,Sem histórico relevante,NUNCA_FUMOU,NENHUM,SEDENTARIO,REGULAR,5.2,True,False,False,True,True,False,False,3,HIPERTENSAO,Anlodipino; Enalapril,2,ALTA,74.2,4.4,193.7,125.9,36.5,156.6,0.95,15.4,2024-01-09,55.5,MUITO_ALTO,Hipertensão arterial sistêmica controlada (simulado),SEM_INTERCORRENCIA,False,train,SYNTHETIC,True
SYN-5EFA9C5B74214F46,54,M,Alto de Pelvival,RJ,77.4,176.6,24.82,127,68,78,36.7,False,True,False,Hipertensão,NUNCA_FUMOU,MODERADO,SEDENTARIO,REGULAR,7.5,False,False,False,False,False,False,False,0,SEM_CONDICAO_CRONICA,,0,NAO_SE_APLICA,93.1,4.4,155.8,107.3,27.2,106.7,1.14,14.8,2023-07-13,27.2,ALTO,Sem condição crônica identificada (simulado),SEM_INTERCORRENCIA,False,train,SYNTHETIC,True
SYN-B24CC64FBE3E4E57,43,F,Vila Relvorém,MT,52.6,160.8,20.34,120,71,72,36.8,False,True,False,Hipertensão,EX_FUMANTE,MODERADO,ATIVA,REGULAR,6.2,False,False,False,False,False,False,False,0,SEM_CONDICAO_CRONICA,,0,NAO_SE_APLICA,89.9,4.6,183.7,130.9,38.9,69.5,0.95,14.3,2024-09-03,12.2,MODERADO,Sem condição crônica identificada (simulado),SEM_INTERCORRENCIA,False,validation,SYNTHETIC,True
SYN-965BEFDF6B4B4411,56,F,Campo de Orvalelha,SC,72.4,161.3,27.83,116,70,80,36.9,False,False,False,Sem histórico relevante,NUNCA_FUMOU,MODERADO,SEDENTARIO,RUIM,7.2,False,False,False,False,False,False,False,0,SEM_CONDICAO_CRONICA,,0,NAO_SE_APLICA,77.2,4.2,193.2,101.8,70.0,107.0,0.7,12.5,2024-08-20,7.6,BAIXO,Sem condição crônica identificada (simulado),SEM_INTERCORRENCIA,False,train,SYNTHETIC,True
SYN-E2AA7A5D278E400D,43,M,Barra de Xervunda,RJ,65.8,173.4,21.88,129,83,77,37.0,False,False,False,Sem histórico relevante,EX_FUMANTE,NENHUM,SEDENTARIO,BOA,7.2,False,False,True,False,False,False,False,1,DISLIPIDEMIA,Atorvastatina,1,ALTA,95.2,5.3,189.5,95.9,41.4,261.2,0.66,14.6,2024-11-04,13.3,MODERADO,Dislipidemia com LDL na meta (simulado),SEM_INTERCORRENCIA,False,train,SYNTHETIC,True
SYN-D56CE8EA19594B5A,64,M,Serra de Solvunda,AL,70.8,173.0,23.66,118,70,70,37.1,False,False,True,Doença cardiovascular,NUNCA_FUMOU,ELEVADO,SEDENTARIO,REGULAR,4.9,False,False,True,False,False,False,False,1,DISLIPIDEMIA,,0,NAO_SE_APLICA,102.8,6.0,243.4,146.5,49.9,234.8,1.04,13.3,2023-07-28,39.1,ALTO,Dislipidemia com LDL na meta (simulado),SEM_INTERCORRENCIA,False,test,SYNTHETIC,True
SYN-F065C817687A4850,43,M,Alto de Tavrinel,RS,46.1,167.2,16.49,112,60,73,36.6,False,True,False,Hipertensão,NUNCA_FUMOU,NENHUM,ATIVA,RUIM,7.1,False,False,False,False,False,False,False,0,SEM_CONDICAO_CRONICA,,0,NAO_SE_APLICA,81.9,4.0,142.9,83.0,43.5,82.1,0.85,14.7,2024-12-30,3.2,BAIXO,Sem condição crônica identificada (simulado),SEM_INTERCORRENCIA,False,validation,SYNTHETIC,True
SYN-B0B63BCF08604833,42,M,Barra de Mirvunda,AM,56.1,180.3,17.26,117,78,67,36.4,False,False,False,Sem histórico relevante,FUMANTE_ATUAL,ELEVADO,ATIVA,REGULAR,7.6,False,False,False,False,False,False,False,0,SEM_CONDICAO_CRONICA,,0,NAO_SE_APLICA,81.0,4.6,154.7,82.3,49.2,116.0,0.87,14.4,2024-05-29,6.6,BAIXO,Sem condição crônica identificada (simulado),SEM_INTERCORRENCIA,False,test,SYNTHETIC,True
SYN-71D7966571814DCF,42,M,Vila Orvalorém,PI,117.0,186.4,33.67,105,50,76,36.5,True,False,True,Diabetes; Doença cardiovascular,NUNCA_FUMOU,MODERADO,SEDENTARIO,REGULAR,7.7,False,False,False,True,False,False,False,1,OBESIDADE,,0,NAO_SE_APLICA,102.2,6.0,172.2,104.7,37.7,148.8,0.93,15.8,2023-09-07,13.4,MODERADO,Obesidade (simulado),INTERNACAO,True,validation,SYNTHETIC,True
SYN-5CD8FE1ADAFE48A9,23,F,Nova Urvalorém,RR,50.8,158.7,20.17,102,62,74,36.6,True,True,False,Diabetes; Hipertensão,NUNCA_FUMOU,MODERADO,MODERADA,REGULAR,7.1,False,False,False,False,False,False,False,0,SEM_CONDICAO_CRONICA,,0,NAO_SE_APLICA,92.4,4.6,215.3,146.9,58.2,51.1,0.73,12.6,2024-10-01,2.1,BAIXO,Sem condição crônica identificada (simulado),INTERNACAO,True,validation,SYNTHETIC,True
SYN-5E09A9EEAF884DEC,71,F,Vale de Velminel,PR,100.8,166.7,36.27,155,93,84,36.6,False,False,False,Sem histórico relevante,NUNCA_FUMOU,MODERADO,SEDENTARIO,RUIM,4.8,False,True,True,True,False,False,False,3,DIABETES_TIPO_2,Metformina,1,ALTA,83.9,4.3,304.7,226.5,49.8,141.9,0.78,12.8,2024-02-13,95.4,MUITO_ALTO,Diabetes mellitus tipo 2 compensado (simulado),EVENTO_CARDIOVASCULAR,True,validation,SYNTHETIC,True
SYN-A5135EA0FA53434D,63,F,Alto de Tavrinel,RS,71.3,158.1,28.53,119,72,89,36.3,False,True,True,Hipertensão; Doença cardiovascular,NUNCA_FUMOU,NENHUM,MODERADA,RUIM,8.4,True,True,True,False,False,False,False,3,DIABETES_TIPO_2,Enalapril,1,ALTA,174.5,7.8,235.3,155.2,47.7,162.1,0.86,12.5,2024-02-08,73.2,MUITO_ALTO,Diabetes mellitus tipo 2 descompensado (simulado),EVENTO_CARDIOVASCULAR,True,train,SYNTHETIC,True
SYN-46A02A9B65EC4ACD,36,M,Vila Solvério,MS,82.5,176.7,26.42,118,74,69,36.7,False,False,False,Sem histórico relevante,NUNCA_FUMOU,MODERADO,SEDENTARIO,RUIM,7.5,False,False,True,False,False,False,False,1,DISLIPIDEMIA,Atorvastatina,1,ALTA,92.8,5.2,195.7,142.3,34.6,93.8,0.92,14.8,2024-07-07,11.1,MODERADO,Dislipidemia com LDL na meta (simulado),SEM_INTERCORRENCIA,False,validation,SYNTHETIC,True
SYN-F2F25EEF1F454BFD,22,M,Lago de Aurorém,DF,42.3,158.9,16.75,91,57,70,36.1,False,False,False,Sem histórico relevante,FUMANTE_ATUAL,MODERADO,ATIVA,RUIM,5.7,False,False,False,False,False,False,False,0,SEM_CONDICAO_CRONICA,,0,NAO_SE_APLICA,100.8,5.4,115.4,45.2,51.3,94.4,0.6,16.8,2023-04-25,0.9,BAIXO,Sem condição crônica identificada (simulado),SEM_INTERCORRENCIA,False,train,SYNTHETIC,True
SYN-1777E8CB74684B98,59,F,Vila Relvunda,CE,63.9,163.0,24.05,109,69,54,36.6,True,False,False,Diabetes,NUNCA_FUMOU,MODERADO,ATIVA,REGULAR,6.1,False,False,False,False,False,False,False,0,SEM_CONDICAO_CRONICA,,0,NAO_SE_APLICA,89.6,4.6,217.9,155.1,45.2,88.2,0.89,9.7,2023-12-07,19.4,MODERADO,Sem condição crônica identificada (simulado),SEM_INTERCORRENCIA,False,train,SYNTHETIC,True
SYN-A3B5CECEA4464E72,39,M,Serra de Solvival,ES,85.3,162.8,32.18,103,61,89,36.6,False,False,False,Sem histórico relevante,NUNCA_FUMOU,NENHUM,SEDENTARIO,BOA,7.3,False,False,False,True,False,False,False,1,OBESIDADE,,0,NAO_SE_APLICA,95.6,4.7,197.2,132.9,32.6,158.3,0.89,14.8,2023-01-19,9.7,BAIXO,Obesidade (simulado),SEM_INTERCORRENCIA,False,train,SYNTHETIC,True
SYN-0CF2B69B05774EA9,89,F,Vila Mirvanda,PB,97.8,170.7,33.56,151,80,76,36.6,False,True,False,Hipertensão,NUNCA_FUMOU,NENHUM,SEDENTARIO,REGULAR,7.7,True,False,False,True,False,False,False,2,HIPERTENSAO,Enalapril; Losartana,2,ALTA,102.0,5.6,212.5,131.7,47.6,165.9,0.79,14.4,2023-11-08,81.9,MUITO_ALTO,Hipertensão arterial sistêmica não controlada (simulado),INTERNACAO,True,train,SYNTHETIC,True
SYN-FD235DEF3E5A47E3,55,F,Nova Velminel,DF,83.1,173.1,27.73,116,70,73,36.9,False,True,False,Hipertensão,EX_FUMANTE,NENHUM,SEDENTARIO,REGULAR,6.5,True,False,False,False,False,False,False,1,HIPERTENSAO,Anlodipino; Enalapril,2,ALTA,68.7,4.0,156.1,70.1,55.6,152.0,0.72,12.7,2024-05-07,9.8,BAIXO,Hipertensão arterial sistêmica controlada (simulado),SEM_INTERCORRENCIA,False,train,SYNTHETIC,True
SYN-34885A4690884EAF,38,F,Barra de Lumirelha,DF,57.3,165.7,20.87,121,66,76,36.8,False,True,False,Hipertensão,NUNCA_FUMOU,MODERADO,SEDENTARIO,REGULAR,7.9,False,False,False,False,False,False,False,0,SEM_CONDICAO_CRONICA,,0,NAO_SE_APLICA,99.2,4.4,239.6,160.1,65.5,70.2,0.77,13.7,2024-12-23,8.1,BAIXO,Sem condição crônica identificada (simulado),SEM_INTERCORRENCIA,False,train,SYNTHETIC,True
SYN-8DE08FC2C3E14A85,56,F,Vila Quirelunda,MG,66.2,170.0,22.91,111,63,77,37.3,False,False,False,Sem histórico relevante,NUNCA_FUMOU,MODERADO,SEDENTARIO,REGULAR,5.0,False,False,False,False,False,False,False,0,SEM_CONDICAO_CRONICA,,0,NAO_SE_APLICA,84.9,4.1,234.0,161.5,47.7,123.8,0.82,14.4,2023-06-14,30.4,ALTO,Sem condição crônica identificada (simulado),SEM_INTERCORRENCIA,False,train,SYNTHETIC,True
SYN-D0243D723748467F,21,M,Alto de Tavrinel,RS,64.5,168.4,22.74,107,72,69,36.4,False,False,False,Sem histórico relevante,EX_FUMANTE,ELEVADO,SEDENTARIO,RUIM,5.9,False,False,False,False,False,False,False,0,SEM_CONDICAO_CRONICA,,0,NAO_SE_APLICA,93.9,4.7,191.6,133.6,43.3,73.6,0.95,14.5,2024-10-02,2.2,BAIXO,Sem condição crônica identificada (simulado),SEM_INTERCORRENCIA,False,train,SYNTHETIC,True
SYN-C63D04EE541C4A86,43,F,Barra de Cendrunda,MG,66.7,150.8,29.33,120,82,78,36.7,False,True,False,Hipertensão,NUNCA_FUMOU,MODERADO,ATIVA,RUIM,4.7,False,False,False,False,False,False,False,0,SEM_CONDICAO_CRONICA,,0,NAO_SE_APLICA,106.1,5.8,220.0,143.7,44.2,160.7,0.81,12.5,2023-01-29,12.9,MODERADO,Sem condição crônica identificada (simulado),SEM_INTERCORRENCIA,False,train,SYNTHETIC,True
SYN-989240ACE68943A9,50,M,Barra de Cendrinel,MA,104.5,175.0,34.12,109,75,85,36.7,False,True,False,Hipertensão,FUMANTE_ATUAL,MODERADO,SEDENTARIO,RUIM,6.0,False,False,False,True,True,False,False,2,OBESIDADE,Salbutamol,1,BAIXA,89.5,4.3,196.4,109.0,43.0,221.9,0.85,15.7,2023-01-10,34.9,ALTO,Obesidade (simulado),INTERNACAO,True,test,SYNTHETIC,True
SYN-FBE94499DBC040FD,47,M,Campo de Orvalelha,SC,64.3,163.8,23.97,116,76,74,36.7,True,True,False,Diabetes; Hipertensão,NUNCA_FUMOU,NENHUM,ATIVA,REGULAR,8.7,False,False,False,False,False,False,False,0,SEM_CONDICAO_CRONICA,,0,NAO_SE_APLICA,85.6,5.1,210.8,139.5,43.8,137.4,0.62,15.3,2023-09-08,7.5,BAIXO,Sem condição crônica identificada (simulado),SEM_INTERCORRENCIA,False,train,SYNTHETIC,True
SYN-8A4B8F7C21474A15,61,F,Barra de Falvelha,GO,65.1,158.7,25.85,123,74,70,36.2,True,False,False,Diabetes,NUNCA_FUMOU,MODERADO,SEDENTARIO,REGULAR,9.3,False,False,False,False,False,False,False,0,SEM_CONDICAO_CRONICA,,0,NAO_SE_APLICA,89.7,5.2,156.8,86.4,49.2,106.1,0.85,13.1,2023-07-31,25.3,ALTO,Sem condição crônica identificada (simulado),INTERNACAO,True,train,SYNTHETIC,True
SYN-1C24220E2CAB47E7,54,F,Campo de Quirelival,PI,69.5,149.3,31.18,133,86,65,36.2,False,False,False,Sem histórico relevante,NUNCA_FUMOU,NENHUM,MODERADA,REGULAR,7.3,False,False,False,True,False,False,False,1,OBESIDADE,,0,NAO_SE_APLICA,78.5,4.4,126.9,37.3,57.3,161.5,0.88,13.8,2024-03-01,8.8,BAIXO,Obesidade (simulado),SEM_INTERCORRENCIA,False,train,SYNTHETIC,True
SYN-21BDDB4106994731,59,M,Nova Aurival,PI,72.1,177.0,23.01,114,71,75,36.6,False,False,False,Sem histórico relevante,EX_FUMANTE,NENHUM,SEDENTARIO,REGULAR,6.3,True,False,False,False,False,False,False,1,HIPERTENSAO,Losartana,1,ALTA,109.3,4.5,157.1,97.3,47.7,60.6,1.0,15.8,2023-05-22,16.1,MODERADO,Hipertensão arterial sistêmica controlada (simulado),SEM_INTERCORRENCIA,False,train,SYNTHETIC,True
SYN-C9D6A63BCA3C4F5F,36,F,Alto de Lumirimar,MS,65.8,174.0,21.73,100,73,89,38.2,True,False,False,Diabetes,NUNCA_FUMOU,NENHUM,ATIVA,BOA,6.8,False,False,False,False,False,False,True,1,INFECCAO_RESPIRATORIA_AGUDA,Paracetamol,1,ALTA,88.8,4.3,160.8,102.1,47.9,53.9,0.81,13.1,2024-02-08,2.4,BAIXO,Infecção respiratória aguda (simulado),SEM_INTERCORRENCIA,False,train,SYNTHETIC,True
SYN-040A3AAE52E24FD9,63,M,Nova Dorvelha,MA,84.1,170.1,29.07,129,72,81,36.5,False,True,False,Hipertensão,NUNCA_FUMOU,NENHUM,SEDENTARIO,REGULAR,7.5,False,False,False,False,False,False,False,0,SEM_CONDICAO_CRONICA,,0,NAO_SE_APLICA,105.8,5.1,176.2,96.7,50.2,146.3,0.92,15.1,2024-12-22,31.8,ALTO,Sem condição crônica identificada (simulado),INTERNACAO,True,train,SYNTHETIC,True
SYN-20733F6D0D6A45B3,76,F,Campo de Quirelival,PI,66.7,167.1,23.89,154,93,69,36.4,True,False,False,Diabetes,NUNCA_FUMOU,NENHUM,SEDENTARIO,REGULAR,5.3,True,False,False,False,False,False,False,1,HIPERTENSAO,Anlodipino; Enalapril,2,BAIXA,86.7,5.3,211.9,126.6,51.7,168.2,0.85,13.7,2023-05-03,80.0,MUITO_ALTO,Hipertensão arterial sistêmica não controlada (simulado),INTERNACAO,True,validation,SYNTHETIC,True
SYN-1D181EE986AD4A8C,32,M,Barra de Mirvival,RS,55.4,168.2,19.58,102,54,76,36.5,False,False,True,Doença cardiovascular,FUMANTE_ATUAL,MODERADO,ATIVA,REGULAR,6.4,False,False,True,False,False,False,False,1,DISLIPIDEMIA,,0,NAO_SE_APLICA,89.0,4.5,209.6,129.0,63.4,86.2,0.81,14.3,2023-11-12,4.7,BAIXO,Dislipidemia com LDL na meta (simulado),SEM_INTERCORRENCIA,False,test,SYNTHETIC,True
SYN-72C22A1679EB4168,33,M,Lago de Mirvinel,RR,52.9,160.0,20.66,97,64,66,36.9,False,True,False,Hipertensão,FUMANTE_ATUAL,NENHUM,MODERADA,REGULAR,8.6,False,False,False,False,False,False,False,0,SEM_CONDICAO_CRONICA,,0,NAO_SE_APLICA,97.4,4.8,181.4,101.8,60.2,97.1,1.01,16.0,2024-03-17,2.4,BAIXO,Sem condição crônica identificada (simulado),SEM_INTERCORRENCIA,False,train,SYNTHETIC,True
SYN-97FA7F0483634007,71,F,Alto de Xervanda,RO,80.9,160.5,31.4,124,65,66,36.3,False,False,False,Sem histórico relevante,NUNCA_FUMOU,NENHUM,MODERADA,REGULAR,5.8,False,False,False,True,False,False,False,1,OBESIDADE,,0,NAO_SE_APLICA,81.7,4.5,164.2,65.6,67.5,155.4,0.76,12.2,2023-11-10,26.8,ALTO,Obesidade (simulado),SEM_INTERCORRENCIA,False,train,SYNTHETIC,True
SYN-38B77C0780FB4296,45,F,Vale de Pelvelha,TO,101.4,173.7,33.61,119,66,80,36.9,False,True,False,Hipertensão,FUMANTE_ATUAL,NENHUM,SEDENTARIO,REGULAR,6.2,True,False,False,True,False,False,False,2,HIPERTENSAO,Anlodipino; Enalapril,2,ALTA,91.2,4.3,151.4,92.2,36.2,114.9,1.02,13.1,2023-10-28,32.6,ALTO,Hipertensão arterial sistêmica controlada (simulado),INTERNACAO,True,train,SYNTHETIC,True
SYN-BA2C98CE0B19488E,72,M,Campo de Zanvosa,ES,83.4,169.3,29.1,151,81,68,36.4,False,False,True,Doença cardiovascular,FUMANTE_ATUAL,MODERADO,SEDENTARIO,RUIM,7.0,True,False,True,False,False,False,False,2,HIPERTENSAO,,0,NAO_SE_APLICA,99.2,5.1,240.0,162.0,46.6,156.8,1.02,15.6,2023-01-28,88.4,MUITO_ALTO,Hipertensão arterial sistêmica não controlada (simulado),INTERNACAO,True,test,SYNTHETIC,True
SYN-A8ADDF36DDF245EB,40,F,Barra de Xervinel,BA,53.3,157.0,21.62,99,62,58,36.5,False,False,False,Sem histórico relevante,NUNCA_FUMOU,MODERADO,ATIVA,REGULAR,7.3,False,False,False,False,False,False,False,0,SEM_CONDICAO_CRONICA,,0,NAO_SE_APLICA,87.2,4.4,169.8,98.4,46.8,123.2,0.85,12.1,2023-12-16,3.8,BAIXO,Sem condição crônica identificada (simulado),SEM_INTERCORRENCIA,False,train,SYNTHETIC,True
SYN-A4B1F99175424646,73,F,Campo de Zanvosa,ES,62.8,167.2,22.46,138,83,86,36.7,True,False,False,Diabetes,NUNCA_FUMOU,NENHUM,MODERADA,BOA,6.3,True,False,False,False,False,False,False,1,HIPERTENSAO,Anlodipino; Enalapril,2,ALTA,85.0,5.5,198.3,109.4,67.7,105.9,0.82,14.1,2024-11-08,37.9,ALTO,Hipertensão arterial sistêmica controlada (simulado),SEM_INTERCORRENCIA,False,train,SYNTHETIC,True
SYN-FFA361BE0F9240E1,50,F,Vila Ibirimar,RR,69.4,167.6,24.71,117,85,84,36.5,False,False,False,Sem histórico relevante,NUNCA_FUMOU,NENHUM,MODERADA,REGULAR,7.1,False,False,False,False,False,False,False,0,SEM_CONDICAO_CRONICA,,0,NAO_SE_APLICA,100.0,4.8,204.2,112.5,69.0,113.4,0.95,13.4,2024-10-01,6.7,BAIXO,Sem condição crônica identificada (simulado),SEM_INTERCORRENCIA,False,validation,SYNTHETIC,True
SYN-6D20449666D04371,52,F,Vale de Velmorém,PB,57.1,154.5,23.92,127,75,97,36.3,False,True,True,Hipertensão; Doença cardiovascular,NUNCA_FUMOU,ELEVADO,SEDENTARIO,BOA,7.7,False,False,False,False,False,False,False,0,SEM_CONDICAO_CRONICA,,0,NAO_SE_APLICA,102.3,5.9,235.7,159.8,60.8,75.5,0.95,14.5,2024-08-06,27.9,ALTO,Sem condição crônica identificada (simulado),SEM_INTERCORRENCIA,False,test,SYNTHETIC,True
SYN-B65FEEA97D824264,75,M,Vale de Dorvimar,ES,87.1,179.7,26.97,101,68,80,36.5,False,False,False,Sem histórico relevante,NUNCA_FUMOU,MODERADO,SEDENTARIO,REGULAR,9.2,False,True,False,False,False,False,False,1,DIABETES_TIPO_2,Glibenclamida,1,ALTA,159.2,6.8,198.4,129.6,39.2,148.2,1.05,15.4,2023-02-27,52.0,MUITO_ALTO,Diabetes mellitus tipo 2 compensado (simulado),INTERNACAO,True,train,SYNTHETIC,True
SYN-E63658C912D0498D,42,M,Vale de Orvalunda,TO,69.0,167.8,24.51,113,69,73,36.1,False,False,False,Sem histórico relevante,NUNCA_FUMOU,MODERADO,ATIVA,REGULAR,6.9,True,False,False,False,False,False,False,1,HIPERTENSAO,,0,NAO_SE_APLICA,83.8,4.6,236.6,160.8,56.9,94.3,0.99,14.6,2023-04-02,14.7,MODERADO,Hipertensão arterial sistêmica controlada (simulado),INTERNACAO,True,test,SYNTHETIC,True
SYN-25F934BF9BB94155,32,F,Serra de Dorvorém,RO,56.2,160.5,21.82,123,77,74,36.7,False,False,False,Sem histórico relevante,FUMANTE_ATUAL,MODERADO,MODERADA,REGULAR,7.0,False,False,False,False,False,False,False,0,SEM_CONDICAO_CRONICA,,0,NAO_SE_APLICA,84.0,4.7,193.2,124.5,51.0,88.6,0.87,13.4,2024-01-21,11.8,MODERADO,Sem condição crônica identificada (simulado),SEM_INTERCORRENCIA,False,train,SYNTHETIC,True
SYN-9FD34579466742CE,40,M,Barra de Pelvosa,PE,73.6,172.1,24.85,105,65,88,37.6,False,False,True,Doença cardiovascular,NUNCA_FUMOU,MODERADO,SEDENTARIO,REGULAR,8.7,False,False,False,False,False,False,True,1,INFECCAO_RESPIRATORIA_AGUDA,Amoxicilina; Paracetamol,2,ALTA,85.7,4.7,204.3,143.1,43.1,90.6,0.99,15.1,2023-08-06,7.0,BAIXO,Infecção respiratória aguda (simulado),SEM_INTERCORRENCIA,False,train,SYNTHETIC,True
SYN-B64FA54A8C614654,56,F,Campo de Orvalorém,GO,54.6,154.8,22.79,103,70,75,36.9,False,True,False,Hipertensão,EX_FUMANTE,ELEVADO,ATIVA,BOA,6.4,False,False,False,False,False,False,False,0,SEM_CONDICAO_CRONICA,,0,NAO_SE_APLICA,95.9,5.0,220.9,140.3,60.2,102.0,0.7,15.2,2023-05-07,10.5,MODERADO,Sem condição crônica identificada (simulado),INTERNACAO,True,test,SYNTHETIC,True
SYN-98EEAC2BFE9F4CAA,21,F,Vila Solvério,MS,63.4,167.1,22.71,102,56,84,36.8,True,False,False,Diabetes,NUNCA_FUMOU,NENHUM,MODERADA,RUIM,5.5,False,False,False,False,False,False,False,0,SEM_CONDICAO_CRONICA,,0,NAO_SE_APLICA,78.7,4.7,203.6,150.4,38.0,75.8,0.68,13.3,2023-05-16,3.1,BAIXO,Sem condição crônica identificada (simulado),SEM_INTERCORRENCIA,False,train,SYNTHETIC,True
SYN-816BCB9F74264193,59,M,Campo de Xervalena,PI,79.9,178.2,25.16,121,58,83,37.1,False,False,False,Sem histórico relevante,NUNCA_FUMOU,MODERADO,SEDENTARIO,REGULAR,7.3,False,False,False,False,False,False,False,0,SEM_CONDICAO_CRONICA,,0,NAO_SE_APLICA,79.8,4.6,170.2,112.3,35.7,111.0,0.94,14.7,2023-05-14,18.0,MODERADO,Sem condição crônica identificada (simulado),SEM_INTERCORRENCIA,False,test,SYNTHETIC,True
SYN-CB08587D1963426D,39,M,Campo de Norvival,PR,79.1,166.4,28.57,116,73,71,37.3,False,True,True,Hipertensão; Doença cardiovascular,FUMANTE_ATUAL,NENHUM,SEDENTARIO,REGULAR,8.2,False,False,False,False,False,False,False,0,SEM_CONDICAO_CRONICA,,0,NAO_SE_APLICA,84.5,4.5,214.9,129.9,63.4,107.8,0.96,14.6,2023-03-09,13.0,MODERADO,Sem condição crônica identificada (simulado),SEM_INTERCORRENCIA,False,train,SYNTHETIC,True
SYN-A79B44B6DA504FED,68,F,Barra de Falvosa,PR,46.7,162.1,17.77,127,63,91,39.0,False,False,False,Sem histórico relevante,NUNCA_FUMOU,MODERADO,MODERADA,BOA,7.4,True,False,False,False,False,False,True,2,HIPERTENSAO,Anlodipino; Enalapril; Paracetamol; Amoxicilina,4,ALTA,79.7,4.2,185.7,117.7,55.2,63.9,0.77,13.4,2024-03-22,33.2,ALTO,Hipertensão arterial sistêmica controlada (simulado),SEM_INTERCORRENCIA,False,train,SYNTHETIC,True
SYN-8D244E3EC4DA4DDB,54,F,Campo de Zanvinel,RO,83.5,159.4,32.86,126,84,69,36.4,True,False,False,Diabetes,NUNCA_FUMOU,NENHUM,SEDENTARIO,REGULAR,6.9,False,False,False,True,False,False,False,1,OBESIDADE,,0,NAO_SE_APLICA,99.9,5.1,199.0,134.5,50.4,70.4,0.85,12.1,2023-10-30,27.7,ALTO,Obesidade (simulado),SEM_INTERCORRENCIA,False,train,SYNTHETIC,True
SYN-6E191042370B4063,35,M,Barra de Mirvalena,AM,64.3,166.2,23.28,112,64,69,37.3,False,False,False,Sem histórico relevante,NUNCA_FUMOU,NENHUM,MODERADA,BOA,5.4,False,False,False,False,False,False,False,0,SEM_CONDICAO_CRONICA,,0,NAO_SE_APLICA,96.9,4.9,186.7,110.7,46.9,145.5,0.72,14.4,2024-05-04,7.1,BAIXO,Sem condição crônica identificada (simulado),SEM_INTERCORRENCIA,False,train,SYNTHETIC,True
SYN-69EFAFB13A7E4E14,19,M,Vila Relvunda,CE,75.5,179.7,23.38,119,65,82,36.2,False,False,False,Sem histórico relevante,EX_FUMANTE,ELEVADO,ATIVA,BOA,6.9,False,False,False,False,False,False,False,0,SEM_CONDICAO_CRONICA,,0,NAO_SE_APLICA,85.3,4.5,208.6,133.1,48.3,136.1,0.73,13.8,2023-06-06,3.4,BAIXO,Sem condição crônica identificada (simulado),SEM_INTERCORRENCIA,False,train,SYNTHETIC,True
SYN-66132E6974184109,34,F,Alto de Jaquelério,SC,61.8,148.3,28.1,112,85,65,36.0,False,False,False,Sem histórico relevante,NUNCA_FUMOU,MODERADO,SEDENTARIO,REGULAR,8.4,False,False,False,False,False,False,False,0,SEM_CONDICAO_CRONICA,,0,NAO_SE_APLICA,89.0,4.8,193.6,123.1,52.3,91.1,0.63,12.3,2024-03-19,11.9,MODERADO,Sem condição crônica identificada (simulado),SEM_INTERCORRENCIA,False,validation,SYNTHETIC,True
SYN-50032B3518574BAF,52,F,Barra de Cendrimar,CE,49.7,158.4,19.81,112,67,87,37.2,True,False,False,Diabetes,NUNCA_FUMOU,NENHUM,ATIVA,BOA,5.6,False,False,False,False,False,False,False,0,SEM_CONDICAO_CRONICA,,0,NAO_SE_APLICA,65.8,4.0,151.0,69.8,57.3,119.5,0.78,14.0,2023-05-15,4.8,BAIXO,Sem condição crônica identificada (simulado),SEM_INTERCORRENCIA,False,test,SYNTHETIC,True
SYN-4140752CAA444259,45,M,Campo de Zanvinel,RO,54.8,157.9,21.98,122,71,81,36.8,True,True,True,Diabetes; Hipertensão; Doença cardiovascular,NUNCA_FUMOU,ELEVADO,SEDENTARIO,BOA,6.7,False,False,False,False,False,False,False,0,SEM_CONDICAO_CRONICA,,0,NAO_SE_APLICA,85.1,4.2,245.6,209.1,22.5,70.2,0.79,14.8,2024-11-06,42.6,MUITO_ALTO,Sem condição crônica identificada (simulado),SEM_INTERCORRENCIA,False,train,SYNTHETIC,True
SYN-AFD380C42713482C,44,F,Vale de Quirelorém,PB,48.7,149.6,21.76,117,74,72,36.0,False,False,False,Sem histórico relevante,NUNCA_FUMOU,NENHUM,SEDENTARIO,REGULAR,6.6,False,False,False,False,False,False,False,0,SEM_CONDICAO_CRONICA,,0,NAO_SE_APLICA,100.4,5.4,210.0,133.0,59.1,89.6,0.66,12.5,2023-05-06,5.6,BAIXO,Sem condição crônica identificada (simulado),SEM_INTERCORRENCIA,False,test,SYNTHETIC,True
SYN-175A81EC112F4612,45,F,Serra de Solvival,ES,59.4,159.5,23.35,104,69,73,36.2,True,False,False,Diabetes,NUNCA_FUMOU,MODERADO,MODERADA,REGULAR,6.2,False,True,False,False,False,False,False,1,DIABETES_TIPO_2,Metformina,1,ALTA,111.2,4.7,171.6,78.8,70.5,111.7,0.86,13.0,2024-08-03,12.1,MODERADO,Diabetes mellitus tipo 2 compensado (simulado),SEM_INTERCORRENCIA,False,train,SYNTHETIC,True
SYN-6E8F75A117DD4D81,51,F,Vale de Pelvelha,TO,59.2,146.6,27.55,117,78,81,38.0,False,False,False,Sem histórico relevante,NUNCA_FUMOU,MODERADO,MODERADA,REGULAR,7.3,False,False,True,False,False,False,True,2,INFECCAO_RESPIRATORIA_AGUDA,Atorvastatina; Amoxicilina,2,MEDIA,80.8,4.9,176.1,100.0,45.5,152.9,0.9,13.0,2024-05-16,20.8,ALTO,Infecção respiratória aguda (simulado),INTERNACAO,True,train,SYNTHETIC,True
SYN-5F65C8CEBD214C11,31,F,Lago de Zanvelha,RR,52.3,157.7,21.03,110,58,67,36.3,False,False,False,Sem histórico relevante,NUNCA_FUMOU,NENHUM,MODERADA,REGULAR,7.5,False,False,False,False,False,False,False,0,SEM_CONDICAO_CRONICA,,0,NAO_SE_APLICA,101.4,5.0,208.0,131.2,52.3,122.4,0.41,13.3,2023-05-26,4.9,BAIXO,Sem condição crônica identificada (simulado),SEM_INTERCORRENCIA,False,validation,SYNTHETIC,True
SYN-0F5AE9D38E6E4003,60,F,Campo de Norvival,PR,76.1,161.6,29.14,116,74,73,36.4,False,False,False,Sem histórico relevante,NUNCA_FUMOU,MODERADO,MODERADA,RUIM,7.5,False,False,False,False,False,False,False,0,SEM_CONDICAO_CRONICA,,0,NAO_SE_APLICA,81.0,5.0,170.5,79.4,69.5,108.2,0.76,11.7,2023-03-08,7.3,BAIXO,Sem condição crônica identificada (simulado),SEM_INTERCORRENCIA,False,train,SYNTHETIC,True
SYN-8FCA7B6A8FC44092,59,M,Alto de Orvalelha,SE,44.1,163.5,16.5,107,62,64,37.2,False,False,True,Doença cardiovascular,EX_FUMANTE,MODERADO,ATIVA,REGULAR,5.9,False,False,True,False,False,False,False,1,DISLIPIDEMIA,Sinvastatina,1,MEDIA,101.8,5.6,233.5,166.9,45.1,107.4,1.18,13.7,2024-04-09,29.6,ALTO,Dislipidemia com LDL elevado (simulado),SEM_INTERCORRENCIA,False,test,SYNTHETIC,True
SYN-692AC1391F4A4CA1,55,M,Nova Belvunda,RS,68.8,171.1,23.5,118,65,64,37.2,True,False,False,Diabetes,EX_FUMANTE,NENHUM,MODERADA,REGULAR,5.2,True,False,False,False,True,False,False,2,HIPERTENSAO,Hidroclorotiazida; Budesonida,2,BAIXA,115.6,5.5,220.9,143.1,50.5,136.4,1.06,13.4,2023-02-01,15.6,MODERADO,Hipertensão arterial sistêmica controlada (simulado),SEM_INTERCORRENCIA,False,validation,SYNTHETIC,True
SYN-F0EDE303AA53419C,57,M,Serra de Pelvorém,TO,93.0,180.5,28.54,110,68,65,36.6,True,False,False,Diabetes,NUNCA_FUMOU,MODERADO,ATIVA,REGULAR,7.3,True,False,False,False,False,False,False,1,HIPERTENSAO,,0,NAO_SE_APLICA,89.9,4.7,173.6,57.7,90.9,125.0,1.07,13.9,2024-03-29,6.7,BAIXO,Hipertensão arterial sistêmica controlada (simulado),SEM_INTERCORRENCIA,False,train,SYNTHETIC,True
SYN-EA74BB18DE3B496F,53,M,Campo de Norvival,PR,74.6,165.8,27.14,126,65,64,36.6,False,False,False,Sem histórico relevante,NUNCA_FUMOU,NENHUM,SEDENTARIO,RUIM,6.4,True,False,False,False,False,False,False,1,HIPERTENSAO,Losartana,1,MEDIA,101.7,5.7,175.5,107.7,48.7,95.4,1.07,14.1,2024-05-10,11.3,MODERADO,Hipertensão arterial sistêmica controlada (simulado),SEM_INTERCORRENCIA,False,train,SYNTHETIC,True
SYN-49A214AEF7E848E5,83,F,Vale de Velmorém,PB,61.6,160.1,24.03,128,81,65,36.9,False,True,False,Hipertensão,NUNCA_FUMOU,MODERADO,SEDENTARIO,REGULAR,9.0,False,True,False,False,False,False,False,1,DIABETES_TIPO_2,Glibenclamida,1,ALTA,118.3,6.2,189.0,106.6,52.6,149.2,0.81,12.2,2024-04-17,72.3,MUITO_ALTO,Diabetes mellitus tipo 2 compensado (simulado),SEM_INTERCORRENCIA,False,train,SYNTHETIC,True
SYN-1A85910D5A054C11,47,F,Barra de Tavrério,AL,56.2,160.4,21.84,104,62,63,36.4,False,False,True,Doença cardiovascular,FUMANTE_ATUAL,NENHUM,MODERADA,REGULAR,9.1,False,False,True,False,False,False,False,1,DISLIPIDEMIA,Sinvastatina,1,ALTA,73.8,4.5,165.1,61.0,63.9,201.0,0.8,14.0,2024-12-14,9.0,BAIXO,Dislipidemia com LDL na meta (simulado),SEM_INTERCORRENCIA,False,train,SYNTHETIC,True
SYN-279C658A36764CE5,43,M,Vila Orvalorém,PI,49.9,173.9,16.5,121,68,91,35.9,True,False,True,Diabetes; Doença cardiovascular,NUNCA_FUMOU,NENHUM,SEDENTARIO,REGULAR,9.2,False,False,False,False,False,False,False,0,SEM_CONDICAO_CRONICA,,0,NAO_SE_APLICA,80.7,4.8,192.6,117.9,50.0,123.4,1.02,16.6,2023-11-10,8.3,BAIXO,Sem condição crônica identificada (simulado),OBITO,True,train,SYNTHETIC,True
SYN-D8E7012F39684C81,35,F,Campo de Orvalelha,SC,47.9,161.7,18.32,95,57,71,35.8,False,False,False,Sem histórico relevante,NUNCA_FUMOU,MODERADO,ATIVA,REGULAR,6.0,False,False,False,False,False,False,False,0,SEM_CONDICAO_CRONICA,,0,NAO_SE_APLICA,95.7,4.6,193.4,127.1,55.0,56.6,0.74,14.0,2024-01-02,2.8,BAIXO,Sem condição crônica identificada (simulado),SEM_INTERCORRENCIA,False,train,SYNTHETIC,True
SYN-8E676A01D86A4460,30,M,Alto de Tavrinel,RS,82.9,165.1,30.41,121,73,96,38.7,False,False,False,Sem histórico relevante,NUNCA_FUMOU,NENHUM,SEDENTARIO,RUIM,7.6,False,False,False,True,False,False,True,2,INFECCAO_RESPIRATORIA_AGUDA,Amoxicilina,1,MEDIA,91.4,4.9,207.4,166.4,24.4,82.8,0.86,14.2,2024-11-23,21.1,ALTO,Infecção respiratória aguda (simulado),SEM_INTERCORRENCIA,False,train,SYNTHETIC,True
SYN-47503F1DC33A4F6C,27,M,Alto de Xervanda,RO,76.0,184.4,22.35,110,73,76,36.9,False,False,False,Sem histórico relevante,NUNCA_FUMOU,MODERADO,SEDENTARIO,REGULAR,8.0,False,False,False,False,False,False,False,0,SEM_CONDICAO_CRONICA,,0,NAO_SE_APLICA,87.7,4.4,156.5,79.4,48.3,144.1,0.89,15.0,2024-09-20,2.0,BAIXO,Sem condição crônica identificada (simulado),SEM_INTERCORRENCIA,False,train,SYNTHETIC,True
SYN-6DDA4F8DCEA64F4C,33,F,Barra de Falvosa,PR,69.0,175.7,22.35,135,72,81,36.6,True,False,False,Diabetes,NUNCA_FUMOU,MODERADO,SEDENTARIO,BOA,7.8,True,False,False,False,False,False,False,1,HIPERTENSAO,Losartana; Hidroclorotiazida,2,ALTA,77.7,4.0,205.7,128.6,58.7,91.9,0.59,13.1,2023-12-05,9.3,BAIXO,Hipertensão arterial sistêmica controlada (simulado),SEM_INTERCORRENCIA,False,train,SYNTHETIC,True
SYN-C4767556F97B42DD,47,F,Vale de Pelvelha,TO,45.7,159.1,18.05,115,66,87,36.8,False,True,False,Hipertensão,NUNCA_FUMOU,MODERADO,SEDENTARIO,RUIM,6.6,False,False,False,False,False,False,False,0,SEM_CONDICAO_CRONICA,,0,NAO_SE_APLICA,87.1,4.7,166.1,108.5,49.3,41.3,0.85,12.6,2023-11-05,11.9,MODERADO,Sem condição crônica identificada (simulado),SEM_INTERCORRENCIA,False,train,SYNTHETIC,True
SYN-ACCB461A9D134363,54,F,Vila Urvalalena,RO,50.2,158.2,20.06,99,59,80,36.9,True,False,False,Diabetes,NUNCA_FUMOU,NENHUM,SEDENTARIO,REGULAR,8.4,False,False,False,False,False,False,False,0,SEM_CONDICAO_CRONICA,,0,NAO_SE_APLICA,83.0,4.4,214.1,132.6,66.8,73.5,0.63,14.5,2024-07-31,7.5,BAIXO,Sem condição crônica identificada (simulado),SEM_INTERCORRENCIA,False,test,SYNTHETIC,True
SYN-9BE7173706B84231,49,F,Vila Mirvanda,PB,75.9,157.3,30.67,130,72,87,37.0,False,False,False,Sem histórico relevante,NUNCA_FUMOU,MODERADO,MODERADA,RUIM,7.0,False,False,False,True,False,False,False,1,OBESIDADE,,0,NAO_SE_APLICA,83.1,4.5,153.0,64.6,66.0,111.8,0.69,15.2,2024-02-18,5.7,BAIXO,Obesidade (simulado),SEM_INTERCORRENCIA,False,train,SYNTHETIC,True
SYN-B18753E6D4574AD9,35,F,Campo de Norvival,PR,61.7,153.7,26.12,128,77,72,36.7,False,True,False,Hipertensão,NUNCA_FUMOU,MODERADO,MODERADA,REGULAR,7.1,False,False,False,False,False,False,False,0,SEM_CONDICAO_CRONICA,,0,NAO_SE_APLICA,81.2,4.3,226.9,143.5,63.0,102.0,0.81,11.7,2023-12-18,5.1,BAIXO,Sem condição crônica identificada (simulado),SEM_INTERCORRENCIA,False,validation,SYNTHETIC,True
SYN-45F50C522E2F4F77,63,F,Vila Belvimar,MG,63.1,164.5,23.32,107,61,81,36.7,False,True,False,Hipertensão,EX_FUMANTE,NENHUM,SEDENTARIO,RUIM,5.3,True,False,True,False,False,False,False,2,HIPERTENSAO,Enalapril,1,ALTA,91.3,4.4,220.6,132.3,49.5,194.0,0.88,14.6,2024-08-19,22.6,ALTO,Hipertensão arterial sistêmica controlada (simulado),SEM_INTERCORRENCIA,False,test,SYNTHETIC,True
SYN-EBE9E2074F194EC0,61,M,Lago de Jaquelério,BA,77.0,177.1,24.55,125,66,82,36.6,False,False,False,Sem histórico relevante,NUNCA_FUMOU,MODERADO,SEDENTARIO,REGULAR,7.7,False,False,True,False,False,False,False,1,DISLIPIDEMIA,,0,NAO_SE_APLICA,83.4,5.1,245.2,198.8,24.2,111.2,0.98,14.2,2024-07-29,60.4,MUITO_ALTO,Dislipidemia com LDL elevado (simulado),INTERNACAO,True,train,SYNTHETIC,True
SYN-2E70983801904620,45,M,Nova Norvério,AM,63.6,166.5,22.94,124,77,77,37.7,False,False,False,Sem histórico relevante,FUMANTE_ATUAL,MODERADO,ATIVA,REGULAR,6.7,False,False,False,False,False,False,True,1,INFECCAO_RESPIRATORIA_AGUDA,Paracetamol; Amoxicilina,2,ALTA,89.4,4.8,206.0,126.9,50.4,143.5,0.76,14.5,2023-10-30,21.3,ALTO,Infecção respiratória aguda (simulado),SEM_INTERCORRENCIA,False,train,SYNTHETIC,True
SYN-A847BCE790FA4B57,37,M,Nova Velminel,DF,57.3,161.7,21.91,113,77,76,36.1,True,False,False,Diabetes,EX_FUMANTE,MODERADO,SEDENTARIO,RUIM,7.5,True,False,False,False,False,False,False,1,HIPERTENSAO,Losartana; Hidroclorotiazida,2,ALTA,73.3,4.0,154.3,105.6,26.5,110.8,0.93,15.1,2023-10-17,7.7,BAIXO,Hipertensão arterial sistêmica controlada (simulado),SEM_INTERCORRENCIA,False,test,SYNTHETIC,True
SYN-BDB025FF245145A4,57,F,Barra de Norvanda,RJ,40.5,153.6,17.17,88,55,55,37.0,True,True,False,Diabetes; Hipertensão,EX_FUMANTE,MODERADO,MODERADA,REGULAR,7.3,False,False,True,False,False,False,False,1,DISLIPIDEMIA,Sinvastatina,1,ALTA,92.6,4.9,220.2,169.7,34.8,78.7,0.74,14.7,2024-05-03,11.7,MODERADO,Dislipidemia com LDL elevado (simulado),SEM_INTERCORRENCIA,False,train,SYNTHETIC,True
SYN-177D6E7E07D944CE,51,F,Nova Falvosa,RS,53.3,148.6,24.14,112,67,71,36.5,False,False,True,Doença cardiovascular,EX_FUMANTE,MODERADO,MODERADA,REGULAR,7.2,False,False,False,False,False,False,False,0,SEM_CONDICAO_CRONICA,,0,NAO_SE_APLICA,92.0,5.4,174.0,93.0,61.8,95.9,0.85,13.5,2023-01-01,14.4,MODERADO,Sem condição crônica identificada (simulado),SEM_INTERCORRENCIA,False,train,SYNTHETIC,True
SYN-604E46CB371242D1,23,F,Alto de Tavrinel,RS,63.3,157.0,25.68,103,63,69,36.5,False,False,False,Sem histórico relevante,NUNCA_FUMOU,ELEVADO,MODERADA,REGULAR,6.9,False,False,False,False,False,False,False,0,SEM_CONDICAO_CRONICA,,0,NAO_SE_APLICA,88.1,5.0,169.6,76.3,66.6,133.5,0.62,13.6,2024-07-25,1.5,BAIXO,Sem condição crônica identificada (simulado),SEM_INTERCORRENCIA,False,train,SYNTHETIC,True
SYN-284BF96257444596,47,F,Barra de Xervunda,RJ,67.7,165.7,24.66,130,74,64,36.4,True,False,False,Diabetes,NUNCA_FUMOU,MODERADO,ATIVA,BOA,7.9,False,False,True,False,False,False,False,1,DISLIPIDEMIA,Atorvastatina,1,ALTA,91.4,4.6,174.0,99.3,43.4,156.7,0.57,14.1,2024-01-01,10.8,MODERADO,Dislipidemia com LDL na meta (simulado),SEM_INTERCORRENCIA,False,train,SYNTHETIC,True
SYN-530AC1C7B8BA4368,52,M,Vila Ibirimar,RR,87.2,175.4,28.34,118,79,68,36.2,True,False,True,Diabetes; Doença cardiovascular,NUNCA_FUMOU,MODERADO,MODERADA,REGULAR,6.8,False,False,False,False,False,False,False,0,SEM_CONDICAO_CRONICA,,0,NAO_SE_APLICA,99.2,4.9,235.0,162.5,44.7,138.8,0.83,15.8,2024-10-01,37.0,ALTO,Sem condição crônica identificada (simulado),SEM_INTERCORRENCIA,False,validation,SYNTHETIC,True
SYN-98A21F1C914D4FAE,33,F,Lago de Norvimar,SE,47.7,170.1,16.49,99,60,72,36.6,False,True,True,Hipertensão; Doença cardiovascular,NUNCA_FUMOU,MODERADO,ATIVA,BOA,5.4,False,False,False,False,False,False,False,0,SEM_CONDICAO_CRONICA,,0,NAO_SE_APLICA,74.8,4.0,149.4,74.7,60.8,69.4,0.67,13.7,2024-02-05,1.1,BAIXO,Sem condição crônica identificada (simulado),SEM_INTERCORRENCIA,False,train,SYNTHETIC,True
SYN-27D415B60D7745A0,51,F,Barra de Falvanda,AM,64.4,164.9,23.68,127,62,59,36.8,True,False,False,Diabetes,NUNCA_FUMOU,MODERADO,ATIVA,REGULAR,7.6,True,False,True,False,False,False,False,2,HIPERTENSAO,,0,NAO_SE_APLICA,90.3,4.5,236.4,141.6,58.4,182.2,0.81,14.2,2023-10-11,22.3,ALTO,Hipertensão arterial sistêmica controlada (simulado),SEM_INTERCORRENCIA,False,train,SYNTHETIC,True
SYN-0CBD3C039E2A44AC,23,M,Barra de Mirvival,RS,89.1,187.9,25.24,111,75,93,36.4,True,True,False,Diabetes; Hipertensão,NUNCA_FUMOU,ELEVADO,SEDENTARIO,RUIM,6.1,False,False,False,False,False,False,False,0,SEM_CONDICAO_CRONICA,,0,NAO_SE_APLICA,78.3,4.1,166.7,116.8,30.6,96.4,0.74,14.2,2023-03-26,3.1,BAIXO,Sem condição crônica identificada (simulado),SEM_INTERCORRENCIA,False,train,SYNTHETIC,True
SYN-716FDA0A45A84829,71,F,Nova Falvosa,RS,83.9,172.2,28.29,126,81,81,36.9,False,False,False,Sem histórico relevante,NUNCA_FUMOU,NENHUM,SEDENTARIO,RUIM,5.5,False,True,True,False,False,False,False,2,DIABETES_TIPO_2,Glibenclamida,1,MEDIA,122.8,5.4,269.0,153.8,64.0,539.3,0.78,11.5,2023-01-01,70.9,MUITO_ALTO,Diabetes mellitus tipo 2 compensado (simulado),SEM_INTERCORRENCIA,False,train,SYNTHETIC,True
SYN-9B69554D7C54435F,69,F,Vila Urvalelha,SP,67.3,159.4,26.49,118,75,72,36.5,False,True,False,Hipertensão,FUMANTE_ATUAL,NENHUM,SEDENTARIO,REGULAR,5.9,False,False,False,False,True,False,False,1,ASMA,Budesonida,1,BAIXA,88.0,4.5,261.6,207.3,39.8,72.5,0.96,15.0,2024-05-01,70.5,MUITO_ALTO,Asma (simulado),SEM_INTERCORRENCIA,False,test,SYNTHETIC,True
SYN-372F871A45EE432D,44,F,Serra de Solvival,ES,59.8,160.4,23.24,115,53,82,36.1,False,False,False,Sem histórico relevante,EX_FUMANTE,MODERADO,SEDENTARIO,REGULAR,7.3,False,False,False,False,False,False,False,0,SEM_CONDICAO_CRONICA,,0,NAO_SE_APLICA,89.3,4.9,169.0,80.8,34.5,268.3,0.9,12.2,2023-05-26,10.7,MODERADO,Sem condição crônica identificada (simulado),SEM_INTERCORRENCIA,False,train,SYNTHETIC,True
SYN-585D3F861D2344E6,54,M,Barra de Aurival,PE,52.9,179.0,16.51,105,63,81,37.0,False,True,False,Hipertensão,NUNCA_FUMOU,MODERADO,MODERADA,BOA,6.9,False,False,False,False,False,False,False,0,SEM_CONDICAO_CRONICA,,0,NAO_SE_APLICA,95.5,4.8,194.5,147.7,34.6,61.1,1.04,14.3,2024-09-16,18.6,MODERADO,Sem condição crônica identificada (simulado),SEM_INTERCORRENCIA,False,train,SYNTHETIC,True
SYN-AD9FB00D4882473C,53,M,Nova Dorvelha,MA,92.5,172.3,31.16,95,66,94,38.7,True,False,True,Diabetes; Doença cardiovascular,NUNCA_FUMOU,MODERADO,SEDENTARIO,REGULAR,4.7,False,True,False,True,False,False,True,3,DIABETES_TIPO_2,Metformina; Amoxicilina; Paracetamol,3,MEDIA,93.9,5.0,179.4,82.1,44.3,265.1,0.97,14.5,2023-12-28,42.6,MUITO_ALTO,Diabetes mellitus tipo 2 compensado (simulado),SEM_INTERCORRENCIA,False,train,SYNTHETIC,True
SYN-86E527537C9346CC,28,F,Vila Solvério,MS,66.8,160.0,26.09,115,72,82,38.4,False,False,False,Sem histórico relevante,NUNCA_FUMOU,MODERADO,SEDENTARIO,REGULAR,6.6,False,False,False,False,True,False,True,2,INFECCAO_RESPIRATORIA_AGUDA,Budesonida,1,BAIXA,100.1,5.7,209.3,129.3,49.6,151.8,0.63,12.7,2024-09-26,5.2,BAIXO,Infecção respiratória aguda (simulado),SEM_INTERCORRENCIA,False,train,SYNTHETIC,True
SYN-3873E57F0BA048E8,43,M,Barra de Norvanda,RJ,51.4,158.4,20.49,121,73,114,38.9,False,False,False,Sem histórico relevante,FUMANTE_ATUAL,ELEVADO,SEDENTARIO,REGULAR,8.3,False,False,False,False,False,False,True,1,INFECCAO_RESPIRATORIA_AGUDA,Amoxicilina; Paracetamol,2,ALTA,85.3,5.2,179.2,129.1,36.1,69.9,1.03,14.1,2023-12-07,37.9,ALTO,Infecção respiratória aguda (simulado),SEM_INTERCORRENCIA,False,test,SYNTHETIC,True
SYN-0E0630CD996D4C50,30,M,Alto de Falvelha,SC,75.0,172.5,25.2,111,73,78,36.3,False,True,False,Hipertensão,EX_FUMANTE,MODERADO,MODERADA,REGULAR,6.5,False,False,False,False,False,False,False,0,SEM_CONDICAO_CRONICA,,0,NAO_SE_APLICA,96.4,5.0,206.4,127.4,51.7,136.5,0.87,15.3,2023-10-03,8.2,BAIXO,Sem condição crônica identificada (simulado),SEM_INTERCORRENCIA,False,train,SYNTHETIC,True
SYN-F200C2614D2941AB,60,M,Vale de Dorvimar,ES,74.7,177.9,23.6,114,70,61,36.4,True,True,False,Diabetes; Hipertensão,NUNCA_FUMOU,MODERADO,MODERADA,REGULAR,6.8,False,False,False,False,False,False,False,0,SEM_CONDICAO_CRONICA,,0,NAO_SE_APLICA,94.2,5.2,181.9,114.2,50.0,88.7,1.14,15.3,2023-04-13,16.5,MODERADO,Sem condição crônica identificada (simulado),SEM_INTERCORRENCIA,False,train,SYNTHETIC,True
SYN-C3A00C6F232141E1,82,F,Lago de Norvimar,SE,64.4,163.5,24.09,131,85,69,36.9,True,False,False,Diabetes,NUNCA_FUMOU,NENHUM,ATIVA,RUIM,8.1,True,False,True,False,False,False,False,2,HIPERTENSAO,Enalapril; Sinvastatina,2,ALTA,86.4,4.6,275.6,202.0,40.2,167.2,1.03,13.8,2023-10-27,74.9,MUITO_ALTO,Hipertensão arterial sistêmica controlada (simulado),INTERNACAO,True,train,SYNTHETIC,True
SYN-1EB74B5653FF43A2,28,F,Barra de Solvunda,RR,60.8,162.7,22.97,115,70,89,38.9,True,False,True,Diabetes; Doença cardiovascular,NUNCA_FUMOU,MODERADO,SEDENTARIO,RUIM,7.9,False,False,False,False,False,False,True,1,INFECCAO_RESPIRATORIA_AGUDA,Paracetamol; Amoxicilina,2,MEDIA,90.5,4.6,124.8,46.3,56.7,109.0,0.75,13.8,2024-08-23,3.7,BAIXO,Infecção respiratória aguda (simulado),SEM_INTERCORRENCIA,False,train,SYNTHETIC,True
SYN-6E3F683ABF3C4140,34,M,Serra de Relvorém,RR,83.3,179.9,25.74,104,65,87,37.8,False,False,False,Sem histórico relevante,EX_FUMANTE,NENHUM,MODERADA,REGULAR,8.1,False,False,False,False,False,False,True,1,INFECCAO_RESPIRATORIA_AGUDA,,0,NAO_SE_APLICA,89.0,4.3,193.2,115.7,57.6,99.5,0.87,14.4,2024-09-19,4.1,BAIXO,Infecção respiratória aguda (simulado),SEM_INTERCORRENCIA,False,validation,SYNTHETIC,True
SYN-8857511761554667,52,F,Nova Velmério,RJ,58.0,163.7,21.64,125,79,59,36.4,False,False,False,Sem histórico relevante,FUMANTE_ATUAL,MODERADO,ATIVA,RUIM,4.0,False,False,False,False,False,False,False,0,SEM_CONDICAO_CRONICA,,0,NAO_SE_APLICA,101.7,5.2,195.5,118.5,59.9,85.5,0.75,12.8,2023-12-16,19.7,MODERADO,Sem condição crônica identificada (simulado),SEM_INTERCORRENCIA,False,train,SYNTHETIC,True
SYN-8F0881EE8011416B,75,M,Vila Quirelunda,MG,71.7,183.2,21.36,107,62,72,37.1,False,False,False,Sem histórico relevante,NUNCA_FUMOU,MODERADO,MODERADA,REGULAR,8.9,False,False,False,False,False,False,False,0,SEM_CONDICAO_CRONICA,,0,NAO_SE_APLICA,96.4,5.4,197.7,130.6,44.9,111.1,0.89,15.9,2024-12-30,19.7,MODERADO,Sem condição crônica identificada (simulado),SEM_INTERCORRENCIA,False,validation,SYNTHETIC,True
SYN-5AAAB32FCE6342B6,27,M,Barra de Lumirelha,DF,85.8,172.3,28.9,112,62,65,36.4,False,False,False,Sem histórico relevante,NUNCA_FUMOU,MODERADO,MODERADA,RUIM,7.7,False,False,True,False,True,False,False,2,DISLIPIDEMIA,Salbutamol,1,MEDIA,88.0,4.2,228.8,139.2,64.0,127.9,0.89,14.3,2023-01-27,5.9,BAIXO,Dislipidemia com LDL na meta (simulado),SEM_INTERCORRENCIA,False,test,SYNTHETIC,True
SYN-BDF66BA5DC9C46DE,52,F,Serra de Falvalena,PB,62.7,157.0,25.44,117,71,69,36.7,False,True,True,Hipertensão; Doença cardiovascular,NUNCA_FUMOU,MODERADO,MODERADA,RUIM,9.7,False,False,False,False,True,False,False,1,ASMA,Salbutamol,1,ALTA,86.5,4.5,197.4,131.3,49.6,82.3,0.79,12.7,2023-02-08,26.0,ALTO,Asma (simulado),SEM_INTERCORRENCIA,False,validation,SYNTHETIC,True
SYN-75B2745504CC4EDE,79,M,Campo de Orvalelha,SC,77.1,172.7,25.85,152,92,79,36.5,False,False,True,Doença cardiovascular,NUNCA_FUMOU,NENHUM,SEDENTARIO,BOA,6.1,True,True,False,False,False,False,False,2,DIABETES_TIPO_2,Anlodipino; Glibenclamida,2,BAIXA,163.3,7.2,206.7,124.7,41.5,202.4,0.94,15.7,2023-02-14,93.4,MUITO_ALTO,Diabetes mellitus tipo 2 descompensado (simulado),INTERNACAO,True,train,SYNTHETIC,True
SYN-5024BDC6DCB34DF3,20,M,Lago de Aurorém,DF,68.9,172.5,23.15,98,66,66,36.7,True,False,True,Diabetes; Doença cardiovascular,FUMANTE_ATUAL,NENHUM,ATIVA,BOA,5.1,False,False,False,False,False,False,False,0,SEM_CONDICAO_CRONICA,,0,NAO_SE_APLICA,101.6,5.3,188.4,109.2,55.0,120.9,1.15,14.8,2023-02-15,5.4,BAIXO,Sem condição crônica identificada (simulado),SEM_INTERCORRENCIA,False,validation,SYNTHETIC,True
SYN-6788420992CA425A,26,M,Vale de Falvunda,AC,48.0,153.6,20.35,96,65,69,36.3,False,False,False,Sem histórico relevante,EX_FUMANTE,NENHUM,MODERADA,REGULAR,7.0,False,False,False,False,True,False,False,1,ASMA,,0,NAO_SE_APLICA,91.7,4.9,228.4,168.9,47.4,60.6,0.96,14.3,2023-01-04,2.9,BAIXO,Asma (simulado),SEM_INTERCORRENCIA,False,train,SYNTHETIC,True
SYN-4A1DAB326AED4DC7,41,F,Nova Dorvelha,MA,52.0,151.0,22.81,99,61,79,36.5,False,False,True,Doença cardiovascular,NUNCA_FUMOU,ELEVADO,MODERADA,REGULAR,6.7,False,False,False,False,False,False,False,0,SEM_CONDICAO_CRONICA,,0,NAO_SE_APLICA,95.4,5.1,110.0,42.0,53.5,72.5,0.65,12.7,2023-02-09,3.1,BAIXO,Sem condição crônica identificada (simulado),SEM_INTERCORRENCIA,False,test,SYNTHETIC,True
SYN-F758DCE205564AEA,39,M,Nova Ibiralena,RS,65.6,162.5,24.84,108,65,64,36.4,True,False,False,Diabetes,NUNCA_FUMOU,ELEVADO,MODERADA,BOA,7.7,False,False,False,False,False,False,False,0,SEM_CONDICAO_CRONICA,,0,NAO_SE_APLICA,101.7,5.8,236.3,178.1,47.8,51.8,1.19,15.9,2024-08-05,12.6,MODERADO,Sem condição crônica identificada (simulado),SEM_INTERCORRENCIA,False,test,SYNTHETIC,True
SYN-F296D9F0CD2342C2,62,M,Alto de Falvinel,AL,74.9,183.4,22.27,120,68,70,36.8,False,False,False,Sem histórico relevante,NUNCA_FUMOU,NENHUM,SEDENTARIO,RUIM,8.2,False,False,False,False,False,False,False,0,SEM_CONDICAO_CRONICA,,0,NAO_SE_APLICA,87.7,4.4,271.5,186.5,57.1,139.3,0.98,15.4,2023-12-05,25.0,ALTO,Sem condição crônica identificada (simulado),SEM_INTERCORRENCIA,False,train,SYNTHETIC,True
SYN-B08A4895D4FF4666,52,M,Vila Mirvanda,PB,91.6,183.1,27.32,111,69,65,36.6,False,False,False,Sem histórico relevante,NUNCA_FUMOU,NENHUM,SEDENTARIO,REGULAR,6.9,True,False,False,False,False,False,False,1,HIPERTENSAO,Anlodipino,1,MEDIA,91.3,4.5,140.8,60.5,50.3,150.1,1.1,15.0,2024-07-24,7.4,BAIXO,Hipertensão arterial sistêmica controlada (simulado),SEM_INTERCORRENCIA,False,test,SYNTHETIC,True
SYN-6FCC57DD168F4E12,55,M,Alto de Jaquelério,SC,73.9,178.0,23.32,112,58,65,36.9,False,True,False,Hipertensão,NUNCA_FUMOU,MODERADO,MODERADA,RUIM,6.7,False,False,True,False,False,False,False,1,DISLIPIDEMIA,Sinvastatina,1,ALTA,94.0,5.0,203.3,136.7,46.3,101.4,1.02,13.6,2024-07-27,15.8,MODERADO,Dislipidemia com LDL na meta (simulado),SEM_INTERCORRENCIA,False,validation,SYNTHETIC,True
SYN-6F887F283E494D09,57,M,Vila Urvalério,GO,83.0,170.3,28.62,130,78,76,36.4,False,False,True,Doença cardiovascular,FUMANTE_ATUAL,MODERADO,MODERADA,REGULAR,7.6,False,False,False,False,False,False,False,0,SEM_CONDICAO_CRONICA,,0,NAO_SE_APLICA,87.0,5.2,230.2,160.2,39.2,153.9,0.96,15.0,2024-05-20,72.0,MUITO_ALTO,Sem condição crônica identificada (simulado),INTERNACAO,True,test,SYNTHETIC,True
SYN-1422373F862248D1,38,F,Vila Orvalorém,PI,72.0,164.1,26.74,111,85,97,38.7,True,False,False,Diabetes,EX_FUMANTE,NENHUM,SEDENTARIO,BOA,6.7,False,False,False,False,False,False,True,1,INFECCAO_RESPIRATORIA_AGUDA,Amoxicilina; Paracetamol,2,MEDIA,105.7,4.8,209.9,118.1,45.4,232.2,0.7,13.0,2023-03-10,12.2,MODERADO,Infecção respiratória aguda (simulado),SEM_INTERCORRENCIA,False,train,SYNTHETIC,True
SYN-BEED10B64F6E474B,70,F,Campo de Orvalelha,SC,72.0,160.1,28.09,142,75,69,36.8,True,False,True,Diabetes; Doença cardiovascular,NUNCA_FUMOU,NENHUM,SEDENTARIO,BOA,6.6,True,True,True,False,False,False,False,3,DIABETES_TIPO_2,Hidroclorotiazida; Glibenclamida,2,BAIXA,119.5,5.9,278.9,192.6,60.6,128.3,1.04,12.3,2023-03-30,82.6,MUITO_ALTO,Diabetes mellitus tipo 2 compensado (simulado),OBITO,True,train,SYNTHETIC,True
SYN-C77444CB55434C3C,37,F,Barra de Lumirimar,AL,42.8,161.0,16.51,90,56,72,36.9,True,False,False,Diabetes,EX_FUMANTE,NENHUM,ATIVA,BOA,8.1,False,False,False,False,False,False,False,0,SEM_CONDICAO_CRONICA,,0,NAO_SE_APLICA,88.4,4.6,194.2,133.7,46.7,68.8,0.84,12.6,2024-05-18,2.2,BAIXO,Sem condição crônica identificada (simulado),SEM_INTERCORRENCIA,False,train,SYNTHETIC,True
SYN-A21B030782AF485C,37,F,Vila Belvimar,MG,65.1,161.5,24.96,110,69,92,37.5,False,True,True,Hipertensão; Doença cardiovascular,EX_FUMANTE,NENHUM,SEDENTARIO,REGULAR,8.4,False,False,False,False,False,False,True,1,INFECCAO_RESPIRATORIA_AGUDA,Amoxicilina,1,MEDIA,107.2,5.7,126.9,40.6,73.6,63.6,0.72,13.9,2024-11-28,2.9,BAIXO,Infecção respiratória aguda (simulado),SEM_INTERCORRENCIA,False,train,SYNTHETIC,True
SYN-31A3AC4D828C47E7,57,F,Barra de Pelvelha,MA,58.1,162.2,22.08,116,72,64,36.7,False,True,False,Hipertensão,NUNCA_FUMOU,NENHUM,SEDENTARIO,REGULAR,8.2,False,False,False,False,True,False,False,1,ASMA,Salbutamol,1,MEDIA,72.5,4.4,228.3,148.5,51.7,140.5,0.57,14.4,2023-05-06,20.0,ALTO,Asma (simulado),SEM_INTERCORRENCIA,False,validation,SYNTHETIC,True
SYN-59E1AC0959704859,61,M,Vila Cendrelha,AC,78.4,179.2,24.41,117,65,74,36.4,True,True,False,Diabetes; Hipertensão,EX_FUMANTE,NENHUM,MODERADA,BOA,6.8,False,False,False,False,False,False,False,0,SEM_CONDICAO_CRONICA,,0,NAO_SE_APLICA,91.8,4.8,211.2,155.7,34.6,104.5,1.07,13.7,2024-04-08,21.9,ALTO,Sem condição crônica identificada (simulado),SEM_INTERCORRENCIA,False,train,SYNTHETIC,True
SYN-A53BC024D1A64D87,56,F,Barra de Norvanda,RJ,46.1,167.1,16.51,113,70,83,36.9,False,False,False,Sem histórico relevante,NUNCA_FUMOU,MODERADO,MODERADA,REGULAR,4.6,False,False,False,False,False,False,False,0,SEM_CONDICAO_CRONICA,,0,NAO_SE_APLICA,81.9,4.7,232.5,160.1,57.6,74.2,0.66,12.3,2023-01-25,9.4,BAIXO,Sem condição crônica identificada (simulado),SEM_INTERCORRENCIA,False,train,SYNTHETIC,True
SYN-1A5165CA3C7C4D85,19,M,Nova Quirelanda,SE,55.6,183.6,16.49,99,57,58,37.2,True,True,False,Diabetes; Hipertensão,FUMANTE_ATUAL,MODERADO,MODERADA,REGULAR,6.8,False,False,False,False,False,False,False,0,SEM_CONDICAO_CRONICA,,0,NAO_SE_APLICA,87.9,4.5,133.6,75.3,39.8,92.3,0.93,15.5,2023-05-26,1.5,BAIXO,Sem condição crônica identificada (simulado),SEM_INTERCORRENCIA,False,train,SYNTHETIC,True
SYN-2C6A6E9A328047A1,57,M,Vale de Velmorém,PB,92.1,179.3,28.65,134,71,85,35.8,True,False,False,Diabetes,NUNCA_FUMOU,NENHUM,ATIVA,REGULAR,6.2,True,True,False,False,False,False,False,2,DIABETES_TIPO_2,Glibenclamida,1,ALTA,130.0,6.4,157.8,83.7,48.2,129.7,0.93,14.4,2024-03-11,41.2,MUITO_ALTO,Diabetes mellitus tipo 2 compensado (simulado),SEM_INTERCORRENCIA,False,train,SYNTHETIC,True
SYN-C257CF73C29D482B,30,F,Vale de Solvival,TO,66.8,159.1,26.39,99,67,71,36.4,False,False,True,Doença cardiovascular,NUNCA_FUMOU,MODERADO,SEDENTARIO,REGULAR,6.9,False,False,False,False,True,False,False,1,ASMA,,0,NAO_SE_APLICA,87.0,5.1,181.5,123.2,38.4,99.6,0.64,13.8,2024-04-23,5.3,BAIXO,Asma (simulado),SEM_INTERCORRENCIA,False,train,SYNTHETIC,True
SYN-F387E1BD2D5942C6,52,M,Barra de Pelvelha,MA,65.8,172.4,22.14,124,77,52,36.7,False,False,False,Sem histórico relevante,NUNCA_FUMOU,MODERADO,ATIVA,REGULAR,6.3,False,False,False,False,False,False,False,0,SEM_CONDICAO_CRONICA,,0,NAO_SE_APLICA,89.5,4.8,227.1,155.0,49.9,111.1,0.92,14.4,2024-03-10,17.6,MODERADO,Sem condição crônica identificada (simulado),SEM_INTERCORRENCIA,False,train,SYNTHETIC,True
SYN-76C5A0DC7E7E4419,24,M,Lago de Tavrimar,AC,44.5,157.5,17.94,89,50,68,36.6,False,True,False,Hipertensão,NUNCA_FUMOU,MODERADO,ATIVA,REGULAR,7.0,False,False,False,False,False,False,False,0,SEM_CONDICAO_CRONICA,,0,NAO_SE_APLICA,90.4,4.6,223.7,176.4,32.9,71.9,1.01,15.4,2023-11-27,3.2,BAIXO,Sem condição crônica identificada (simulado),SEM_INTERCORRENCIA,False,validation,SYNTHETIC,True
SYN-9458054EC2874F06,56,M,Barra de Mirvimar,SC,67.3,172.2,22.7,120,68,79,36.9,False,False,False,Sem histórico relevante,NUNCA_FUMOU,ELEVADO,MODERADA,RUIM,5.9,False,False,False,False,False,False,False,0,SEM_CONDICAO_CRONICA,,0,NAO_SE_APLICA,97.5,5.0,177.1,118.1,41.6,87.1,0.8,13.4,2023-07-27,19.6,MODERADO,Sem condição crônica identificada (simulado),SEM_INTERCORRENCIA,False,train,SYNTHETIC,True
SYN-E1CDE87FEC954F87,34,F,Alto de Cendrosa,SC,67.2,166.0,24.39,128,72,69,36.6,False,True,False,Hipertensão,EX_FUMANTE,NENHUM,MODERADA,REGULAR,5.6,False,False,False,False,False,False,False,0,SEM_CONDICAO_CRONICA,,0,NAO_SE_APLICA,68.9,4.3,171.2,102.2,48.6,102.2,0.81,13.7,2024-08-07,7.1,BAIXO,Sem condição crônica identificada (simulado),SEM_INTERCORRENCIA,False,train,SYNTHETIC,True
SYN-FC8D5B93A2A2491F,26,M,Campo de Quirelival,PI,73.6,171.1,25.14,120,62,79,36.4,True,False,False,Diabetes,NUNCA_FUMOU,ELEVADO,SEDENTARIO,RUIM,8.3,False,False,False,False,False,False,False,0,SEM_CONDICAO_CRONICA,,0,NAO_SE_APLICA,88.9,4.7,265.8,204.5,38.5,114.1,0.94,12.7,2023-08-24,11.9,MODERADO,Sem condição crônica identificada (simulado),SEM_INTERCORRENCIA,False,validation,SYNTHETIC,True
SYN-F891B0C3DD3F487E,60,M,Alto de Falvinel,AL,96.7,170.7,33.19,141,89,95,36.3,True,True,False,Diabetes; Hipertensão,NUNCA_FUMOU,MODERADO,SEDENTARIO,REGULAR,5.9,True,False,False,True,False,False,False,2,HIPERTENSAO,Losartana,1,MEDIA,90.5,4.4,177.5,109.7,33.1,173.6,1.02,15.7,2024-06-04,61.4,MUITO_ALTO,Hipertensão arterial sistêmica não controlada (simulado),SEM_INTERCORRENCIA,False,train,SYNTHETIC,True
SYN-70944BDB26A544E3,52,M,Alto de Jaquelanda,BA,70.2,165.3,25.69,134,84,81,36.2,False,True,False,Hipertensão,FUMANTE_ATUAL,MODERADO,SEDENTARIO,REGULAR,7.0,True,False,False,False,False,False,False,1,HIPERTENSAO,Enalapril,1,MEDIA,89.6,5.1,208.7,137.9,43.3,137.7,0.94,14.8,2023-09-16,32.4,ALTO,Hipertensão arterial sistêmica controlada (simulado),INTERNACAO,True,test,SYNTHETIC,True
SYN-A1A2748571344C2A,38,M,Barra de Falvanda,AM,73.5,165.0,27.0,111,66,103,36.4,False,True,False,Hipertensão,NUNCA_FUMOU,NENHUM,SEDENTARIO,RUIM,8.0,False,False,False,False,False,False,False,0,SEM_CONDICAO_CRONICA,,0,NAO_SE_APLICA,90.8,4.4,177.5,112.7,51.0,69.1,1.0,15.2,2024-01-13,4.8,BAIXO,Sem condição crônica identificada (simulado),SEM_INTERCORRENCIA,False,train,SYNTHETIC,True
SYN-9767490046514367,73,M,Alto de Orvalimar,TO,61.5,184.9,17.99,110,65,78,36.4,False,False,True,Doença cardiovascular,NUNCA_FUMOU,NENHUM,ATIVA,BOA,8.0,False,False,False,False,False,False,False,0,SEM_CONDICAO_CRONICA,,0,NAO_SE_APLICA,80.8,4.6,211.5,127.1,55.2,145.9,1.03,15.0,2024-11-10,31.3,ALTO,Sem condição crônica identificada (simulado),SEM_INTERCORRENCIA,False,train,SYNTHETIC,True
SYN-12FE28BF81E04489,41,F,Alto de Falvinel,AL,63.6,162.0,24.23,109,67,76,36.7,False,True,True,Hipertensão; Doença cardiovascular,NUNCA_FUMOU,NENHUM,SEDENTARIO,REGULAR,7.9,False,False,False,False,False,False,False,0,SEM_CONDICAO_CRONICA,,0,NAO_SE_APLICA,75.9,4.0,161.1,75.5,63.7,109.7,0.7,11.5,2023-10-18,7.7,BAIXO,Sem condição crônica identificada (simulado),SEM_INTERCORRENCIA,False,test,SYNTHETIC,True
SYN-09A0A0F673B04091,49,M,Lago de Norvimar,SE,76.7,172.0,25.93,140,84,75,36.6,False,False,False,Sem histórico relevante,NUNCA_FUMOU,ELEVADO,MODERADA,REGULAR,7.3,True,False,False,False,False,False,False,1,HIPERTENSAO,Hidroclorotiazida; Anlodipino,2,BAIXA,92.2,4.9,165.1,102.5,42.5,100.7,0.99,16.2,2024-09-25,18.1,MODERADO,Hipertensão arterial sistêmica não controlada (simulado),SEM_INTERCORRENCIA,False,train,SYNTHETIC,True
SYN-497DE16DD4EA420A,53,F,Vila Cendranda,GO,61.4,152.8,26.3,133,71,73,36.4,False,False,True,Doença cardiovascular,NUNCA_FUMOU,MODERADO,SEDENTARIO,RUIM,7.8,True,False,False,False,False,False,False,1,HIPERTENSAO,Anlodipino; Enalapril,2,MEDIA,81.4,4.4,185.8,114.2,54.9,83.4,1.01,13.5,2023-02-14,21.1,ALTO,Hipertensão arterial sistêmica controlada (simulado),SEM_INTERCORRENCIA,False,train,SYNTHETIC,True
SYN-FA34D2E8DD3F4D7E,37,M,Barra de Lumirimar,AL,61.5,165.1,22.56,117,73,78,36.3,False,False,True,Doença cardiovascular,EX_FUMANTE,MODERADO,SEDENTARIO,BOA,8.5,False,False,False,False,False,False,False,0,SEM_CONDICAO_CRONICA,,0,NAO_SE_APLICA,93.0,4.2,168.5,81.2,46.3,205.1,0.76,15.6,2024-01-21,7.5,BAIXO,Sem condição crônica identificada (simulado),SEM_INTERCORRENCIA,False,test,SYNTHETIC,True
SYN-98159D6C9D714084,56,F,Vila Solvério,MS,70.9,159.1,28.01,132,72,81,36.4,True,True,True,Diabetes; Hipertensão; Doença cardiovascular,NUNCA_FUMOU,MODERADO,SEDENTARIO,REGULAR,7.5,False,False,False,False,False,False,False,0,SEM_CONDICAO_CRONICA,,0,NAO_SE_APLICA,82.3,4.6,182.9,65.5,62.4,275.0,0.87,12.4,2024-01-10,26.5,ALTO,Sem condição crônica identificada (simulado),SEM_INTERCORRENCIA,False,train,SYNTHETIC,True
SYN-949077C27674456F,39,F,Alto de Jaquelanda,BA,73.7,152.7,31.61,115,75,72,36.4,True,True,False,Diabetes; Hipertensão,NUNCA_FUMOU,NENHUM,SEDENTARIO,REGULAR,5.0,False,False,True,True,False,False,False,2,DISLIPIDEMIA,Atorvastatina,1,MEDIA,97.9,4.7,217.8,102.3,42.4,365.7,0.73,13.4,2024-12-05,18.9,MODERADO,Dislipidemia com LDL na meta (simulado),SEM_INTERCORRENCIA,False,train,SYNTHETIC,True
SYN-BD29EDE9CAB4423B,41,M,Alto de Pelvival,RJ,67.5,161.3,25.94,115,63,60,36.4,True,False,True,Diabetes; Doença cardiovascular,NUNCA_FUMOU,NENHUM,MODERADA,RUIM,6.4,False,False,False,False,False,False,False,0,SEM_CONDICAO_CRONICA,,0,NAO_SE_APLICA,89.7,4.8,244.3,166.6,54.1,118.1,0.93,13.5,2023-07-13,14.8,MODERADO,Sem condição crônica identificada (simulado),SEM_INTERCORRENCIA,False,train,SYNTHETIC,True
SYN-E8B77F7B73214F6B,71,F,Vale de Velmorém,PB,71.8,157.3,29.02,132,71,82,36.8,True,True,True,Diabetes; Hipertensão; Doença cardiovascular,FUMANTE_ATUAL,MODERADO,ATIVA,REGULAR,7.8,True,False,False,False,False,True,False,2,DOENCA_RENAL_CRONICA,,0,NAO_SE_APLICA,91.1,4.7,180.9,99.6,53.3,140.0,1.88,12.3,2024-03-01,79.9,MUITO_ALTO,Doença renal crônica (simulado),SEM_INTERCORRENCIA,False,train,SYNTHETIC,True
SYN-30307633A6DE41D8,30,M,Nova Ibiralena,RS,76.9,175.8,24.88,131,77,81,37.0,False,False,False,Sem histórico relevante,NUNCA_FUMOU,MODERADO,MODERADA,BOA,6.3,False,False,False,False,False,False,False,0,SEM_CONDICAO_CRONICA,,0,NAO_SE_APLICA,87.8,4.2,153.3,74.5,41.9,184.7,0.7,13.9,2024-03-05,4.1,BAIXO,Sem condição crônica identificada (simulado),SEM_INTERCORRENCIA,False,test,SYNTHETIC,True
SYN-80599B9379C242E4,58,F,Alto de Falvelha,SC,74.1,161.8,28.3,116,70,54,36.2,False,False,False,Sem histórico relevante,EX_FUMANTE,MODERADO,ATIVA,REGULAR,8.8,False,False,False,False,False,False,False,0,SEM_CONDICAO_CRONICA,,0,NAO_SE_APLICA,87.2,4.3,192.5,112.4,57.8,111.6,0.86,18.2,2023-03-16,15.6,MODERADO,Sem condição crônica identificada (simulado),SEM_INTERCORRENCIA,False,test,SYNTHETIC,True
SYN-73557B9D0FD6447E,75,M,Vale de Cendralena,MG,82.9,183.5,24.62,135,80,74,36.9,False,False,False,Sem histórico relevante,NUNCA_FUMOU,MODERADO,MODERADA,RUIM,6.9,False,True,True,False,False,True,False,3,DOENCA_RENAL_CRONICA,,0,NAO_SE_APLICA,161.4,6.9,216.2,117.2,51.1,239.5,1.49,14.4,2024-12-28,94.5,MUITO_ALTO,Doença renal crônica (simulado),INTERNACAO,True,train,SYNTHETIC,True
SYN-D65E59DDE62D4D06,33,M,Nova Mirvorém,MS,83.2,186.3,23.97,105,59,81,36.8,False,True,False,Hipertensão,NUNCA_FUMOU,MODERADO,MODERADA,RUIM,7.1,False,False,False,False,True,False,False,1,ASMA,Budesonida,1,MEDIA,100.4,5.5,142.4,82.1,37.2,115.5,1.04,16.1,2023-12-23,3.6,BAIXO,Asma (simulado),SEM_INTERCORRENCIA,False,test,SYNTHETIC,True
SYN-15969802B6DD4257,41,F,Serra de Pelvorém,TO,62.0,153.9,26.18,109,68,84,36.7,True,False,False,Diabetes,NUNCA_FUMOU,MODERADO,SEDENTARIO,RUIM,8.2,False,False,False,False,False,False,False,0,SEM_CONDICAO_CRONICA,,0,NAO_SE_APLICA,76.5,4.6,221.2,133.1,43.5,223.1,0.63,13.0,2023-11-15,12.7,MODERADO,Sem condição crônica identificada (simulado),SEM_INTERCORRENCIA,False,train,SYNTHETIC,True
SYN-0A0537F02C2C422B,42,M,Vale de Cendrorém,SE,87.2,176.7,27.93,112,70,70,37.1,False,True,False,Hipertensão,NUNCA_FUMOU,NENHUM,SEDENTARIO,REGULAR,6.8,False,False,False,False,False,False,False,0,SEM_CONDICAO_CRONICA,,0,NAO_SE_APLICA,84.9,5.4,188.1,111.2,37.2,198.6,1.02,15.2,2024-10-15,10.9,MODERADO,Sem condição crônica identificada (simulado),SEM_INTERCORRENCIA,False,validation,SYNTHETIC,True
SYN-FDB1429E70104D13,43,F,Vila Lumiranda,RS,62.9,158.0,25.2,101,70,76,36.5,False,False,False,Sem histórico relevante,NUNCA_FUMOU,MODERADO,ATIVA,BOA,7.2,False,False,False,False,False,False,False,0,SEM_CONDICAO_CRONICA,,0,NAO_SE_APLICA,99.6,4.9,191.2,108.7,61.4,105.4,0.69,14.1,2023-02-19,4.8,BAIXO,Sem condição crônica identificada (simulado),SEM_INTERCORRENCIA,False,train,SYNTHETIC,True
SYN-9C1C351785D240A6,43,M,Barra de Cendrinel,MA,66.9,167.6,23.82,87,56,72,36.7,True,True,True,Diabetes; Hipertensão; Doença cardiovascular,EX_FUMANTE,MODERADO,MODERADA,BOA,8.0,False,False,False,False,False,False,False,0,SEM_CONDICAO_CRONICA,,0,NAO_SE_APLICA,97.1,4.8,132.2,57.4,38.6,181.1,0.89,13.7,2024-04-29,5.6,BAIXO,Sem condição crônica identificada (simulado),SEM_INTERCORRENCIA,False,validation,SYNTHETIC,True
SYN-EAFDE7D95F734A3E,45,M,Barra de Dorvival,AP,86.4,173.9,28.57,128,73,94,38.5,False,False,False,Sem histórico relevante,NUNCA_FUMOU,NENHUM,SEDENTARIO,BOA,5.4,False,False,False,False,False,False,True,1,INFECCAO_RESPIRATORIA_AGUDA,Paracetamol,1,MEDIA,103.0,5.3,170.6,100.7,45.4,122.3,0.86,14.1,2023-01-15,25.9,ALTO,Infecção respiratória aguda (simulado),SEM_INTERCORRENCIA,False,train,SYNTHETIC,True
SYN-C643530068A54C68,29,M,Alto de Jaquelanda,BA,65.5,176.7,20.98,111,59,59,36.6,False,False,True,Doença cardiovascular,NUNCA_FUMOU,NENHUM,ATIVA,RUIM,6.7,False,False,False,False,False,False,False,0,SEM_CONDICAO_CRONICA,,0,NAO_SE_APLICA,88.5,4.6,147.0,82.1,48.8,80.5,0.96,15.8,2024-11-27,3.5,BAIXO,Sem condição crônica identificada (simulado),SEM_INTERCORRENCIA,False,train,SYNTHETIC,True
SYN-0D67D38E990F4C5B,58,F,Alto de Ibiralena,RJ,76.7,161.2,29.52,124,66,53,39.0,False,True,True,Hipertensão; Doença cardiovascular,NUNCA_FUMOU,NENHUM,SEDENTARIO,BOA,7.9,True,True,False,False,False,False,True,3,DIABETES_TIPO_2,Losartana; Hidroclorotiazida; Metformina; Amoxicilina; Paracetamol,5,MEDIA,107.2,5.2,191.6,104.4,57.9,146.4,0.91,13.0,2024-08-15,62.2,MUITO_ALTO,Diabetes mellitus tipo 2 compensado (simulado),SEM_INTERCORRENCIA,False,train,SYNTHETIC,True
SYN-55AB946DA5B54DC2,57,F,Lago de Zanvelha,RR,70.4,155.1,29.27,125,77,65,36.6,False,True,False,Hipertensão,NUNCA_FUMOU,NENHUM,MODERADA,REGULAR,7.1,False,False,True,False,True,False,False,2,DISLIPIDEMIA,Budesonida,1,ALTA,81.1,4.5,230.6,136.6,56.6,186.8,0.78,12.5,2024-01-24,26.0,ALTO,Dislipidemia com LDL na meta (simulado),SEM_INTERCORRENCIA,False,train,SYNTHETIC,True
SYN-8ED6AD5E18314AA3,23,M,Nova Dorvelha,MA,72.7,168.8,25.51,115,74,77,36.7,False,True,True,Hipertensão; Doença cardiovascular,NUNCA_FUMOU,MODERADO,MODERADA,REGULAR,8.6,False,False,False,False,False,False,False,0,SEM_CONDICAO_CRONICA,,0,NAO_SE_APLICA,87.4,4.9,181.9,102.1,62.8,84.9,0.95,14.2,2023-10-14,3.5,BAIXO,Sem condição crônica identificada (simulado),SEM_INTERCORRENCIA,False,train,SYNTHETIC,True
SYN-4082CBB948BD4B3E,60,M,Alto de Orvalimar,TO,70.2,168.8,24.64,128,71,65,36.4,False,True,True,Hipertensão; Doença cardiovascular,NUNCA_FUMOU,NENHUM,ATIVA,REGULAR,5.3,True,False,False,False,False,False,False,1,HIPERTENSAO,Losartana,1,BAIXA,96.8,4.3,174.3,103.0,53.1,90.8,1.03,13.6,2024-10-28,28.8,ALTO,Hipertensão arterial sistêmica controlada (simulado),SEM_INTERCORRENCIA,False,test,SYNTHETIC,True
SYN-F6E39356A8144562,83,F,Barra de Cendrimar,CE,76.6,155.9,31.52,142,86,82,36.4,True,True,False,Diabetes; Hipertensão,NUNCA_FUMOU,MODERADO,SEDENTARIO,RUIM,5.1,True,False,False,True,False,False,False,2,HIPERTENSAO,Losartana; Hidroclorotiazida,2,ALTA,89.3,4.5,184.3,130.2,38.0,80.7,0.76,11.2,2023-06-29,86.1,MUITO_ALTO,Hipertensão arterial sistêmica não controlada (simulado),INTERNACAO,True,validation,SYNTHETIC,True
SYN-267EDDCEDF8F4197,51,F,Serra de Lumiralena,AP,61.4,167.5,21.88,140,80,86,36.4,False,False,False,Sem histórico relevante,NUNCA_FUMOU,NENHUM,SEDENTARIO,BOA,7.8,True,True,False,False,False,False,False,2,DIABETES_TIPO_2,Enalapril; Losartana,2,BAIXA,162.7,6.8,184.0,114.6,50.1,96.4,0.84,11.5,2024-07-14,43.4,MUITO_ALTO,Diabetes mellitus tipo 2 compensado (simulado),SEM_INTERCORRENCIA,False,train,SYNTHETIC,True
SYN-A9E27BA9952E4ABB,42,F,Vila Lumiranda,RS,61.7,160.2,24.04,104,68,69,36.5,False,False,True,Doença cardiovascular,NUNCA_FUMOU,NENHUM,MODERADA,BOA,8.0,True,False,False,False,False,False,False,1,HIPERTENSAO,Anlodipino; Enalapril,2,ALTA,93.3,4.8,195.8,116.4,56.2,116.0,0.72,13.2,2023-10-30,6.2,BAIXO,Hipertensão arterial sistêmica controlada (simulado),SEM_INTERCORRENCIA,False,validation,SYNTHETIC,True
SYN-4F6B58C8598D4AEC,46,M,Nova Velmério,RJ,84.2,178.9,26.31,137,86,72,36.9,True,True,True,Diabetes; Hipertensão; Doença cardiovascular,NUNCA_FUMOU,NENHUM,SEDENTARIO,BOA,6.8,True,False,False,False,True,False,False,2,HIPERTENSAO,Enalapril; Salbutamol,2,BAIXA,90.6,4.9,171.2,103.4,34.8,164.8,0.66,15.5,2024-08-24,20.3,ALTO,Hipertensão arterial sistêmica controlada (simulado),SEM_INTERCORRENCIA,False,train,SYNTHETIC,True
SYN-A981B098B2CF452D,58,F,Vila Esmirival,GO,44.6,158.6,17.73,117,55,47,36.5,False,False,False,Sem histórico relevante,NUNCA_FUMOU,NENHUM,ATIVA,BOA,7.4,False,True,False,False,False,False,False,1,DIABETES_TIPO_2,,0,NAO_SE_APLICA,183.8,8.4,166.0,60.0,74.7,156.4,0.78,15.7,2024-06-30,12.0,MODERADO,Diabetes mellitus tipo 2 descompensado (simulado),SEM_INTERCORRENCIA,False,train,SYNTHETIC,True
SYN-B576255E98544F22,19,F,Nova Quirelelha,SC,52.6,145.0,25.02,125,81,58,36.8,False,True,False,Hipertensão,NUNCA_FUMOU,ELEVADO,MODERADA,REGULAR,7.8,False,False,False,False,False,False,False,0,SEM_CONDICAO_CRONICA,,0,NAO_SE_APLICA,81.0,4.3,151.5,72.7,53.2,127.9,0.46,13.2,2024-12-25,1.4,BAIXO,Sem condição crônica identificada (simulado),SEM_INTERCORRENCIA,False,train,SYNTHETIC,True
SYN-8F1584494F40422F,51,M,Lago de Quirelério,ES,75.9,182.9,22.69,123,75,67,36.7,False,False,False,Sem histórico relevante,FUMANTE_ATUAL,NENHUM,SEDENTARIO,RUIM,6.1,False,False,False,False,False,False,False,0,SEM_CONDICAO_CRONICA,,0,NAO_SE_APLICA,97.9,5.1,177.0,127.8,37.2,60.1,0.85,13.5,2024-03-17,23.4,ALTO,Sem condição crônica identificada (simulado),SEM_INTERCORRENCIA,False,train,SYNTHETIC,True
SYN-54170A17CAAA4BBE,41,F,Barra de Cendrinel,MA,58.4,159.2,23.04,107,62,81,36.5,True,True,False,Diabetes; Hipertensão,NUNCA_FUMOU,NENHUM,SEDENTARIO,BOA,6.2,False,False,False,False,False,False,False,0,SEM_CONDICAO_CRONICA,,0,NAO_SE_APLICA,98.9,4.5,172.7,103.8,53.6,76.7,0.72,13.2,2023-08-09,3.2,BAIXO,Sem condição crônica identificada (simulado),SEM_INTERCORRENCIA,False,test,SYNTHETIC,True
SYN-B3ECB951AB8C4F97,79,M,Barra de Mirvimar,SC,73.0,172.2,24.62,131,74,67,37.0,False,False,False,Sem histórico relevante,FUMANTE_ATUAL,NENHUM,ATIVA,REGULAR,7.2,True,False,True,False,False,False,False,2,HIPERTENSAO,Enalapril; Losartana; Sinvastatina,3,ALTA,80.4,4.1,174.9,102.3,43.8,144.0,1.1,15.5,2024-10-10,62.7,MUITO_ALTO,Hipertensão arterial sistêmica controlada (simulado),SEM_INTERCORRENCIA,False,train,SYNTHETIC,True
SYN-FF4625AFBD20463B,45,F,Vila Cendrelha,AC,45.2,148.4,20.52,131,77,67,36.8,True,False,False,Diabetes,NUNCA_FUMOU,NENHUM,MODERADA,BOA,8.0,False,False,False,False,False,False,False,0,SEM_CONDICAO_CRONICA,,0,NAO_SE_APLICA,85.3,4.7,174.5,82.9,64.7,134.7,0.67,14.2,2024-04-04,6.7,BAIXO,Sem condição crônica identificada (simulado),SEM_INTERCORRENCIA,False,train,SYNTHETIC,True
SYN-17EC889C86C146CB,76,M,Vila Quirelunda,MG,84.4,179.9,26.08,128,73,61,36.6,True,True,False,Diabetes; Hipertensão,NUNCA_FUMOU,MODERADO,ATIVA,RUIM,5.7,True,False,False,False,False,False,False,1,HIPERTENSAO,Anlodipino,1,ALTA,96.3,4.5,240.0,162.4,58.9,93.5,1.16,15.7,2024-05-29,54.1,MUITO_ALTO,Hipertensão arterial sistêmica controlada (simulado),SEM_INTERCORRENCIA,False,train,SYNTHETIC,True
SYN-822C4D326C644C15,29,M,Barra de Aurival,PE,81.5,180.2,25.1,114,63,69,36.6,True,True,False,Diabetes; Hipertensão,NUNCA_FUMOU,MODERADO,SEDENTARIO,REGULAR,6.8,False,False,False,False,False,False,False,0,SEM_CONDICAO_CRONICA,,0,NAO_SE_APLICA,79.8,4.8,172.4,113.8,44.2,72.0,0.89,15.4,2023-07-07,3.6,BAIXO,Sem condição crônica identificada (simulado),INTERNACAO,True,train,SYNTHETIC,True
SYN-4F11D8DC5CD34369,58,M,Alto de Tavralena,PA,66.9,179.8,20.69,113,63,75,36.6,False,False,False,Sem histórico relevante,NUNCA_FUMOU,NENHUM,ATIVA,REGULAR,6.7,False,False,True,False,False,False,False,1,DISLIPIDEMIA,,0,NAO_SE_APLICA,92.2,5.0,192.5,89.7,57.3,227.7,0.97,14.9,2024-01-23,9.4,BAIXO,Dislipidemia com LDL na meta (simulado),INTERNACAO,True,validation,SYNTHETIC,True
SYN-577BC55A36D54494,53,F,Nova Quirelunda,AP,69.5,159.9,27.18,129,71,73,36.1,False,False,True,Doença cardiovascular,EX_FUMANTE,MODERADO,MODERADA,REGULAR,7.5,False,False,False,False,True,False,False,1,ASMA,Salbutamol,1,ALTA,87.6,4.4,127.0,57.3,51.5,90.8,0.81,13.9,2024-09-16,23.2,ALTO,Asma (simulado),SEM_INTERCORRENCIA,False,train,SYNTHETIC,True
SYN-312741487C7C404E,33,M,Alto de Tavralena,PA,53.8,165.9,19.55,120,79,84,36.4,False,False,False,Sem histórico relevante,FUMANTE_ATUAL,MODERADO,MODERADA,BOA,7.0,False,False,True,False,False,False,False,1,DISLIPIDEMIA,,0,NAO_SE_APLICA,77.7,4.0,268.6,217.2,33.5,89.3,1.07,13.6,2023-09-26,25.5,ALTO,Dislipidemia com LDL elevado (simulado),SEM_INTERCORRENCIA,False,train,SYNTHETIC,True
SYN-27AA7CBC23374BBC,51,M,Serra de Norvimar,ES,121.2,185.5,35.22,131,80,56,36.7,False,False,False,Sem histórico relevante,NUNCA_FUMOU,ELEVADO,SEDENTARIO,BOA,6.4,True,False,False,True,False,False,False,2,HIPERTENSAO,Anlodipino; Enalapril,2,ALTA,108.6,5.2,221.3,151.8,37.1,161.8,0.74,12.8,2024-03-04,34.5,ALTO,Hipertensão arterial sistêmica controlada (simulado),SEM_INTERCORRENCIA,False,train,SYNTHETIC,True
SYN-C9C23E69D82C4565,69,F,Alto de Quirelorém,PE,71.5,163.0,26.91,119,85,96,37.9,False,False,True,Doença cardiovascular,NUNCA_FUMOU,MODERADO,SEDENTARIO,REGULAR,8.4,False,False,False,False,False,False,True,1,INFECCAO_RESPIRATORIA_AGUDA,Amoxicilina; Paracetamol,2,BAIXA,87.4,4.4,204.6,134.2,47.5,114.5,1.02,15.3,2023-05-31,38.5,ALTO,Infecção respiratória aguda (simulado),SEM_INTERCORRENCIA,False,train,SYNTHETIC,True
SYN-8A2E6A93C5584BB2,42,F,Nova Ibiralena,RS,49.8,165.6,18.16,104,65,63,36.4,False,False,False,Sem histórico relevante,NUNCA_FUMOU,NENHUM,ATIVA,REGULAR,6.4,False,False,False,False,False,False,False,0,SEM_CONDICAO_CRONICA,,0,NAO_SE_APLICA,93.0,4.4,218.4,160.7,42.7,75.2,0.68,13.2,2023-05-09,4.4,BAIXO,Sem condição crônica identificada (simulado),SEM_INTERCORRENCIA,False,train,SYNTHETIC,True
SYN-86CAC6F4E2384E93,19,F,Serra de Solvunda,AL,46.2,157.7,18.58,85,57,64,36.5,False,False,False,Sem histórico relevante,NUNCA_FUMOU,MODERADO,ATIVA,RUIM,6.7,False,False,False,False,True,False,False,1,ASMA,Budesonida,1,MEDIA,78.3,4.0,197.4,127.8,51.5,90.7,0.57,13.7,2024-07-17,0.5,BAIXO,Asma (simulado),SEM_INTERCORRENCIA,False,validation,SYNTHETIC,True
SYN-E05B46C556364094,48,M,Barra de Xervunda,RJ,88.8,168.3,31.35,143,78,91,37.5,False,False,False,Sem histórico relevante,FUMANTE_ATUAL,ELEVADO,SEDENTARIO,REGULAR,5.2,True,False,True,True,False,False,False,3,HIPERTENSAO,Atorvastatina,1,ALTA,105.6,5.2,191.1,134.9,28.9,136.6,0.93,12.0,2023-11-04,60.7,MUITO_ALTO,Hipertensão arterial sistêmica não controlada (simulado),SEM_INTERCORRENCIA,False,train,SYNTHETIC,True
SYN-98E52499218C4E1C,33,M,Alto de Pelvival,RJ,68.1,181.9,20.58,107,63,78,38.5,True,False,False,Diabetes,NUNCA_FUMOU,MODERADO,ATIVA,REGULAR,6.2,False,False,False,False,False,False,True,1,INFECCAO_RESPIRATORIA_AGUDA,Paracetamol; Amoxicilina,2,ALTA,106.4,5.6,147.5,88.9,42.5,80.5,0.82,16.3,2023-05-31,6.6,BAIXO,Infecção respiratória aguda (simulado),SEM_INTERCORRENCIA,False,train,SYNTHETIC,True
SYN-2E4BEBC429894880,42,M,Alto de Tavralena,PA,69.4,182.3,20.88,104,64,80,36.9,False,True,False,Hipertensão,NUNCA_FUMOU,ELEVADO,SEDENTARIO,REGULAR,7.6,False,False,False,False,False,False,False,0,SEM_CONDICAO_CRONICA,,0,NAO_SE_APLICA,75.5,4.0,239.2,165.0,55.0,96.0,0.83,16.0,2023-05-13,6.0,BAIXO,Sem condição crônica identificada (simulado),SEM_INTERCORRENCIA,False,train,SYNTHETIC,True
SYN-9FEEFDFFC5664A81,47,M,Nova Norvério,AM,82.5,165.5,30.12,111,65,70,36.4,False,False,False,Sem histórico relevante,FUMANTE_ATUAL,ELEVADO,SEDENTARIO,REGULAR,7.4,True,False,False,True,False,False,False,2,HIPERTENSAO,Losartana; Hidroclorotiazida,2,ALTA,89.8,4.9,175.6,118.4,44.6,62.9,1.08,13.2,2023-04-02,26.8,ALTO,Hipertensão arterial sistêmica controlada (simulado),SEM_INTERCORRENCIA,False,train,SYNTHETIC,True
SYN-B89F72F32A604652,19,M,Alto de Orvalelha,SE,69.7,176.1,22.48,108,63,79,36.7,False,True,False,Hipertensão,FUMANTE_ATUAL,NENHUM,SEDENTARIO,REGULAR,7.7,False,False,False,False,False,False,False,0,SEM_CONDICAO_CRONICA,,0,NAO_SE_APLICA,101.3,5.0,165.9,85.7,51.7,142.5,0.89,14.5,2023-12-01,3.0,BAIXO,Sem condição crônica identificada (simulado),SEM_INTERCORRENCIA,False,test,SYNTHETIC,True
SYN-5D42B9E9692E47B6,21,F,Barra de Falvanda,AM,67.3,163.2,25.27,109,69,73,37.0,False,True,True,Hipertensão; Doença cardiovascular,NUNCA_FUMOU,MODERADO,MODERADA,REGULAR,7.6,False,False,False,False,False,False,True,1,INFECCAO_RESPIRATORIA_AGUDA,Paracetamol; Amoxicilina,2,BAIXA,85.9,4.8,178.4,104.1,60.6,68.6,0.44,13.5,2023-08-16,2.5,BAIXO,Infecção respiratória aguda (simulado),INTERNACAO,True,train,SYNTHETIC,True
SYN-F836F5713CCE476C,56,F,Alto de Cendrosa,SC,79.9,164.4,29.56,135,83,75,36.5,False,False,False,Sem histórico relevante,NUNCA_FUMOU,MODERADO,SEDENTARIO,BOA,9.3,True,True,False,False,False,True,False,3,DOENCA_RENAL_CRONICA,Losartana,1,ALTA,201.9,8.4,192.9,107.9,61.7,116.6,1.18,10.9,2023-02-26,71.3,MUITO_ALTO,Doença renal crônica (simulado),INTERNACAO,True,train,SYNTHETIC,True
SYN-C09CB50648F1496D,39,M,Vila Lumiranda,RS,77.7,166.8,27.93,107,58,97,39.4,False,True,False,Hipertensão,FUMANTE_ATUAL,MODERADO,SEDENTARIO,RUIM,6.2,False,False,False,False,False,False,True,1,INFECCAO_RESPIRATORIA_AGUDA,Amoxicilina; Paracetamol,2,ALTA,75.6,4.4,206.7,129.4,43.2,170.4,1.01,15.3,2023-12-18,27.7,ALTO,Infecção respiratória aguda (simulado),SEM_INTERCORRENCIA,False,train,SYNTHETIC,True
SYN-3BE79DF472EC416E,39,F,Alto de Jaquelério,SC,101.8,170.3,35.1,134,83,86,36.2,False,True,True,Hipertensão; Doença cardiovascular,NUNCA_FUMOU,MODERADO,SEDENTARIO,REGULAR,5.2,True,False,False,True,False,False,False,2,HIPERTENSAO,Anlodipino,1,MEDIA,85.4,4.6,197.5,98.5,62.6,181.8,0.57,14.2,2024-12-06,18.9,MODERADO,Hipertensão arterial sistêmica controlada (simulado),SEM_INTERCORRENCIA,False,train,SYNTHETIC,True
SYN-F73157494F3949A8,61,M,Campo de Falvalena,MG,56.8,172.1,19.18,115,72,65,36.7,False,True,False,Hipertensão,NUNCA_FUMOU,ELEVADO,MODERADA,REGULAR,5.8,False,False,False,False,False,False,False,0,SEM_CONDICAO_CRONICA,,0,NAO_SE_APLICA,91.3,5.3,177.2,122.3,35.9,95.2,1.06,15.1,2024-12-16,18.4,MODERADO,Sem condição crônica identificada (simulado),SEM_INTERCORRENCIA,False,train,SYNTHETIC,True
SYN-E76ADCA978114802,53,M,Lago de Quirelério,ES,51.8,163.3,19.42,121,68,62,36.7,False,False,False,Sem histórico relevante,NUNCA_FUMOU,MODERADO,ATIVA,BOA,6.2,False,False,False,False,False,False,False,0,SEM_CONDICAO_CRONICA,,0,NAO_SE_APLICA,83.3,4.7,190.9,129.3,51.4,51.2,1.08,13.2,2024-03-12,12.4,MODERADO,Sem condição crônica identificada (simulado),SEM_INTERCORRENCIA,False,train,SYNTHETIC,True
SYN-ADA584175E2A432D,36,F,Lago de Aurorém,DF,47.0,146.8,21.81,102,58,69,36.4,True,False,False,Diabetes,FUMANTE_ATUAL,MODERADO,MODERADA,BOA,5.9,False,False,False,False,True,False,False,1,ASMA,,0,NAO_SE_APLICA,86.0,4.7,198.6,135.6,46.8,80.9,0.54,12.2,2024-02-27,4.5,BAIXO,Asma (simulado),INTERNACAO,True,train,SYNTHETIC,True
SYN-70CAFDD8FC044F08,26,M,Campo de Quirelival,PI,103.4,172.0,34.95,129,81,77,36.3,False,True,False,Hipertensão,FUMANTE_ATUAL,NENHUM,SEDENTARIO,RUIM,7.1,False,False,False,True,False,False,False,1,OBESIDADE,,0,NAO_SE_APLICA,78.8,4.0,166.9,88.2,51.2,137.5,0.93,14.7,2024-12-25,7.8,BAIXO,Obesidade (simulado),SEM_INTERCORRENCIA,False,train,SYNTHETIC,True
SYN-C733230448224120,62,F,Barra de Mirvalena,AM,80.0,156.3,32.75,140,68,63,36.4,True,True,False,Diabetes; Hipertensão,NUNCA_FUMOU,NENHUM,MODERADA,REGULAR,8.4,False,False,False,True,False,False,False,1,OBESIDADE,,0,NAO_SE_APLICA,97.8,4.9,234.3,151.1,56.8,132.0,0.76,13.0,2024-07-07,63.9,MUITO_ALTO,Obesidade (simulado),SEM_INTERCORRENCIA,False,train,SYNTHETIC,True
SYN-6B2D5B0987074AD4,54,M,Nova Quirelunda,AP,95.4,174.2,31.44,131,79,57,36.5,False,False,False,Sem histórico relevante,NUNCA_FUMOU,ELEVADO,SEDENTARIO,BOA,8.7,True,False,False,True,False,False,False,2,HIPERTENSAO,Losartana,1,ALTA,79.6,4.1,190.0,99.5,50.7,199.0,1.07,14.6,2023-05-08,20.1,ALTO,Hipertensão arterial sistêmica controlada (simulado),SEM_INTERCORRENCIA,False,train,SYNTHETIC,True
SYN-331F63FBD11F48C0,89,M,Barra de Norvanda,RJ,72.1,178.7,22.58,131,87,63,36.5,False,False,False,Sem histórico relevante,NUNCA_FUMOU,MODERADO,MODERADA,REGULAR,7.6,False,False,True,False,True,False,False,2,DISLIPIDEMIA,Atorvastatina,1,MEDIA,103.3,4.9,267.9,175.2,34.4,291.7,1.03,14.5,2024-01-20,73.4,MUITO_ALTO,Dislipidemia com LDL elevado (simulado),EVENTO_CARDIOVASCULAR,True,validation,SYNTHETIC,True
SYN-DF7D0DD7236E4608,55,M,Vale de Cendrorém,SE,67.4,173.7,22.34,123,57,72,36.8,True,True,False,Diabetes; Hipertensão,NUNCA_FUMOU,NENHUM,MODERADA,REGULAR,9.4,False,False,False,False,False,False,False,0,SEM_CONDICAO_CRONICA,,0,NAO_SE_APLICA,83.2,4.5,152.0,85.2,41.6,125.9,1.14,13.0,2023-10-09,18.8,MODERADO,Sem condição crônica identificada (simulado),INTERNACAO,True,validation,SYNTHETIC,True
SYN-7B07FD31A4244F23,55,F,Vila Mirvanda,PB,54.0,153.1,23.04,111,72,78,36.4,True,False,False,Diabetes,FUMANTE_ATUAL,ELEVADO,SEDENTARIO,BOA,6.6,False,False,False,False,True,False,False,1,ASMA,Budesonida,1,MEDIA,96.7,5.1,209.3,156.2,35.9,86.0,0.78,14.0,2023-04-17,33.6,ALTO,Asma (simulado),SEM_INTERCORRENCIA,False,validation,SYNTHETIC,True
SYN-EF2DDCC48DF641DA,45,F,Alto de Pelvival,RJ,61.4,159.6,24.1,108,69,81,37.1,False,False,False,Sem histórico relevante,NUNCA_FUMOU,MODERADO,SEDENTARIO,RUIM,5.2,False,False,False,False,False,False,False,0,SEM_CONDICAO_CRONICA,,0,NAO_SE_APLICA,96.1,5.1,168.1,80.0,55.3,163.8,0.7,13.8,2024-11-11,6.0,BAIXO,Sem condição crônica identificada (simulado),SEM_INTERCORRENCIA,False,test,SYNTHETIC,True
SYN-8412A335D88C456D,62,F,Alto de Orvalimar,TO,79.5,158.8,31.53,126,68,80,37.1,True,True,True,Diabetes; Hipertensão; Doença cardiovascular,NUNCA_FUMOU,MODERADO,MODERADA,REGULAR,8.2,False,False,True,True,False,False,False,2,DISLIPIDEMIA,,0,NAO_SE_APLICA,82.8,5.0,211.0,131.0,49.1,154.5,0.75,13.7,2024-03-06,45.2,MUITO_ALTO,Dislipidemia com LDL na meta (simulado),EVENTO_CARDIOVASCULAR,True,train,SYNTHETIC,True
SYN-1578D70948F943D0,59,F,Barra de Norvanda,RJ,59.0,163.2,22.15,137,83,63,36.7,False,False,False,Sem histórico relevante,EX_FUMANTE,NENHUM,ATIVA,BOA,5.0,False,False,False,False,False,False,False,0,SEM_CONDICAO_CRONICA,,0,NAO_SE_APLICA,84.1,4.7,217.9,142.0,67.8,40.3,0.93,13.6,2024-05-20,29.9,ALTO,Sem condição crônica identificada (simulado),SEM_INTERCORRENCIA,False,train,SYNTHETIC,True
SYN-7306958845D5468D,69,F,Serra de Dorvorém,RO,73.7,166.4,26.62,117,77,58,36.5,False,False,False,Sem histórico relevante,NUNCA_FUMOU,MODERADO,MODERADA,RUIM,6.2,True,True,False,False,False,False,False,2,DIABETES_TIPO_2,Losartana; Glibenclamida,2,ALTA,128.4,5.7,196.2,120.7,56.3,95.8,0.78,12.9,2024-08-01,60.0,MUITO_ALTO,Diabetes mellitus tipo 2 compensado (simulado),INTERNACAO,True,train,SYNTHETIC,True
SYN-D4BF7A4B25B8442F,39,F,Vila Mirvanda,PB,66.7,161.0,25.73,129,70,71,36.4,True,False,True,Diabetes; Doença cardiovascular,EX_FUMANTE,NENHUM,ATIVA,REGULAR,7.6,False,False,False,False,False,False,False,0,SEM_CONDICAO_CRONICA,,0,NAO_SE_APLICA,86.7,4.7,257.3,205.7,41.8,49.0,0.87,12.6,2023-02-21,25.2,ALTO,Sem condição crônica identificada (simulado),SEM_INTERCORRENCIA,False,train,SYNTHETIC,True
SYN-E916DA57F24843AB,41,M,Vila Orvalorém,PI,43.4,162.2,16.5,104,58,67,36.7,True,False,False,Diabetes,NUNCA_FUMOU,NENHUM,ATIVA,REGULAR,6.9,False,False,False,False,False,False,False,0,SEM_CONDICAO_CRONICA,,0,NAO_SE_APLICA,76.2,4.5,199.9,147.9,37.1,74.5,0.98,13.8,2023-08-20,7.6,BAIXO,Sem condição crônica identificada (simulado),SEM_INTERCORRENCIA,False,train,SYNTHETIC,True
SYN-E27718C5737D4FB6,40,F,Serra de Esmirunda,MA,64.3,160.7,24.9,112,68,74,36.7,False,False,False,Sem histórico relevante,EX_FUMANTE,MODERADO,SEDENTARIO,BOA,6.8,False,False,False,False,False,False,False,0,SEM_CONDICAO_CRONICA,,0,NAO_SE_APLICA,94.8,5.4,165.5,92.2,52.7,103.0,0.58,14.7,2024-10-07,7.2,BAIXO,Sem condição crônica identificada (simulado),SEM_INTERCORRENCIA,False,test,SYNTHETIC,True
SYN-6A36AF1806D34B93,61,F,Nova Quirelunda,AP,65.1,177.0,20.78,131,83,83,36.5,False,False,False,Sem histórico relevante,NUNCA_FUMOU,ELEVADO,MODERADA,BOA,5.7,False,False,False,False,False,False,False,0,SEM_CONDICAO_CRONICA,,0,NAO_SE_APLICA,82.7,4.5,208.0,136.7,60.2,55.5,0.84,13.2,2023-05-29,19.9,MODERADO,Sem condição crônica identificada (simulado),SEM_INTERCORRENCIA,False,train,SYNTHETIC,True
SYN-5FBBF0B1808349C8,73,M,Lago de Mirvinel,RR,81.8,179.9,25.27,162,90,80,36.5,True,False,False,Diabetes,NUNCA_FUMOU,NENHUM,SEDENTARIO,BOA,7.0,True,False,True,False,False,False,False,2,HIPERTENSAO,Sinvastatina,1,ALTA,89.0,4.7,196.6,150.2,23.1,116.7,1.09,13.1,2023-05-19,86.5,MUITO_ALTO,Hipertensão arterial sistêmica não controlada (simulado),OBITO,True,train,SYNTHETIC,True
SYN-14E4180CFE9946A3,40,M,Alto de Cendrosa,SC,77.3,181.1,23.57,117,70,73,36.7,False,False,False,Sem histórico relevante,NUNCA_FUMOU,ELEVADO,MODERADA,RUIM,8.1,False,False,False,False,False,False,False,0,SEM_CONDICAO_CRONICA,,0,NAO_SE_APLICA,98.7,5.4,214.3,155.3,46.2,64.0,0.78,14.8,2024-03-26,13.9,MODERADO,Sem condição crônica identificada (simulado),SEM_INTERCORRENCIA,False,train,SYNTHETIC,True
SYN-519554E307374C86,41,M,Campo de Quirelival,PI,77.6,184.4,22.82,124,70,77,36.6,False,False,False,Sem histórico relevante,NUNCA_FUMOU,ELEVADO,SEDENTARIO,BOA,7.0,False,False,True,False,False,False,False,1,DISLIPIDEMIA,Sinvastatina,1,ALTA,94.6,5.0,182.1,120.3,33.8,139.9,0.95,12.7,2023-07-11,8.0,BAIXO,Dislipidemia com LDL na meta (simulado),SEM_INTERCORRENCIA,False,train,SYNTHETIC,True
SYN-B6F6DBF1D6D441CC,53,M,Barra de Falvosa,PR,70.6,172.9,23.62,106,65,75,36.4,False,False,False,Sem histórico relevante,NUNCA_FUMOU,NENHUM,ATIVA,BOA,6.1,False,False,False,False,False,False,False,0,SEM_CONDICAO_CRONICA,,0,NAO_SE_APLICA,84.1,4.0,201.6,143.9,42.0,78.3,1.07,15.0,2024-08-30,22.0,ALTO,Sem condição crônica identificada (simulado),SEM_INTERCORRENCIA,False,train,SYNTHETIC,True
SYN-25637CC3CA974BF5,44,M,Nova Dorvelha,MA,79.1,177.3,25.16,108,72,81,38.2,False,False,False,Sem histórico relevante,NUNCA_FUMOU,NENHUM,MODERADA,REGULAR,5.6,False,False,False,False,False,False,True,1,INFECCAO_RESPIRATORIA_AGUDA,Amoxicilina; Paracetamol,2,BAIXA,99.4,4.5,192.2,119.6,41.1,157.4,1.1,14.9,2024-06-18,6.3,BAIXO,Infecção respiratória aguda (simulado),SEM_INTERCORRENCIA,False,validation,SYNTHETIC,True
SYN-EADA79A349704D9A,64,M,Alto de Falvinel,AL,69.1,161.8,26.39,114,70,68,36.4,False,True,False,Hipertensão,NUNCA_FUMOU,MODERADO,SEDENTARIO,REGULAR,6.1,True,False,False,False,False,False,False,1,HIPERTENSAO,Hidroclorotiazida,1,ALTA,96.3,5.6,196.8,128.4,44.1,121.7,1.18,14.3,2024-07-16,22.7,ALTO,Hipertensão arterial sistêmica controlada (simulado),SEM_INTERCORRENCIA,False,train,SYNTHETIC,True
SYN-D4C3A832B231460B,49,M,Alto de Orvalival,MA,88.9,175.0,29.03,113,67,74,36.4,False,True,False,Hipertensão,EX_FUMANTE,MODERADO,SEDENTARIO,RUIM,7.4,False,False,False,False,False,False,False,0,SEM_CONDICAO_CRONICA,,0,NAO_SE_APLICA,84.7,4.0,223.8,143.7,36.6,217.7,1.27,13.9,2024-06-03,26.2,ALTO,Sem condição crônica identificada (simulado),SEM_INTERCORRENCIA,False,test,SYNTHETIC,True
SYN-781799FFB49E44CC,34,M,Nova Falvosa,RS,52.0,164.5,19.22,112,67,61,36.6,False,False,False,Sem histórico relevante,NUNCA_FUMOU,MODERADO,MODERADA,BOA,7.4,False,False,False,False,False,False,False,0,SEM_CONDICAO_CRONICA,,0,NAO_SE_APLICA,83.9,4.5,132.1,87.2,29.1,78.9,0.93,15.4,2023-04-20,5.3,BAIXO,Sem condição crônica identificada (simulado),SEM_INTERCORRENCIA,False,train,SYNTHETIC,True
SYN-E7E646C701584463,35,F,Alto de Orvalimar,TO,64.4,152.5,27.69,126,71,87,38.0,False,False,False,Sem histórico relevante,NUNCA_FUMOU,MODERADO,MODERADA,RUIM,6.1,True,False,False,False,False,False,True,2,HIPERTENSAO,Losartana; Hidroclorotiazida; Amoxicilina; Paracetamol,4,MEDIA,99.7,5.4,191.7,84.2,57.0,252.6,0.8,13.1,2024-04-27,7.4,BAIXO,Hipertensão arterial sistêmica controlada (simulado),SEM_INTERCORRENCIA,False,test,SYNTHETIC,True
SYN-3735262D41844B03,48,F,Vila Ibirimar,RR,63.1,167.7,22.44,130,71,68,36.4,False,True,True,Hipertensão; Doença cardiovascular,EX_FUMANTE,MODERADO,ATIVA,REGULAR,4.6,False,False,False,False,True,False,False,1,ASMA,Budesonida,1,ALTA,96.4,4.4,168.6,90.4,57.8,102.0,0.71,11.3,2023-05-06,11.7,MODERADO,Asma (simulado),SEM_INTERCORRENCIA,False,train,SYNTHETIC,True
SYN-F0B2A5D18C7E4F42,32,F,Alto de Tavrinel,RS,56.6,159.6,22.22,128,83,75,36.9,True,False,False,Diabetes,NUNCA_FUMOU,MODERADO,SEDENTARIO,BOA,7.5,False,False,False,False,False,False,False,0,SEM_CONDICAO_CRONICA,,0,NAO_SE_APLICA,75.8,4.0,144.0,83.6,43.6,84.1,0.94,14.4,2023-01-04,4.2,BAIXO,Sem condição crônica identificada (simulado),SEM_INTERCORRENCIA,False,train,SYNTHETIC,True
SYN-6C5A6C93871C4884,32,F,Serra de Lumiralena,AP,45.9,153.9,19.38,104,73,69,36.5,False,True,False,Hipertensão,EX_FUMANTE,MODERADO,MODERADA,BOA,6.0,False,False,False,False,False,False,False,0,SEM_CONDICAO_CRONICA,,0,NAO_SE_APLICA,79.5,4.0,158.3,61.9,53.2,215.9,0.61,12.3,2024-12-14,1.7,BAIXO,Sem condição crônica identificada (simulado),SEM_INTERCORRENCIA,False,train,SYNTHETIC,True
SYN-3CD5FD7F49C14669,45,M,Barra de Xervinel,BA,68.8,174.9,22.49,105,53,87,37.2,True,False,False,Diabetes,NUNCA_FUMOU,NENHUM,MODERADA,BOA,7.8,False,False,False,False,False,False,False,0,SEM_CONDICAO_CRONICA,,0,NAO_SE_APLICA,95.6,5.6,169.6,114.9,43.9,53.8,1.19,13.5,2023-07-02,8.2,BAIXO,Sem condição crônica identificada (simulado),SEM_INTERCORRENCIA,False,train,SYNTHETIC,True
SYN-3D0A5F0C0C394EC7,67,F,Nova Zanvinel,RR,78.4,150.0,34.84,156,95,84,36.8,False,False,False,Sem histórico relevante,NUNCA_FUMOU,NENHUM,SEDENTARIO,REGULAR,6.2,True,True,False,True,False,False,False,3,DIABETES_TIPO_2,Enalapril; Glibenclamida,2,BAIXA,157.5,7.8,189.2,108.5,49.4,156.4,1.06,14.6,2024-05-24,75.8,MUITO_ALTO,Diabetes mellitus tipo 2 descompensado (simulado),SEM_INTERCORRENCIA,False,train,SYNTHETIC,True
SYN-9F708368CB3C48CA,44,F,Serra de Aurimar,PB,62.0,156.4,25.35,126,80,71,36.4,True,True,False,Diabetes; Hipertensão,NUNCA_FUMOU,NENHUM,MODERADA,RUIM,5.9,False,False,False,False,False,False,False,0,SEM_CONDICAO_CRONICA,,0,NAO_SE_APLICA,97.3,4.8,202.0,135.8,53.8,62.1,0.67,14.3,2023-09-10,9.9,BAIXO,Sem condição crônica identificada (simulado),SEM_INTERCORRENCIA,False,train,SYNTHETIC,True
SYN-D6312A801C614EC2,30,F,Barra de Cendrimar,CE,51.1,156.3,20.92,112,60,77,36.9,True,False,False,Diabetes,EX_FUMANTE,ELEVADO,SEDENTARIO,REGULAR,7.2,False,False,False,False,False,False,False,0,SEM_CONDICAO_CRONICA,,0,NAO_SE_APLICA,106.4,5.5,196.2,132.5,53.5,51.1,0.83,12.8,2024-05-27,2.0,BAIXO,Sem condição crônica identificada (simulado),SEM_INTERCORRENCIA,False,train,SYNTHETIC,True
SYN-893AD23298C343CA,47,M,Nova Aurival,PI,102.0,179.5,31.66,128,75,88,36.4,False,True,True,Hipertensão; Doença cardiovascular,NUNCA_FUMOU,ELEVADO,SEDENTARIO,RUIM,9.6,False,False,False,True,False,False,False,1,OBESIDADE,,0,NAO_SE_APLICA,95.0,5.0,182.3,129.7,39.6,65.2,1.03,13.5,2023-10-20,23.9,ALTO,Obesidade (simulado),SEM_INTERCORRENCIA,False,test,SYNTHETIC,True
SYN-93364F7E83EF49F3,66,F,Nova Norvério,AM,59.4,155.5,24.57,126,71,71,37.2,False,False,False,Sem histórico relevante,NUNCA_FUMOU,MODERADO,SEDENTARIO,BOA,7.8,False,False,False,False,True,False,False,1,ASMA,Budesonida,1,ALTA,81.6,4.4,239.8,153.4,59.4,134.8,0.8,12.3,2023-11-18,35.3,ALTO,Asma (simulado),EVENTO_CARDIOVASCULAR,True,train,SYNTHETIC,True
SYN-4A90CD0C24C143B9,31,M,Nova Dorvelha,MA,66.5,169.3,23.2,101,74,61,36.7,False,True,False,Hipertensão,FUMANTE_ATUAL,NENHUM,ATIVA,REGULAR,7.1,False,False,False,False,False,False,False,0,SEM_CONDICAO_CRONICA,,0,NAO_SE_APLICA,91.1,4.2,171.0,91.6,66.3,65.5,0.9,14.4,2023-02-24,2.0,BAIXO,Sem condição crônica identificada (simulado),SEM_INTERCORRENCIA,False,validation,SYNTHETIC,True
SYN-5A5226E69D644932,33,M,Nova Mirvorém,MS,65.4,169.8,22.68,96,69,78,36.8,True,False,False,Diabetes,NUNCA_FUMOU,MODERADO,SEDENTARIO,REGULAR,7.4,False,False,False,False,False,False,False,0,SEM_CONDICAO_CRONICA,,0,NAO_SE_APLICA,98.7,5.9,127.7,66.0,42.9,93.9,0.95,16.0,2023-12-06,1.0,BAIXO,Sem condição crônica identificada (simulado),SEM_INTERCORRENCIA,False,validation,SYNTHETIC,True
SYN-2FF3CDE46AA44C9F,57,F,Campo de Ibirosa,CE,88.2,163.0,33.2,126,71,83,36.6,False,False,False,Sem histórico relevante,FUMANTE_ATUAL,NENHUM,SEDENTARIO,RUIM,5.1,False,False,False,True,True,False,False,2,OBESIDADE,Budesonida,1,ALTA,92.9,4.2,188.2,106.4,43.4,192.2,0.86,14.5,2024-05-08,52.8,MUITO_ALTO,Obesidade (simulado),SEM_INTERCORRENCIA,False,train,SYNTHETIC,True
SYN-8603156A15EA4BCF,44,M,Vila Ibirimar,RR,66.4,174.1,21.91,109,57,76,36.7,False,True,False,Hipertensão,EX_FUMANTE,NENHUM,MODERADA,REGULAR,5.8,False,False,False,False,False,False,False,0,SEM_CONDICAO_CRONICA,,0,NAO_SE_APLICA,93.6,5.0,187.9,130.2,34.1,117.9,1.15,15.0,2024-06-05,6.9,BAIXO,Sem condição crônica identificada (simulado),INTERNACAO,True,train,SYNTHETIC,True
SYN-F412436011534E99,59,F,Serra de Aurimar,PB,87.8,174.8,28.74,133,84,77,36.5,False,True,False,Hipertensão,FUMANTE_ATUAL,NENHUM,ATIVA,BOA,4.2,True,False,False,False,False,False,False,1,HIPERTENSAO,Enalapril; Losartana,2,ALTA,83.7,4.3,110.0,30.0,66.8,142.2,0.89,13.9,2024-10-13,12.7,MODERADO,Hipertensão arterial sistêmica controlada (simulado),SEM_INTERCORRENCIA,False,train,SYNTHETIC,True
SYN-C952518581E04A5E,48,F,Nova Mirvorém,MS,58.2,169.1,20.35,113,71,68,36.3,False,True,False,Hipertensão,FUMANTE_ATUAL,MODERADO,MODERADA,REGULAR,8.9,False,False,False,False,False,False,False,0,SEM_CONDICAO_CRONICA,,0,NAO_SE_APLICA,82.3,4.8,222.0,144.8,47.9,146.3,0.69,13.0,2024-03-06,30.4,ALTO,Sem condição crônica identificada (simulado),SEM_INTERCORRENCIA,False,train,SYNTHETIC,True
SYN-0534A1018DDC4719,60,M,Lago de Jaquelério,BA,81.5,173.3,27.14,112,76,66,36.7,False,False,False,Sem histórico relevante,FUMANTE_ATUAL,NENHUM,SEDENTARIO,RUIM,8.7,True,False,False,False,False,False,False,1,HIPERTENSAO,Anlodipino,1,ALTA,98.7,5.4,196.2,90.9,64.1,206.0,1.12,13.9,2024-12-24,30.1,ALTO,Hipertensão arterial sistêmica controlada (simulado),SEM_INTERCORRENCIA,False,train,SYNTHETIC,True
SYN-0B251279785A45D0,30,M,Vale de Falvanda,PR,91.9,174.4,30.21,91,52,67,36.9,False,False,False,Sem histórico relevante,NUNCA_FUMOU,MODERADO,MODERADA,RUIM,7.4,False,False,False,True,False,False,False,1,OBESIDADE,,0,NAO_SE_APLICA,84.9,4.2,154.7,69.1,69.0,83.0,0.7,13.3,2024-04-03,1.7,BAIXO,Obesidade (simulado),SEM_INTERCORRENCIA,False,train,SYNTHETIC,True
SYN-5F90BED6FB25464D,48,F,Vila Urvalério,GO,79.8,170.6,27.42,126,80,81,36.2,False,False,False,Sem histórico relevante,EX_FUMANTE,ELEVADO,SEDENTARIO,REGULAR,7.1,False,False,False,False,False,False,False,0,SEM_CONDICAO_CRONICA,,0,NAO_SE_APLICA,67.3,4.0,161.3,83.2,50.1,140.1,0.74,13.5,2024-08-06,14.0,MODERADO,Sem condição crônica identificada (simulado),SEM_INTERCORRENCIA,False,train,SYNTHETIC,True
SYN-5B6A810204284378,44,M,Lago de Pelvimar,PR,106.5,175.3,34.66,117,68,67,37.1,False,False,False,Sem histórico relevante,FUMANTE_ATUAL,MODERADO,MODERADA,RUIM,5.3,False,False,False,True,False,False,False,1,OBESIDADE,,0,NAO_SE_APLICA,89.7,4.2,213.9,158.2,29.0,133.6,0.93,15.7,2023-04-19,48.4,MUITO_ALTO,Obesidade (simulado),SEM_INTERCORRENCIA,False,train,SYNTHETIC,True
SYN-3DBA6DA8584449FC,27,F,Alto de Orvalimar,TO,55.1,155.7,22.73,104,67,59,36.8,False,False,False,Sem histórico relevante,NUNCA_FUMOU,NENHUM,SEDENTARIO,BOA,6.8,False,False,False,False,False,False,False,0,SEM_CONDICAO_CRONICA,,0,NAO_SE_APLICA,92.3,4.9,204.5,127.1,57.9,97.6,0.78,12.7,2023-05-29,3.2,BAIXO,Sem condição crônica identificada (simulado),SEM_INTERCORRENCIA,False,train,SYNTHETIC,True
SYN-1A89B71EA0D542C8,21,M,Nova Urvalorém,RR,74.0,169.0,25.91,102,63,77,36.5,False,False,False,Sem histórico relevante,NUNCA_FUMOU,ELEVADO,SEDENTARIO,REGULAR,9.0,False,False,False,False,False,False,False,0,SEM_CONDICAO_CRONICA,,0,NAO_SE_APLICA,99.8,5.4,159.2,84.0,61.9,66.6,1.09,16.0,2024-03-05,0.9,BAIXO,Sem condição crônica identificada (simulado),SEM_INTERCORRENCIA,False,train,SYNTHETIC,True
SYN-C1B5B5CABC3546DF,60,M,Barra de Orvalival,RR,95.9,163.4,35.92,132,92,74,36.5,True,False,True,Diabetes; Doença cardiovascular,FUMANTE_ATUAL,MODERADO,SEDENTARIO,RUIM,7.1,True,True,True,True,False,False,False,4,DIABETES_TIPO_2,Hidroclorotiazida; Glibenclamida,2,MEDIA,171.5,7.4,196.1,121.7,28.2,230.9,1.06,14.4,2024-01-09,81.7,MUITO_ALTO,Diabetes mellitus tipo 2 descompensado (simulado),INTERNACAO,True,train,SYNTHETIC,True
SYN-5A3045280B594562,42,M,Serra de Solvunda,AL,52.0,174.0,17.18,98,62,56,37.2,False,False,False,Sem histórico relevante,NUNCA_FUMOU,MODERADO,MODERADA,BOA,6.4,False,False,False,False,False,False,False,0,SEM_CONDICAO_CRONICA,,0,NAO_SE_APLICA,88.8,4.6,189.5,110.4,64.1,75.0,0.91,14.9,2023-12-27,1.7,BAIXO,Sem condição crônica identificada (simulado),SEM_INTERCORRENCIA,False,train,SYNTHETIC,True
SYN-A48E40F1D0424DFA,31,M,Alto de Lumiralena,PB,55.7,182.0,16.82,113,65,73,36.9,False,False,False,Sem histórico relevante,NUNCA_FUMOU,MODERADO,MODERADA,REGULAR,5.1,False,False,False,False,False,False,False,0,SEM_CONDICAO_CRONICA,,0,NAO_SE_APLICA,93.9,5.6,190.2,131.4,30.4,142.0,0.83,14.6,2024-10-31,4.8,BAIXO,Sem condição crônica identificada (simulado),SEM_INTERCORRENCIA,False,validation,SYNTHETIC,True
SYN-AF475B49C7754395,46,F,Campo de Zanvosa,ES,65.5,164.7,24.15,111,68,73,36.9,False,False,False,Sem histórico relevante,NUNCA_FUMOU,MODERADO,SEDENTARIO,RUIM,8.5,False,False,False,False,False,False,False,0,SEM_CONDICAO_CRONICA,,0,NAO_SE_APLICA,90.9,5.1,209.2,156.0,38.9,71.6,0.87,14.4,2023-12-15,9.3,BAIXO,Sem condição crônica identificada (simulado),SEM_INTERCORRENCIA,False,train,SYNTHETIC,True
SYN-7A8104DEB20547BB,67,M,Vila Esmirival,GO,85.2,166.9,30.59,138,82,91,36.5,False,False,False,Sem histórico relevante,NUNCA_FUMOU,MODERADO,SEDENTARIO,REGULAR,6.9,True,False,True,True,False,False,False,3,HIPERTENSAO,Enalapril; Losartana; Atorvastatina,3,ALTA,94.6,5.4,185.0,126.2,42.8,80.1,1.03,15.3,2023-02-18,41.4,MUITO_ALTO,Hipertensão arterial sistêmica controlada (simulado),SEM_INTERCORRENCIA,False,train,SYNTHETIC,True
SYN-2285B2EFCFBE4FE9,66,M,Nova Velminel,DF,67.1,180.5,20.6,142,75,73,36.8,False,True,True,Hipertensão; Doença cardiovascular,EX_FUMANTE,MODERADO,MODERADA,RUIM,5.1,True,False,False,False,False,False,False,1,HIPERTENSAO,Anlodipino,1,BAIXA,87.2,4.0,198.0,122.6,56.2,96.2,0.99,14.7,2024-01-18,43.3,MUITO_ALTO,Hipertensão arterial sistêmica não controlada (simulado),SEM_INTERCORRENCIA,False,train,SYNTHETIC,True
SYN-F1901B7EC6B449EF,23,M,Alto de Tavralena,PA,76.4,168.8,26.81,110,79,81,36.7,True,True,False,Diabetes; Hipertensão,NUNCA_FUMOU,MODERADO,SEDENTARIO,REGULAR,6.0,False,False,False,False,True,False,False,1,ASMA,Budesonida,1,BAIXA,93.9,5.1,178.8,121.4,42.4,74.8,1.0,14.9,2023-06-16,4.8,BAIXO,Asma (simulado),SEM_INTERCORRENCIA,False,validation,SYNTHETIC,True
SYN-339B77A84B1F4D7B,32,F,Lago de Tavrimar,AC,64.2,161.4,24.64,117,80,72,36.5,True,False,False,Diabetes,EX_FUMANTE,NENHUM,MODERADA,BOA,5.6,False,False,False,False,False,False,False,0,SEM_CONDICAO_CRONICA,,0,NAO_SE_APLICA,83.3,4.6,208.9,128.2,60.0,103.6,0.86,12.0,2023-01-25,2.8,BAIXO,Sem condição crônica identificada (simulado),INTERNACAO,True,train,SYNTHETIC,True
SYN-E2C328AA33104475,73,F,Vila Urvalalena,RO,84.8,160.5,32.92,148,87,70,36.6,True,True,False,Diabetes; Hipertensão,FUMANTE_ATUAL,MODERADO,MODERADA,BOA,6.9,True,True,False,True,False,True,False,4,DOENCA_RENAL_CRONICA,Enalapril,1,MEDIA,159.2,6.7,235.4,127.4,62.9,225.7,1.39,10.0,2023-07-13,95.5,MUITO_ALTO,Doença renal crônica (simulado),SEM_INTERCORRENCIA,False,train,SYNTHETIC,True
SYN-4F612217EEF14694,53,F,Serra de Dorvorém,RO,75.1,156.4,30.7,134,84,72,36.9,False,False,False,Sem histórico relevante,NUNCA_FUMOU,NENHUM,SEDENTARIO,REGULAR,7.2,False,False,False,True,False,False,False,1,OBESIDADE,,0,NAO_SE_APLICA,69.9,4.0,235.0,149.8,60.0,126.0,0.62,12.7,2023-01-01,21.2,ALTO,Obesidade (simulado),SEM_INTERCORRENCIA,False,train,SYNTHETIC,True
SYN-D0BE73EEFD374539,61,F,Campo de Orvalelha,SC,63.2,157.0,25.64,128,88,77,37.1,True,False,False,Diabetes,EX_FUMANTE,NENHUM,ATIVA,REGULAR,6.4,False,False,False,False,False,False,False,0,SEM_CONDICAO_CRONICA,,0,NAO_SE_APLICA,95.3,4.9,229.9,155.2,55.4,96.4,0.82,13.0,2024-03-21,28.2,ALTO,Sem condição crônica identificada (simulado),SEM_INTERCORRENCIA,False,train,SYNTHETIC,True
SYN-095FFA8140D94BCE,29,F,Barra de Falvosa,PR,75.7,162.5,28.67,120,80,74,36.5,False,False,False,Sem histórico relevante,NUNCA_FUMOU,NENHUM,ATIVA,RUIM,7.9,False,False,False,False,False,False,False,0,SEM_CONDICAO_CRONICA,,0,NAO_SE_APLICA,93.8,4.4,237.4,160.9,53.2,116.3,0.57,13.7,2023-12-06,10.4,MODERADO,Sem condição crônica identificada (simulado),SEM_INTERCORRENCIA,False,train,SYNTHETIC,True
SYN-493E904D30EC4796,29,F,Barra de Pelvelha,MA,77.1,169.0,26.99,103,62,66,36.2,False,False,False,Sem histórico relevante,FUMANTE_ATUAL,NENHUM,SEDENTARIO,REGULAR,7.1,False,False,False,False,True,False,False,1,ASMA,Salbutamol,1,ALTA,93.8,4.6,209.0,116.1,61.5,157.1,0.55,13.0,2024-11-26,3.9,BAIXO,Asma (simulado),SEM_INTERCORRENCIA,False,train,SYNTHETIC,True
SYN-0C3CE284C7E54BBB,56,M,Vila Urvalalena,RO,75.0,173.6,24.89,141,82,68,37.1,False,True,False,Hipertensão,FUMANTE_ATUAL,MODERADO,SEDENTARIO,REGULAR,8.2,True,True,True,False,False,False,False,3,DIABETES_TIPO_2,Atorvastatina,1,MEDIA,200.8,8.5,193.4,119.6,47.1,133.4,0.89,14.3,2023-02-15,61.5,MUITO_ALTO,Diabetes mellitus tipo 2 descompensado (simulado),SEM_INTERCORRENCIA,False,train,SYNTHETIC,True
SYN-45F1861954F94429,49,F,Barra de Tavrério,AL,55.8,160.6,21.63,94,50,65,37.1,False,False,False,Sem histórico relevante,NUNCA_FUMOU,MODERADO,SEDENTARIO,REGULAR,6.6,False,False,False,False,False,False,False,0,SEM_CONDICAO_CRONICA,,0,NAO_SE_APLICA,74.1,4.4,231.5,148.5,57.3,128.3,0.91,10.3,2023-12-19,7.6,BAIXO,Sem condição crônica identificada (simulado),SEM_INTERCORRENCIA,False,train,SYNTHETIC,True
SYN-6FDC0BAD5E364127,57,M,Barra de Mirvalena,AM,88.2,184.9,25.8,133,83,86,36.7,False,True,False,Hipertensão,EX_FUMANTE,NENHUM,SEDENTARIO,RUIM,10.0,False,False,False,False,False,False,False,0,SEM_CONDICAO_CRONICA,,0,NAO_SE_APLICA,95.7,4.7,159.3,106.4,37.0,79.3,1.1,15.3,2024-10-30,30.7,ALTO,Sem condição crônica identificada (simulado),SEM_INTERCORRENCIA,False,train,SYNTHETIC,True
SYN-7092947DBE4949EC,45,M,Barra de Mirvunda,AM,77.7,182.6,23.3,106,72,56,37.1,True,False,False,Diabetes,NUNCA_FUMOU,NENHUM,MODERADA,BOA,6.4,False,False,False,False,False,False,False,0,SEM_CONDICAO_CRONICA,,0,NAO_SE_APLICA,101.6,5.0,253.2,174.7,52.7,129.1,1.26,15.0,2024-02-17,9.8,BAIXO,Sem condição crônica identificada (simulado),SEM_INTERCORRENCIA,False,train,SYNTHETIC,True
SYN-56CB1AB062FB46D7,53,M,Alto de Orvalimar,TO,76.4,178.4,24.01,113,76,74,36.7,False,False,True,Doença cardiovascular,NUNCA_FUMOU,ELEVADO,ATIVA,BOA,6.0,False,True,False,False,True,False,False,2,DIABETES_TIPO_2,Metformina; Salbutamol,2,ALTA,113.0,5.9,162.9,104.8,42.1,79.9,0.92,15.6,2023-09-21,41.0,MUITO_ALTO,Diabetes mellitus tipo 2 compensado (simulado),INTERNACAO,True,train,SYNTHETIC,True
SYN-B12B66807F074CB9,51,F,Serra de Aurimar,PB,42.1,159.8,16.49,98,64,71,36.3,True,False,False,Diabetes,EX_FUMANTE,ELEVADO,ATIVA,REGULAR,5.9,False,False,False,False,False,False,False,0,SEM_CONDICAO_CRONICA,,0,NAO_SE_APLICA,95.1,4.3,214.3,130.5,63.2,103.0,0.95,13.2,2024-04-12,4.7,BAIXO,Sem condição crônica identificada (simulado),SEM_INTERCORRENCIA,False,train,SYNTHETIC,True
SYN-CC1B4157EC9F4C54,61,F,Barra de Falvanda,AM,58.1,151.5,25.31,119,74,77,36.2,True,False,False,Diabetes,NUNCA_FUMOU,MODERADO,SEDENTARIO,BOA,6.8,False,False,True,False,False,False,False,1,DISLIPIDEMIA,,0,NAO_SE_APLICA,86.0,4.7,268.8,185.4,53.0,152.0,0.89,14.3,2023-07-18,40.4,MUITO_ALTO,Dislipidemia com LDL elevado (simulado),SEM_INTERCORRENCIA,False,validation,SYNTHETIC,True
SYN-15260718CD184A82,62,M,Barra de Falvelha,GO,84.6,172.1,28.56,131,72,72,36.2,False,False,False,Sem histórico relevante,NUNCA_FUMOU,NENHUM,SEDENTARIO,RUIM,5.1,True,False,False,False,False,False,False,1,HIPERTENSAO,Losartana; Hidroclorotiazida,2,MEDIA,93.9,5.0,212.7,143.3,44.1,126.6,0.97,14.2,2024-09-14,39.1,ALTO,Hipertensão arterial sistêmica controlada (simulado),INTERNACAO,True,train,SYNTHETIC,True
SYN-6E3C453214344F62,20,M,Alto de Tavranda,RN,81.8,176.1,26.38,124,76,87,36.6,True,False,True,Diabetes; Doença cardiovascular,NUNCA_FUMOU,NENHUM,SEDENTARIO,REGULAR,7.3,False,False,False,False,True,False,False,1,ASMA,Salbutamol,1,ALTA,101.4,5.3,119.6,37.5,50.0,160.4,0.85,14.8,2024-05-01,3.3,BAIXO,Asma (simulado),SEM_INTERCORRENCIA,False,train,SYNTHETIC,True
SYN-2E326567D284454E,68,F,Barra de Xervinel,BA,90.6,163.6,33.85,143,81,77,36.5,False,False,False,Sem histórico relevante,NUNCA_FUMOU,NENHUM,SEDENTARIO,REGULAR,4.9,True,True,True,True,False,False,False,4,DIABETES_TIPO_2,Hidroclorotiazida,1,ALTA,179.0,7.7,204.7,125.7,39.8,196.1,0.79,13.4,2023-07-29,88.5,MUITO_ALTO,Diabetes mellitus tipo 2 descompensado (simulado),SEM_INTERCORRENCIA,False,test,SYNTHETIC,True
SYN-1A43DB54523A4993,65,M,Nova Mirvorém,MS,91.5,176.4,29.41,122,77,66,36.4,False,False,False,Sem histórico relevante,FUMANTE_ATUAL,MODERADO,SEDENTARIO,RUIM,7.2,False,False,True,False,False,False,False,1,DISLIPIDEMIA,,0,NAO_SE_APLICA,101.8,4.8,246.0,161.6,49.1,176.6,1.08,15.5,2023-02-25,57.0,MUITO_ALTO,Dislipidemia com LDL elevado (simulado),INTERNACAO,True,train,SYNTHETIC,True
SYN-4BAF0F5EA9324094,68,M,Barra de Orvalanda,SC,62.8,171.2,21.43,111,62,56,36.6,False,True,True,Hipertensão; Doença cardiovascular,NUNCA_FUMOU,ELEVADO,ATIVA,REGULAR,5.5,True,False,False,False,False,False,False,1,HIPERTENSAO,Losartana,1,ALTA,74.4,4.8,214.0,139.8,52.2,109.9,1.18,15.2,2024-04-02,33.5,ALTO,Hipertensão arterial sistêmica controlada (simulado),SEM_INTERCORRENCIA,False,train,SYNTHETIC,True
SYN-B7B8C1A59A45493D,31,M,Vale de Pelvelha,TO,52.0,177.5,16.5,85,56,52,36.9,False,True,True,Hipertensão; Doença cardiovascular,NUNCA_FUMOU,MODERADO,ATIVA,REGULAR,6.6,False,False,False,False,False,False,False,0,SEM_CONDICAO_CRONICA,,0,NAO_SE_APLICA,82.4,4.2,176.4,116.1,44.9,76.8,0.87,15.3,2024-10-18,1.8,BAIXO,Sem condição crônica identificada (simulado),SEM_INTERCORRENCIA,False,train,SYNTHETIC,True
SYN-71A3FAD2B0944D2A,51,F,Nova Esmirimar,ES,87.7,173.5,29.13,108,75,87,36.4,False,False,True,Doença cardiovascular,NUNCA_FUMOU,NENHUM,SEDENTARIO,REGULAR,7.7,False,False,False,False,False,False,False,0,SEM_CONDICAO_CRONICA,,0,NAO_SE_APLICA,95.9,4.6,191.5,119.4,40.1,160.0,0.9,13.5,2024-11-07,18.0,MODERADO,Sem condição crônica identificada (simulado),SEM_INTERCORRENCIA,False,train,SYNTHETIC,True
SYN-BA1082170AD749A2,50,M,Lago de Zanvelha,RR,69.3,178.2,21.82,105,66,103,38.1,False,True,False,Hipertensão,FUMANTE_ATUAL,ELEVADO,MODERADA,REGULAR,9.5,False,False,False,False,False,False,True,1,INFECCAO_RESPIRATORIA_AGUDA,Paracetamol,1,MEDIA,106.3,5.3,147.9,61.5,64.0,112.2,1.14,14.6,2024-04-30,5.6,BAIXO,Infecção respiratória aguda (simulado),SEM_INTERCORRENCIA,False,train,SYNTHETIC,True
SYN-9D66E8155A4143B3,64,F,Alto de Tavranda,RN,70.6,152.3,30.44,139,85,82,36.5,False,False,False,Sem histórico relevante,NUNCA_FUMOU,NENHUM,MODERADA,RUIM,5.8,True,False,True,True,False,False,False,3,HIPERTENSAO,Hidroclorotiazida; Anlodipino; Sinvastatina,3,MEDIA,91.5,4.6,268.8,186.4,52.4,150.0,1.03,14.1,2024-11-17,59.4,MUITO_ALTO,Hipertensão arterial sistêmica controlada (simulado),SEM_INTERCORRENCIA,False,train,SYNTHETIC,True
SYN-A3B442BD46494296,79,M,Alto de Xervanda,RO,90.2,166.2,32.65,130,84,71,36.9,False,False,False,Sem histórico relevante,NUNCA_FUMOU,NENHUM,MODERADA,RUIM,6.8,False,False,False,True,False,False,False,1,OBESIDADE,,0,NAO_SE_APLICA,82.6,4.9,196.0,112.2,40.8,215.1,0.97,13.1,2024-08-19,58.4,MUITO_ALTO,Obesidade (simulado),SEM_INTERCORRENCIA,False,train,SYNTHETIC,True
SYN-0EAF04B5F2A94C8A,57,F,Alto de Tavralena,PA,50.7,156.9,20.6,133,88,63,36.6,True,False,False,Diabetes,NUNCA_FUMOU,NENHUM,SEDENTARIO,REGULAR,6.2,True,False,False,False,False,False,False,1,HIPERTENSAO,,0,NAO_SE_APLICA,105.8,5.2,213.9,148.7,41.7,117.3,0.81,12.6,2023-10-07,24.9,ALTO,Hipertensão arterial sistêmica controlada (simulado),SEM_INTERCORRENCIA,False,train,SYNTHETIC,True
SYN-67FD64C4A334458A,42,F,Nova Belvunda,RS,73.2,161.8,27.96,105,64,67,36.7,False,True,False,Hipertensão,NUNCA_FUMOU,NENHUM,SEDENTARIO,REGULAR,6.0,False,False,False,False,False,False,False,0,SEM_CONDICAO_CRONICA,,0,NAO_SE_APLICA,89.6,5.2,225.1,145.4,61.8,89.5,0.84,14.8,2024-09-10,2.5,BAIXO,Sem condição crônica identificada (simulado),SEM_INTERCORRENCIA,False,train,SYNTHETIC,True
SYN-BFF9507DCD14403E,33,M,Serra de Falvalena,PB,92.4,173.8,30.59,120,76,66,37.1,False,False,False,Sem histórico relevante,FUMANTE_ATUAL,ELEVADO,MODERADA,RUIM,6.2,False,False,False,True,False,False,False,1,OBESIDADE,,0,NAO_SE_APLICA,97.4,5.2,155.9,83.5,53.1,96.5,0.79,14.1,2023-03-23,13.0,MODERADO,Obesidade (simulado),SEM_INTERCORRENCIA,False,test,SYNTHETIC,True
SYN-07F8D4F0F3EA4184,48,F,Lago de Cendralena,RO,67.0,148.9,30.22,104,74,76,37.5,True,True,False,Diabetes; Hipertensão,NUNCA_FUMOU,NENHUM,SEDENTARIO,REGULAR,7.9,False,False,False,True,False,False,False,1,OBESIDADE,,0,NAO_SE_APLICA,88.3,4.6,191.8,111.6,56.4,119.1,0.62,13.1,2024-10-12,14.5,MODERADO,Obesidade (simulado),SEM_INTERCORRENCIA,False,train,SYNTHETIC,True
SYN-AD973B679B8945CB,43,F,Alto de Cendrosa,SC,41.1,157.8,16.51,106,67,99,38.7,True,False,True,Diabetes; Doença cardiovascular,NUNCA_FUMOU,MODERADO,MODERADA,REGULAR,6.5,False,False,False,False,True,False,True,2,INFECCAO_RESPIRATORIA_AGUDA,Salbutamol; Amoxicilina,2,ALTA,89.2,5.1,194.0,118.6,55.5,99.7,0.76,14.6,2024-11-06,13.6,MODERADO,Infecção respiratória aguda (simulado),SEM_INTERCORRENCIA,False,train,SYNTHETIC,True
SYN-20509C6208E845D7,31,F,Alto de Cendrosa,SC,58.5,164.7,21.57,115,57,88,36.8,False,False,False,Sem histórico relevante,EX_FUMANTE,NENHUM,SEDENTARIO,REGULAR,9.5,False,False,False,False,False,False,False,0,SEM_CONDICAO_CRONICA,,0,NAO_SE_APLICA,84.1,4.3,174.2,106.3,58.8,45.7,0.66,13.1,2024-02-17,2.1,BAIXO,Sem condição crônica identificada (simulado),SEM_INTERCORRENCIA,False,validation,SYNTHETIC,True
SYN-A52964FFC74C4890,83,F,Vale de Solvival,TO,53.3,161.9,20.33,134,74,68,36.2,False,True,False,Hipertensão,NUNCA_FUMOU,ELEVADO,MODERADA,BOA,7.5,True,False,True,False,False,False,False,2,HIPERTENSAO,Enalapril,1,MEDIA,109.2,5.3,263.2,194.1,48.6,102.5,0.9,12.4,2024-11-04,61.9,MUITO_ALTO,Hipertensão arterial sistêmica controlada (simulado),OBITO,True,test,SYNTHETIC,True
SYN-F31046DC62024EE6,78,F,Alto de Falvinel,AL,73.6,162.6,27.84,138,86,52,36.7,False,True,False,Hipertensão,NUNCA_FUMOU,MODERADO,MODERADA,REGULAR,5.9,True,False,False,False,False,False,False,1,HIPERTENSAO,Enalapril,1,ALTA,101.4,5.3,181.5,103.9,58.0,97.9,0.85,14.4,2023-04-08,36.9,ALTO,Hipertensão arterial sistêmica controlada (simulado),SEM_INTERCORRENCIA,False,test,SYNTHETIC,True
SYN-2747B93C9AE74EAB,67,F,Lago de Quirelério,ES,75.6,161.4,29.02,110,65,65,36.6,False,True,False,Hipertensão,NUNCA_FUMOU,MODERADO,SEDENTARIO,REGULAR,6.6,True,False,True,False,False,False,False,2,HIPERTENSAO,Anlodipino; Enalapril; Sinvastatina,3,ALTA,106.9,5.4,202.3,129.5,51.5,106.5,1.12,12.9,2023-03-13,32.4,ALTO,Hipertensão arterial sistêmica controlada (simulado),SEM_INTERCORRENCIA,False,test,SYNTHETIC,True
SYN-5EF787B8F2E6495F,32,M,Campo de Falvalena,MG,47.6,169.8,16.51,85,61,83,36.9,False,False,False,Sem histórico relevante,NUNCA_FUMOU,NENHUM,MODERADA,REGULAR,6.1,False,False,False,False,False,False,False,0,SEM_CONDICAO_CRONICA,,0,NAO_SE_APLICA,80.8,4.2,171.4,110.1,49.4,59.6,0.86,14.6,2023-09-08,2.0,BAIXO,Sem condição crônica identificada (simulado),SEM_INTERCORRENCIA,False,validation,SYNTHETIC,True
SYN-13AEC376C359410A,63,M,Vila Quirelunda,MG,69.7,166.9,25.02,125,86,74,36.5,False,False,False,Sem histórico relevante,EX_FUMANTE,ELEVADO,MODERADA,REGULAR,7.9,False,False,False,False,False,False,False,0,SEM_CONDICAO_CRONICA,,0,NAO_SE_APLICA,73.6,4.0,259.3,205.5,30.7,115.5,1.11,12.8,2023-03-01,55.7,MUITO_ALTO,Sem condição crônica identificada (simulado),SEM_INTERCORRENCIA,False,train,SYNTHETIC,True
SYN-5DF06E8C878A4ED9,59,F,Barra de Cendrinel,MA,78.7,158.2,31.45,137,78,76,36.7,False,True,False,Hipertensão,FUMANTE_ATUAL,MODERADO,SEDENTARIO,RUIM,5.2,False,False,True,True,False,False,False,2,DISLIPIDEMIA,,0,NAO_SE_APLICA,89.0,4.7,215.0,117.3,65.8,159.6,0.89,13.1,2023-06-24,53.1,MUITO_ALTO,Dislipidemia com LDL na meta (simulado),SEM_INTERCORRENCIA,False,test,SYNTHETIC,True
SYN-4758367BA6494CDC,56,M,Serra de Norvimar,ES,82.4,174.7,27.0,120,66,71,36.8,False,True,True,Hipertensão; Doença cardiovascular,FUMANTE_ATUAL,NENHUM,MODERADA,RUIM,5.5,False,False,True,False,False,False,False,1,DISLIPIDEMIA,Sinvastatina,1,ALTA,113.1,5.3,223.3,133.0,61.6,143.6,0.81,15.5,2023-05-16,43.8,MUITO_ALTO,Dislipidemia com LDL na meta (simulado),SEM_INTERCORRENCIA,False,train,SYNTHETIC,True
SYN-06A241AF1D0A47F7,69,F,Barra de Aurival,PE,74.6,171.3,25.42,147,83,68,37.2,True,False,False,Diabetes,FUMANTE_ATUAL,MODERADO,MODERADA,BOA,6.3,False,False,False,False,False,False,False,0,SEM_CONDICAO_CRONICA,,0,NAO_SE_APLICA,87.2,4.7,246.9,187.5,45.6,68.8,1.04,12.8,2023-11-30,72.5,MUITO_ALTO,Sem condição crônica identificada (simulado),EVENTO_CARDIOVASCULAR,True,test,SYNTHETIC,True
SYN-848AF4407FC14858,59,M,Campo de Orvalorém,GO,77.6,170.3,26.76,105,62,65,37.1,True,True,False,Diabetes; Hipertensão,NUNCA_FUMOU,NENHUM,SEDENTARIO,RUIM,7.8,False,False,False,False,False,False,False,0,SEM_CONDICAO_CRONICA,,0,NAO_SE_APLICA,99.9,5.0,172.9,103.2,48.2,107.6,1.1,13.5,2024-04-17,18.4,MODERADO,Sem condição crônica identificada (simulado),SEM_INTERCORRENCIA,False,train,SYNTHETIC,True
SYN-1E2595B88FC9486B,61,F,Vale de Cendralena,MG,51.2,160.3,19.93,109,75,101,39.6,False,False,False,Sem histórico relevante,NUNCA_FUMOU,NENHUM,ATIVA,REGULAR,8.4,False,False,False,False,True,False,True,2,INFECCAO_RESPIRATORIA_AGUDA,Budesonida; Paracetamol,2,ALTA,79.5,4.1,196.1,137.3,47.6,55.8,0.85,12.7,2023-05-26,32.9,ALTO,Infecção respiratória aguda (simulado),SEM_INTERCORRENCIA,False,train,SYNTHETIC,True
SYN-B43BD27F42A249A6,59,M,Alto de Jaquelanda,BA,70.2,166.7,25.26,126,69,87,36.8,False,False,True,Doença cardiovascular,EX_FUMANTE,MODERADO,MODERADA,REGULAR,8.5,True,False,True,False,False,False,False,2,HIPERTENSAO,Losartana; Hidroclorotiazida; Sinvastatina,3,ALTA,82.6,4.4,170.0,69.8,47.8,262.2,1.15,14.2,2023-08-10,21.8,ALTO,Hipertensão arterial sistêmica controlada (simulado),SEM_INTERCORRENCIA,False,train,SYNTHETIC,True
SYN-9CA3FBB3FF1148BA,54,F,Nova Quirelanda,SE,63.4,158.6,25.2,125,79,68,36.5,False,False,False,Sem histórico relevante,FUMANTE_ATUAL,NENHUM,MODERADA,REGULAR,7.6,False,False,False,False,True,False,False,1,ASMA,,0,NAO_SE_APLICA,89.3,4.7,134.2,57.3,36.2,203.7,0.8,12.9,2024-06-23,30.5,ALTO,Asma (simulado),EVENTO_CARDIOVASCULAR,True,train,SYNTHETIC,True
SYN-FFA623D0EA9E4C8D,39,M,Alto de Ibiralena,RJ,70.4,161.2,27.09,107,74,60,36.8,False,False,False,Sem histórico relevante,EX_FUMANTE,MODERADO,SEDENTARIO,BOA,6.9,False,False,True,False,False,False,False,1,DISLIPIDEMIA,Atorvastatina,1,ALTA,109.5,5.7,167.6,99.0,40.4,140.8,1.05,14.3,2023-06-25,5.8,BAIXO,Dislipidemia com LDL na meta (simulado),SEM_INTERCORRENCIA,False,train,SYNTHETIC,True
SYN-22BF18F51F654A87,49,F,Barra de Lumirimar,AL,75.6,161.4,29.02,107,71,78,36.4,False,False,False,Sem histórico relevante,NUNCA_FUMOU,NENHUM,SEDENTARIO,REGULAR,7.9,False,False,False,False,False,False,False,0,SEM_CONDICAO_CRONICA,,0,NAO_SE_APLICA,100.9,5.3,172.6,108.2,47.6,83.8,0.56,14.9,2023-09-01,8.9,BAIXO,Sem condição crônica identificada (simulado),SEM_INTERCORRENCIA,False,train,SYNTHETIC,True
SYN-2C33350C73B941D8,39,M,Vila Relvunda,CE,72.0,162.8,27.17,119,75,75,36.5,False,False,False,Sem histórico relevante,EX_FUMANTE,NENHUM,SEDENTARIO,RUIM,5.7,False,False,False,False,False,False,False,0,SEM_CONDICAO_CRONICA,,0,NAO_SE_APLICA,72.1,4.9,176.3,91.2,53.4,158.3,1.04,15.1,2024-08-07,7.6,BAIXO,Sem condição crônica identificada (simulado),SEM_INTERCORRENCIA,False,train,SYNTHETIC,True
SYN-FF4C96D671F24E8F,26,F,Serra de Lumiralena,AP,63.8,159.1,25.2,109,66,73,37.1,True,True,False,Diabetes; Hipertensão,EX_FUMANTE,NENHUM,ATIVA,BOA,5.0,False,False,False,False,False,False,False,0,SEM_CONDICAO_CRONICA,,0,NAO_SE_APLICA,96.1,5.0,171.0,67.8,76.0,136.2,0.72,11.5,2023-10-17,1.5,BAIXO,Sem condição crônica identificada (simulado),SEM_INTERCORRENCIA,False,train,SYNTHETIC,True
SYN-F7B217C7AE924A71,77,M,Alto de Tavrinel,RS,77.4,183.7,22.94,134,90,78,36.8,True,True,False,Diabetes; Hipertensão,FUMANTE_ATUAL,NENHUM,ATIVA,REGULAR,7.5,True,False,False,False,False,False,False,1,HIPERTENSAO,Losartana; Hidroclorotiazida,2,MEDIA,79.1,4.1,200.0,92.9,67.2,199.3,1.12,14.9,2023-06-28,62.6,MUITO_ALTO,Hipertensão arterial sistêmica controlada (simulado),INTERNACAO,True,train,SYNTHETIC,True
SYN-AAF78C6751D04109,77,F,Nova Urvalorém,RR,53.1,160.7,20.56,147,83,61,36.7,True,False,False,Diabetes,EX_FUMANTE,ELEVADO,MODERADA,REGULAR,5.9,True,False,False,False,False,False,False,1,HIPERTENSAO,,0,NAO_SE_APLICA,82.8,4.5,166.3,59.2,66.4,203.7,0.8,13.2,2024-08-09,32.3,ALTO,Hipertensão arterial sistêmica não controlada (simulado),SEM_INTERCORRENCIA,False,train,SYNTHETIC,True
SYN-8CCC9CEA109F48EE,71,M,Alto de Jaquelanda,BA,84.6,170.0,29.27,130,84,88,36.7,False,True,False,Hipertensão,NUNCA_FUMOU,MODERADO,SEDENTARIO,REGULAR,6.9,True,False,True,False,False,False,False,2,HIPERTENSAO,Anlodipino,1,ALTA,95.7,5.2,242.2,181.0,43.7,87.3,1.05,16.0,2024-12-03,65.1,MUITO_ALTO,Hipertensão arterial sistêmica controlada (simulado),SEM_INTERCORRENCIA,False,train,SYNTHETIC,True
SYN-4CC9F5F2E42E4037,52,M,Campo de Mirvosa,PA,88.5,186.9,25.34,115,69,69,36.6,False,False,False,Sem histórico relevante,NUNCA_FUMOU,MODERADO,MODERADA,REGULAR,7.1,False,False,False,False,False,False,False,0,SEM_CONDICAO_CRONICA,,0,NAO_SE_APLICA,102.7,5.6,223.8,140.0,50.5,166.7,0.97,14.6,2024-10-21,12.4,MODERADO,Sem condição crônica identificada (simulado),SEM_INTERCORRENCIA,False,train,SYNTHETIC,True
SYN-B5A5F8E6B6394F04,71,M,Serra de Aurimar,PB,84.8,174.9,27.72,123,63,77,36.0,False,False,False,Sem histórico relevante,NUNCA_FUMOU,NENHUM,MODERADA,REGULAR,7.3,False,False,True,False,False,False,False,1,DISLIPIDEMIA,Sinvastatina,1,ALTA,102.8,5.7,239.7,157.9,50.5,156.7,0.94,14.6,2023-11-17,47.7,MUITO_ALTO,Dislipidemia com LDL na meta (simulado),SEM_INTERCORRENCIA,False,train,SYNTHETIC,True
SYN-2C913A7CA3404F08,48,F,Vila Cendrelha,AC,49.9,163.8,18.6,102,60,70,36.2,False,False,False,Sem histórico relevante,NUNCA_FUMOU,MODERADO,MODERADA,BOA,8.0,False,False,True,False,False,False,False,1,DISLIPIDEMIA,,0,NAO_SE_APLICA,91.4,4.5,215.9,139.3,45.4,156.1,0.82,15.1,2023-01-17,8.4,BAIXO,Dislipidemia com LDL na meta (simulado),SEM_INTERCORRENCIA,False,train,SYNTHETIC,True
SYN-3967E60A823D4107,51,F,Lago de Tavrimar,AC,86.7,160.8,33.53,116,71,87,36.8,False,True,False,Hipertensão,FUMANTE_ATUAL,NENHUM,SEDENTARIO,REGULAR,7.9,False,False,False,True,False,False,False,1,OBESIDADE,,0,NAO_SE_APLICA,95.2,5.4,214.4,117.8,59.3,186.5,0.98,12.1,2023-11-05,34.9,ALTO,Obesidade (simulado),SEM_INTERCORRENCIA,False,train,SYNTHETIC,True
SYN-CAC4D0EB3373430E,29,F,Lago de Mirvinel,RR,58.4,153.5,24.79,103,63,46,36.3,False,False,False,Sem histórico relevante,NUNCA_FUMOU,NENHUM,ATIVA,REGULAR,7.2,False,False,False,False,False,False,False,0,SEM_CONDICAO_CRONICA,,0,NAO_SE_APLICA,102.1,5.2,161.5,66.0,67.2,141.4,0.54,14.0,2024-07-13,1.5,BAIXO,Sem condição crônica identificada (simulado),SEM_INTERCORRENCIA,False,train,SYNTHETIC,True
SYN-7E7838C9CA55438B,55,F,Vale de Cendrimar,PI,73.0,165.0,26.81,135,76,83,36.6,False,False,False,Sem histórico relevante,NUNCA_FUMOU,MODERADO,SEDENTARIO,RUIM,6.5,True,False,False,False,False,False,False,1,HIPERTENSAO,Hidroclorotiazida,1,BAIXA,76.3,4.0,187.4,95.8,58.6,164.8,0.87,13.3,2024-11-20,19.4,MODERADO,Hipertensão arterial sistêmica controlada (simulado),SEM_INTERCORRENCIA,False,train,SYNTHETIC,True
SYN-9280C5AA8DD4495B,49,M,Serra de Dorvorém,RO,63.7,168.3,22.49,106,68,69,36.2,False,True,False,Hipertensão,NUNCA_FUMOU,MODERADO,SEDENTARIO,REGULAR,7.1,True,False,False,False,False,False,False,1,HIPERTENSAO,Losartana; Hidroclorotiazida,2,MEDIA,105.8,5.2,199.8,160.5,22.5,83.9,0.94,14.3,2023-02-20,24.5,ALTO,Hipertensão arterial sistêmica controlada (simulado),SEM_INTERCORRENCIA,False,train,SYNTHETIC,True
SYN-FBA6ABF7CDBC4653,26,M,Vale de Dorvimar,ES,72.3,166.7,26.02,117,75,68,36.4,False,False,True,Doença cardiovascular,EX_FUMANTE,MODERADO,ATIVA,REGULAR,6.3,False,False,False,False,False,False,False,0,SEM_CONDICAO_CRONICA,,0,NAO_SE_APLICA,83.6,5.0,170.0,97.6,56.1,81.3,0.83,14.2,2023-03-29,3.5,BAIXO,Sem condição crônica identificada (simulado),SEM_INTERCORRENCIA,False,train,SYNTHETIC,True
SYN-E25DF9A89CA845C4,47,M,Barra de Solvunda,RR,54.5,162.3,20.69,114,66,83,36.6,False,False,True,Doença cardiovascular,NUNCA_FUMOU,ELEVADO,MODERADA,REGULAR,6.8,False,False,False,False,False,False,False,0,SEM_CONDICAO_CRONICA,,0,NAO_SE_APLICA,91.3,5.0,152.4,67.0,56.1,146.4,0.99,16.2,2023-07-30,6.5,BAIXO,Sem condição crônica identificada (simulado),SEM_INTERCORRENCIA,False,train,SYNTHETIC,True
SYN-65EDCFE34F2D4D3F,47,M,Barra de Xervinel,BA,106.6,172.7,35.74,130,77,69,36.9,False,False,False,Sem histórico relevante,NUNCA_FUMOU,ELEVADO,SEDENTARIO,REGULAR,9.9,True,False,False,True,False,False,False,2,HIPERTENSAO,Losartana,1,BAIXA,88.2,4.3,211.1,148.8,39.9,111.9,0.99,15.3,2023-03-26,18.1,MODERADO,Hipertensão arterial sistêmica controlada (simulado),SEM_INTERCORRENCIA,False,validation,SYNTHETIC,True
SYN-7A89CBEBB807478A,79,M,Barra de Cendrunda,MG,63.1,162.2,23.98,162,86,70,36.9,False,False,False,Sem histórico relevante,FUMANTE_ATUAL,NENHUM,SEDENTARIO,BOA,7.2,True,False,False,False,False,False,False,1,HIPERTENSAO,,0,NAO_SE_APLICA,79.3,4.0,177.4,98.0,38.5,204.7,1.13,15.4,2023-05-10,82.6,MUITO_ALTO,Hipertensão arterial sistêmica não controlada (simulado),EVENTO_CARDIOVASCULAR,True,train,SYNTHETIC,True
SYN-68D0A2A8C4E747DD,63,M,Barra de Mirvival,RS,88.9,168.8,31.2,131,80,64,36.4,False,True,False,Hipertensão,NUNCA_FUMOU,NENHUM,ATIVA,REGULAR,7.5,True,False,True,True,False,False,False,3,HIPERTENSAO,Hidroclorotiazida; Atorvastatina,2,ALTA,95.7,4.5,184.6,119.1,36.7,143.9,0.91,15.7,2023-11-13,34.5,ALTO,Hipertensão arterial sistêmica controlada (simulado),SEM_INTERCORRENCIA,False,train,SYNTHETIC,True
SYN-20156A7212E143A6,48,M,Nova Falvosa,RS,69.7,165.6,25.42,120,80,72,36.7,False,False,False,Sem histórico relevante,NUNCA_FUMOU,NENHUM,SEDENTARIO,REGULAR,6.2,True,False,False,False,False,False,False,1,HIPERTENSAO,,0,NAO_SE_APLICA,92.2,4.6,217.8,168.2,30.1,97.5,1.11,15.1,2023-07-04,22.0,ALTO,Hipertensão arterial sistêmica controlada (simulado),SEM_INTERCORRENCIA,False,validation,SYNTHETIC,True
SYN-12FC7A87A4704D48,52,F,Barra de Cendrunda,MG,72.9,155.2,30.27,136,89,63,36.2,False,False,False,Sem histórico relevante,NUNCA_FUMOU,MODERADO,MODERADA,BOA,8.1,False,False,False,True,False,False,False,1,OBESIDADE,,0,NAO_SE_APLICA,90.4,4.8,204.8,126.3,54.4,120.5,0.81,12.1,2024-03-05,27.5,ALTO,Obesidade (simulado),SEM_INTERCORRENCIA,False,train,SYNTHETIC,True
SYN-8471B4B0AE1B4F69,49,M,Barra de Aurival,PE,65.2,168.4,22.99,129,73,77,36.6,True,True,False,Diabetes; Hipertensão,NUNCA_FUMOU,ELEVADO,SEDENTARIO,BOA,7.8,False,False,False,False,False,False,False,0,SEM_CONDICAO_CRONICA,,0,NAO_SE_APLICA,88.1,4.3,193.5,140.5,40.9,60.4,1.06,13.2,2024-11-23,13.5,MODERADO,Sem condição crônica identificada (simulado),SEM_INTERCORRENCIA,False,train,SYNTHETIC,True
SYN-D43CDD6DE0C14F1E,45,M,Barra de Falvosa,PR,78.6,174.8,25.72,107,78,77,36.9,False,False,False,Sem histórico relevante,EX_FUMANTE,ELEVADO,SEDENTARIO,BOA,7.8,False,False,False,False,False,False,False,0,SEM_CONDICAO_CRONICA,,0,NAO_SE_APLICA,103.9,5.1,145.9,92.0,40.8,65.6,1.12,16.3,2024-01-07,4.9,BAIXO,Sem condição crônica identificada (simulado),SEM_INTERCORRENCIA,False,train,SYNTHETIC,True
SYN-96792482A3C948E4,30,F,Lago de Cendralena,RO,56.0,147.9,25.6,109,64,79,36.6,False,True,True,Hipertensão; Doença cardiovascular,FUMANTE_ATUAL,NENHUM,MODERADA,BOA,7.2,False,False,False,False,False,False,False,0,SEM_CONDICAO_CRONICA,,0,NAO_SE_APLICA,109.9,5.9,148.4,47.8,69.8,154.1,0.48,13.4,2024-01-06,2.4,BAIXO,Sem condição crônica identificada (simulado),SEM_INTERCORRENCIA,False,train,SYNTHETIC,True
SYN-21084DD9F75D4E3C,45,F,Serra de Relvorém,RR,80.2,168.3,28.31,117,65,65,37.0,True,True,False,Diabetes; Hipertensão,NUNCA_FUMOU,MODERADO,MODERADA,RUIM,8.1,True,True,False,False,False,False,False,2,DIABETES_TIPO_2,Enalapril,1,ALTA,168.9,8.1,204.1,142.3,44.7,85.4,0.85,13.3,2024-11-29,23.3,ALTO,Diabetes mellitus tipo 2 descompensado (simulado),SEM_INTERCORRENCIA,False,test,SYNTHETIC,True
SYN-DE431E06E9244069,35,M,Nova Urvalorém,RR,79.4,163.6,29.67,98,54,71,36.9,False,False,True,Doença cardiovascular,FUMANTE_ATUAL,MODERADO,SEDENTARIO,REGULAR,8.4,False,False,False,False,False,False,False,0,SEM_CONDICAO_CRONICA,,0,NAO_SE_APLICA,93.7,5.4,200.6,99.6,39.9,305.7,0.91,16.6,2024-03-18,11.0,MODERADO,Sem condição crônica identificada (simulado),SEM_INTERCORRENCIA,False,train,SYNTHETIC,True
SYN-84A2576C1FC945F8,27,M,Alto de Pelvival,RJ,59.5,169.0,20.83,110,60,71,36.7,True,True,False,Diabetes; Hipertensão,EX_FUMANTE,ELEVADO,MODERADA,BOA,7.3,False,False,False,False,False,False,False,0,SEM_CONDICAO_CRONICA,,0,NAO_SE_APLICA,74.2,4.0,186.9,105.9,62.2,93.9,1.02,13.7,2024-12-27,4.1,BAIXO,Sem condição crônica identificada (simulado),SEM_INTERCORRENCIA,False,train,SYNTHETIC,True
SYN-2976AAB22A264770,57,M,Alto de Lumiralena,PB,89.8,187.5,25.54,127,78,70,36.5,False,False,False,Sem histórico relevante,NUNCA_FUMOU,MODERADO,MODERADA,REGULAR,6.9,False,False,False,False,False,False,False,0,SEM_CONDICAO_CRONICA,,0,NAO_SE_APLICA,95.8,5.6,178.5,118.7,44.2,78.0,0.92,12.3,2024-11-06,33.2,ALTO,Sem condição crônica identificada (simulado),SEM_INTERCORRENCIA,False,validation,SYNTHETIC,True
SYN-39B86BB2B5964A7C,55,M,Barra de Cendrunda,MG,99.9,178.5,31.35,128,76,70,36.4,False,True,False,Hipertensão,NUNCA_FUMOU,NENHUM,MODERADA,RUIM,8.0,False,False,False,True,False,False,False,1,OBESIDADE,,0,NAO_SE_APLICA,97.6,5.1,182.8,107.4,44.6,154.2,1.12,13.0,2023-01-30,36.0,ALTO,Obesidade (simulado),SEM_INTERCORRENCIA,False,test,SYNTHETIC,True
SYN-84D67C4FF0DF4684,56,F,Nova Norvério,AM,49.2,151.6,21.41,115,65,66,36.2,True,False,False,Diabetes,NUNCA_FUMOU,NENHUM,MODERADA,BOA,6.0,False,False,False,False,False,False,False,0,SEM_CONDICAO_CRONICA,,0,NAO_SE_APLICA,96.0,5.0,197.4,134.7,54.4,41.7,0.69,12.7,2024-11-16,9.1,BAIXO,Sem condição crônica identificada (simulado),SEM_INTERCORRENCIA,False,test,SYNTHETIC,True
SYN-143029A9D88F4C94,46,F,Alto de Xervanda,RO,70.7,160.9,27.31,130,72,73,36.2,False,True,False,Hipertensão,FUMANTE_ATUAL,ELEVADO,ATIVA,RUIM,6.2,False,False,False,False,False,False,False,0,SEM_CONDICAO_CRONICA,,0,NAO_SE_APLICA,80.3,4.8,158.4,70.0,67.4,104.9,0.82,13.3,2023-05-01,12.8,MODERADO,Sem condição crônica identificada (simulado),SEM_INTERCORRENCIA,False,train,SYNTHETIC,True
SYN-F4D375C1A29349FA,65,M,Nova Urvalorém,RR,72.6,165.6,26.47,110,61,68,36.9,False,False,False,Sem histórico relevante,NUNCA_FUMOU,MODERADO,SEDENTARIO,REGULAR,6.9,False,False,False,False,True,False,False,1,ASMA,Budesonida,1,ALTA,98.0,5.3,197.6,151.7,24.5,107.0,1.08,16.2,2023-07-16,27.6,ALTO,Asma (simulado),SEM_INTERCORRENCIA,False,test,SYNTHETIC,True
SYN-A0017720200B4903,66,M,Serra de Pelvorém,TO,95.7,180.2,29.47,160,88,75,37.1,False,True,False,Hipertensão,NUNCA_FUMOU,NENHUM,SEDENTARIO,RUIM,5.1,True,True,False,False,False,False,False,2,DIABETES_TIPO_2,Glibenclamida,1,MEDIA,95.6,4.3,162.5,100.6,41.2,103.7,1.04,15.6,2024-02-09,84.7,MUITO_ALTO,Diabetes mellitus tipo 2 compensado (simulado),SEM_INTERCORRENCIA,False,train,SYNTHETIC,True
SYN-17EAEC838892442F,65,F,Vale de Velmorém,PB,64.6,152.8,27.67,115,76,73,36.3,False,False,False,Sem histórico relevante,EX_FUMANTE,NENHUM,SEDENTARIO,REGULAR,7.9,False,False,False,False,False,False,False,0,SEM_CONDICAO_CRONICA,,0,NAO_SE_APLICA,81.8,4.3,165.5,93.9,52.5,95.5,0.73,10.6,2024-07-18,25.3,ALTO,Sem condição crônica identificada (simulado),INTERNACAO,True,validation,SYNTHETIC,True
SYN-9780C2152B2B48E9,49,M,Alto de Jaquelério,SC,62.3,170.3,21.48,109,77,75,36.6,False,True,False,Hipertensão,FUMANTE_ATUAL,NENHUM,MODERADA,REGULAR,5.9,False,False,False,False,False,False,False,0,SEM_CONDICAO_CRONICA,,0,NAO_SE_APLICA,95.3,4.8,193.6,121.8,38.0,168.8,0.94,17.6,2024-11-25,14.2,MODERADO,Sem condição crônica identificada (simulado),SEM_INTERCORRENCIA,False,train,SYNTHETIC,True
SYN-2BD3CDCD27794685,34,F,Alto de Xervanda,RO,63.4,160.1,24.73,117,82,87,36.1,False,True,False,Hipertensão,NUNCA_FUMOU,ELEVADO,SEDENTARIO,REGULAR,6.5,True,False,False,False,False,False,False,1,HIPERTENSAO,Hidroclorotiazida,1,MEDIA,82.6,4.0,198.9,120.5,55.1,116.3,0.84,12.8,2023-12-03,6.0,BAIXO,Hipertensão arterial sistêmica controlada (simulado),SEM_INTERCORRENCIA,False,train,SYNTHETIC,True
SYN-E6E987CAB87B4384,30,M,Alto de Cendrosa,SC,74.2,173.8,24.56,102,67,64,36.3,False,False,False,Sem histórico relevante,EX_FUMANTE,NENHUM,SEDENTARIO,BOA,6.8,False,False,False,False,False,False,False,0,SEM_CONDICAO_CRONICA,,0,NAO_SE_APLICA,89.0,5.1,190.6,115.5,50.1,124.8,1.09,16.0,2023-07-24,1.8,BAIXO,Sem condição crônica identificada (simulado),SEM_INTERCORRENCIA,False,train,SYNTHETIC,True
SYN-EC86A890D7B04BDC,54,F,Vila Relvosa,RS,62.8,154.9,26.17,116,67,54,36.7,True,False,False,Diabetes,NUNCA_FUMOU,NENHUM,SEDENTARIO,REGULAR,7.0,False,True,True,False,False,False,False,2,DIABETES_TIPO_2,Metformina; Atorvastatina,2,MEDIA,86.1,5.1,177.9,90.3,56.1,157.6,1.04,13.7,2023-10-09,22.7,ALTO,Diabetes mellitus tipo 2 compensado (simulado),SEM_INTERCORRENCIA,False,train,SYNTHETIC,True
SYN-DD20C3BFD3424F08,54,F,Lago de Tavrimar,AC,83.5,159.4,32.86,123,71,74,36.4,False,False,False,Sem histórico relevante,FUMANTE_ATUAL,MODERADO,SEDENTARIO,REGULAR,6.6,False,False,False,True,False,False,False,1,OBESIDADE,,0,NAO_SE_APLICA,88.8,4.7,138.2,55.7,65.0,87.6,0.87,13.2,2023-09-26,16.9,MODERADO,Obesidade (simulado),SEM_INTERCORRENCIA,False,train,SYNTHETIC,True
SYN-F2D3F7610BA34279,70,F,Barra de Solvunda,RR,75.8,165.8,27.57,126,80,57,36.0,False,True,True,Hipertensão; Doença cardiovascular,NUNCA_FUMOU,MODERADO,ATIVA,BOA,6.9,False,False,False,False,False,False,False,0,SEM_CONDICAO_CRONICA,,0,NAO_SE_APLICA,87.6,4.8,196.8,117.9,57.1,109.2,0.9,13.0,2023-08-03,51.5,MUITO_ALTO,Sem condição crônica identificada (simulado),INTERNACAO,True,train,SYNTHETIC,True
SYN-43C07D4393A74792,67,F,Barra de Tavrosa,RR,57.9,149.2,26.01,120,71,45,37.1,False,True,False,Hipertensão,NUNCA_FUMOU,NENHUM,MODERADA,BOA,6.9,True,False,True,False,False,False,False,2,HIPERTENSAO,Losartana; Hidroclorotiazida,2,ALTA,94.0,4.9,177.6,103.5,60.5,68.1,0.91,12.1,2023-06-18,28.4,ALTO,Hipertensão arterial sistêmica controlada (simulado),SEM_INTERCORRENCIA,False,validation,SYNTHETIC,True
SYN-92779574C4574CC3,46,M,Barra de Mirvalena,AM,73.7,174.3,24.26,118,73,95,36.6,False,False,False,Sem histórico relevante,FUMANTE_ATUAL,NENHUM,SEDENTARIO,RUIM,6.5,False,False,False,False,False,False,False,0,SEM_CONDICAO_CRONICA,,0,NAO_SE_APLICA,97.8,5.1,219.8,157.8,47.3,73.3,1.21,13.5,2024-06-02,23.3,ALTO,Sem condição crônica identificada (simulado),SEM_INTERCORRENCIA,False,train,SYNTHETIC,True
SYN-07C0D116A3944D54,27,F,Vila Lumiranda,RS,49.9,153.8,21.1,94,70,92,37.3,False,False,False,Sem histórico relevante,NUNCA_FUMOU,NENHUM,MODERADA,RUIM,6.1,False,False,False,False,False,False,True,1,INFECCAO_RESPIRATORIA_AGUDA,Amoxicilina,1,ALTA,100.0,5.5,155.5,89.0,53.9,63.1,0.76,13.0,2024-12-08,1.1,BAIXO,Infecção respiratória aguda (simulado),SEM_INTERCORRENCIA,False,train,SYNTHETIC,True
SYN-8BAAF744A08D421B,43,F,Serra de Dorvorém,RO,75.4,153.2,32.13,142,86,78,36.6,True,True,False,Diabetes; Hipertensão,NUNCA_FUMOU,NENHUM,MODERADA,REGULAR,8.2,True,False,False,True,False,False,False,2,HIPERTENSAO,Hidroclorotiazida,1,BAIXA,85.9,4.0,248.8,172.3,63.2,66.7,0.77,11.8,2024-03-11,9.8,BAIXO,Hipertensão arterial sistêmica não controlada (simulado),SEM_INTERCORRENCIA,False,test,SYNTHETIC,True
SYN-4D560A3DF4E7469A,52,M,Vale de Quirelorém,PB,59.8,166.8,21.49,121,85,73,36.6,False,False,False,Sem histórico relevante,EX_FUMANTE,NENHUM,SEDENTARIO,BOA,4.7,False,False,False,False,False,False,False,0,SEM_CONDICAO_CRONICA,,0,NAO_SE_APLICA,92.4,5.0,162.9,92.4,45.6,124.3,0.96,16.4,2023-04-23,18.6,MODERADO,Sem condição crônica identificada (simulado),INTERNACAO,True,train,SYNTHETIC,True
SYN-CEAE71CFCE004AF0,45,M,Nova Velmério,RJ,73.7,172.4,24.8,114,62,76,36.7,False,False,False,Sem histórico relevante,NUNCA_FUMOU,NENHUM,MODERADA,REGULAR,6.8,False,False,False,False,False,False,False,0,SEM_CONDICAO_CRONICA,,0,NAO_SE_APLICA,80.1,4.4,200.0,142.9,36.2,104.5,0.95,14.9,2024-05-03,10.9,MODERADO,Sem condição crônica identificada (simulado),SEM_INTERCORRENCIA,False,train,SYNTHETIC,True
SYN-741B77F54C244053,38,F,Nova Velmério,RJ,61.5,152.1,26.58,106,68,68,36.5,True,False,False,Diabetes,NUNCA_FUMOU,MODERADO,MODERADA,RUIM,6.5,False,False,False,False,False,False,False,0,SEM_CONDICAO_CRONICA,,0,NAO_SE_APLICA,89.4,4.5,169.6,88.2,62.8,92.9,0.79,15.3,2024-02-17,3.4,BAIXO,Sem condição crônica identificada (simulado),SEM_INTERCORRENCIA,False,train,SYNTHETIC,True
SYN-2877F5D90F5645F8,52,F,Campo de Orvalelha,SC,71.6,168.6,25.19,119,73,83,36.7,False,False,False,Sem histórico relevante,NUNCA_FUMOU,MODERADO,SEDENTARIO,REGULAR,7.5,False,False,False,False,False,False,False,0,SEM_CONDICAO_CRONICA,,0,NAO_SE_APLICA,90.4,4.6,185.1,109.6,47.5,139.9,0.71,12.8,2023-10-21,27.6,ALTO,Sem condição crônica identificada (simulado),SEM_INTERCORRENCIA,False,test,SYNTHETIC,True
SYN-76E5AE787BF741D3,39,F,Vila Belvimar,MG,56.5,166.0,20.5,102,56,74,36.9,False,False,False,Sem histórico relevante,EX_FUMANTE,ELEVADO,MODERADA,REGULAR,5.4,False,False,False,False,False,False,False,0,SEM_CONDICAO_CRONICA,,0,NAO_SE_APLICA,80.6,5.1,189.8,125.9,53.1,54.1,0.67,12.6,2023-01-17,2.5,BAIXO,Sem condição crônica identificada (simulado),SEM_INTERCORRENCIA,False,train,SYNTHETIC,True
SYN-24C778A59B4E464B,37,M,Nova Norvério,AM,59.5,169.8,20.64,111,71,75,36.2,True,True,False,Diabetes; Hipertensão,FUMANTE_ATUAL,NENHUM,MODERADA,REGULAR,6.5,False,False,False,False,False,False,False,0,SEM_CONDICAO_CRONICA,,0,NAO_SE_APLICA,93.9,4.4,207.9,151.0,44.8,60.3,0.93,15.4,2024-07-21,11.1,MODERADO,Sem condição crônica identificada (simulado),SEM_INTERCORRENCIA,False,test,SYNTHETIC,True
SYN-51BEB80EB7E6414C,53,F,Barra de Dorvival,AP,49.4,150.4,21.84,113,77,72,36.4,True,False,False,Diabetes,NUNCA_FUMOU,NENHUM,MODERADA,BOA,6.9,False,False,False,False,False,False,False,0,SEM_CONDICAO_CRONICA,,0,NAO_SE_APLICA,87.8,4.6,218.7,126.5,62.6,147.9,0.75,12.9,2024-03-15,13.3,MODERADO,Sem condição crônica identificada (simulado),SEM_INTERCORRENCIA,False,validation,SYNTHETIC,True
SYN-586A346ADC5B47D1,41,F,Serra de Esmirunda,MA,52.7,163.9,19.62,137,93,80,36.9,False,True,False,Hipertensão,NUNCA_FUMOU,ELEVADO,ATIVA,BOA,8.2,False,False,False,False,False,False,False,0,SEM_CONDICAO_CRONICA,,0,NAO_SE_APLICA,90.0,5.3,205.8,93.5,70.7,208.0,0.83,14.2,2023-06-21,11.2,MODERADO,Sem condição crônica identificada (simulado),SEM_INTERCORRENCIA,False,train,SYNTHETIC,True
SYN-C2BAF0E0217943F0,52,F,Campo de Mirvosa,PA,75.4,158.1,30.17,108,70,74,36.4,False,False,True,Doença cardiovascular,EX_FUMANTE,MODERADO,MODERADA,REGULAR,7.4,False,False,False,True,False,False,False,1,OBESIDADE,,0,NAO_SE_APLICA,102.3,4.7,218.9,134.7,51.6,163.2,0.88,14.6,2023-10-14,22.6,ALTO,Obesidade (simulado),SEM_INTERCORRENCIA,False,train,SYNTHETIC,True
SYN-1B2EDEDB8FC84FC0,53,M,Nova Mirvorém,MS,72.0,170.1,24.88,106,54,63,36.6,True,False,False,Diabetes,NUNCA_FUMOU,MODERADO,MODERADA,REGULAR,5.7,True,False,False,False,False,False,False,1,HIPERTENSAO,Hidroclorotiazida,1,BAIXA,86.1,4.5,172.9,102.0,45.0,129.3,1.03,15.9,2024-01-21,15.1,MODERADO,Hipertensão arterial sistêmica controlada (simulado),SEM_INTERCORRENCIA,False,train,SYNTHETIC,True
SYN-1F5D988F776A4F09,29,F,Barra de Tavrério,AL,61.1,164.0,22.72,100,64,79,36.5,False,False,False,Sem histórico relevante,NUNCA_FUMOU,NENHUM,SEDENTARIO,REGULAR,6.5,False,False,False,False,False,False,False,0,SEM_CONDICAO_CRONICA,,0,NAO_SE_APLICA,97.1,5.0,198.8,148.4,33.6,83.8,0.76,14.6,2024-02-18,3.5,BAIXO,Sem condição crônica identificada (simulado),SEM_INTERCORRENCIA,False,validation,SYNTHETIC,True
SYN-24108E9A3F774CAE,40,M,Alto de Pelvival,RJ,75.6,175.9,24.43,94,63,76,36.5,False,True,False,Hipertensão,NUNCA_FUMOU,NENHUM,MODERADA,REGULAR,8.0,False,False,False,False,False,False,False,0,SEM_CONDICAO_CRONICA,,0,NAO_SE_APLICA,102.8,5.4,175.5,117.1,40.6,88.9,0.96,15.6,2024-04-25,5.3,BAIXO,Sem condição crônica identificada (simulado),SEM_INTERCORRENCIA,False,test,SYNTHETIC,True
SYN-F204BE894A4B4563,72,F,Barra de Falvosa,PR,66.9,153.4,28.43,118,70,71,36.5,False,True,True,Hipertensão; Doença cardiovascular,NUNCA_FUMOU,MODERADO,MODERADA,REGULAR,5.7,False,True,True,False,False,False,False,2,DIABETES_TIPO_2,Atorvastatina,1,BAIXA,144.5,6.6,255.9,160.3,47.5,240.5,0.42,12.7,2023-02-28,81.7,MUITO_ALTO,Diabetes mellitus tipo 2 compensado (simulado),INTERNACAO,True,train,SYNTHETIC,True
SYN-6B0AE0E39D894047,28,M,Campo de Mirvosa,PA,56.8,166.6,20.46,92,58,67,36.2,False,False,False,Sem histórico relevante,NUNCA_FUMOU,MODERADO,ATIVA,REGULAR,6.9,False,False,False,False,False,False,False,0,SEM_CONDICAO_CRONICA,,0,NAO_SE_APLICA,87.2,4.4,183.4,97.6,54.8,155.2,0.8,15.9,2024-01-27,1.4,BAIXO,Sem condição crônica identificada (simulado),SEM_INTERCORRENCIA,False,train,SYNTHETIC,True
SYN-E6FDD7AFDD844ACC,39,F,Nova Norvério,AM,60.4,151.7,26.25,103,61,57,36.7,False,False,False,Sem histórico relevante,EX_FUMANTE,NENHUM,ATIVA,REGULAR,7.0,False,False,False,False,False,False,False,0,SEM_CONDICAO_CRONICA,,0,NAO_SE_APLICA,81.6,4.6,202.0,115.5,60.0,132.6,0.83,13.9,2023-03-08,5.2,BAIXO,Sem condição crônica identificada (simulado),SEM_INTERCORRENCIA,False,train,SYNTHETIC,True
SYN-EF0A573D53D2456D,48,F,Nova Quirelunda,AP,61.5,168.5,21.66,107,64,80,36.9,False,False,False,Sem histórico relevante,FUMANTE_ATUAL,ELEVADO,SEDENTARIO,REGULAR,6.6,False,False,False,False,False,False,False,0,SEM_CONDICAO_CRONICA,,0,NAO_SE_APLICA,82.8,4.5,196.4,124.8,43.8,139.2,0.68,12.6,2023-05-01,12.4,MODERADO,Sem condição crônica identificada (simulado),SEM_INTERCORRENCIA,False,train,SYNTHETIC,True
SYN-3098F7B2500E45C0,48,F,Campo de Norvival,PR,80.9,162.7,30.56,128,83,61,36.5,False,False,True,Doença cardiovascular,NUNCA_FUMOU,MODERADO,MODERADA,RUIM,10.0,False,False,True,True,False,False,False,2,DISLIPIDEMIA,Sinvastatina,1,ALTA,77.1,4.5,220.5,139.3,54.4,133.8,0.88,12.7,2023-03-09,26.2,ALTO,Dislipidemia com LDL na meta (simulado),SEM_INTERCORRENCIA,False,train,SYNTHETIC,True
SYN-FEF7D9EA7F8E4483,49,M,Vila Urvalosa,CE,62.6,163.9,23.3,113,76,65,36.9,False,False,False,Sem histórico relevante,EX_FUMANTE,MODERADO,ATIVA,REGULAR,6.5,False,False,False,False,False,False,False,0,SEM_CONDICAO_CRONICA,,0,NAO_SE_APLICA,95.7,5.3,166.0,88.7,51.4,129.7,1.1,14.7,2024-03-29,5.2,BAIXO,Sem condição crônica identificada (simulado),SEM_INTERCORRENCIA,False,train,SYNTHETIC,True
SYN-E10B1A477FAE4748,46,M,Barra de Mirvival,RS,78.8,180.4,24.21,124,66,81,38.5,True,True,False,Diabetes; Hipertensão,NUNCA_FUMOU,NENHUM,MODERADA,REGULAR,7.5,False,False,False,False,False,False,True,1,INFECCAO_RESPIRATORIA_AGUDA,,0,NAO_SE_APLICA,96.5,4.5,143.4,102.3,24.1,84.9,0.94,15.9,2024-09-02,20.2,ALTO,Infecção respiratória aguda (simulado),SEM_INTERCORRENCIA,False,train,SYNTHETIC,True
SYN-170D750705EE41D4,69,F,Vale de Velmorém,PB,70.0,174.6,22.96,139,78,81,36.4,False,False,False,Sem histórico relevante,NUNCA_FUMOU,MODERADO,MODERADA,REGULAR,6.2,True,False,False,False,True,False,False,2,HIPERTENSAO,Budesonida,1,BAIXA,90.5,5.1,224.3,136.6,66.0,108.7,0.8,13.3,2024-12-08,49.4,MUITO_ALTO,Hipertensão arterial sistêmica controlada (simulado),SEM_INTERCORRENCIA,False,train,SYNTHETIC,True
SYN-750D112E81644EEC,65,F,Barra de Cendrinel,MA,56.4,158.6,22.42,146,75,90,36.7,True,True,False,Diabetes; Hipertensão,EX_FUMANTE,MODERADO,SEDENTARIO,REGULAR,7.6,True,False,False,False,False,False,False,1,HIPERTENSAO,,0,NAO_SE_APLICA,77.0,4.2,232.7,146.3,61.1,126.3,0.85,13.2,2024-06-13,47.2,MUITO_ALTO,Hipertensão arterial sistêmica não controlada (simulado),SEM_INTERCORRENCIA,False,train,SYNTHETIC,True
SYN-95560A2D37134466,55,M,Vila Urvalosa,CE,58.0,171.7,19.67,110,77,62,36.7,False,False,False,Sem histórico relevante,NUNCA_FUMOU,NENHUM,MODERADA,RUIM,8.0,False,False,False,False,False,False,False,0,SEM_CONDICAO_CRONICA,,0,NAO_SE_APLICA,85.4,4.9,193.8,133.3,44.9,77.8,1.0,14.6,2024-07-25,14.1,MODERADO,Sem condição crônica identificada (simulado),SEM_INTERCORRENCIA,False,train,SYNTHETIC,True
SYN-4806F8040CF0474C,75,M,Barra de Lumirelha,DF,65.9,167.8,23.4,160,97,79,36.6,True,True,False,Diabetes; Hipertensão,FUMANTE_ATUAL,MODERADO,SEDENTARIO,BOA,6.4,True,True,False,False,False,False,False,2,DIABETES_TIPO_2,,0,NAO_SE_APLICA,204.8,8.9,221.7,156.6,46.2,94.3,1.17,14.4,2023-04-04,86.1,MUITO_ALTO,Diabetes mellitus tipo 2 descompensado (simulado),INTERNACAO,True,train,SYNTHETIC,True
SYN-D7C4FE9CE1E04FFC,29,F,Barra de Mirvimar,SC,67.8,160.6,26.29,114,57,73,36.8,False,True,False,Hipertensão,NUNCA_FUMOU,MODERADO,SEDENTARIO,BOA,6.9,False,False,False,False,False,False,False,0,SEM_CONDICAO_CRONICA,,0,NAO_SE_APLICA,95.8,5.6,135.0,59.9,49.1,129.8,0.43,12.0,2023-01-05,2.8,BAIXO,Sem condição crônica identificada (simulado),SEM_INTERCORRENCIA,False,validation,SYNTHETIC,True
SYN-4926CE5F78784140,42,F,Barra de Tavrival,SE,42.9,150.2,19.02,101,61,86,38.1,True,False,False,Diabetes,NUNCA_FUMOU,MODERADO,ATIVA,REGULAR,6.0,False,False,False,False,False,False,True,1,INFECCAO_RESPIRATORIA_AGUDA,Paracetamol,1,ALTA,95.6,5.0,168.4,104.3,46.6,87.7,0.67,14.0,2023-08-20,3.8,BAIXO,Infecção respiratória aguda (simulado),SEM_INTERCORRENCIA,False,train,SYNTHETIC,True
SYN-1B84EDC3D8E049DE,35,M,Serra de Norvimar,ES,47.1,169.0,16.49,110,64,68,36.5,False,False,True,Doença cardiovascular,NUNCA_FUMOU,NENHUM,ATIVA,REGULAR,5.7,False,False,True,False,False,False,False,1,DISLIPIDEMIA,Sinvastatina,1,MEDIA,117.6,5.6,203.8,106.9,71.5,126.8,0.81,13.8,2023-09-22,4.2,BAIXO,Dislipidemia com LDL na meta (simulado),SEM_INTERCORRENCIA,False,train,SYNTHETIC,True
SYN-43B47EE5E1E84E7E,33,M,Serra de Solvunda,AL,54.8,169.0,19.19,108,60,64,36.9,False,True,False,Hipertensão,NUNCA_FUMOU,ELEVADO,ATIVA,REGULAR,8.1,False,False,False,False,False,False,False,0,SEM_CONDICAO_CRONICA,,0,NAO_SE_APLICA,91.5,4.6,133.6,51.6,58.7,116.3,0.62,14.9,2023-11-16,2.5,BAIXO,Sem condição crônica identificada (simulado),SEM_INTERCORRENCIA,False,validation,SYNTHETIC,True
SYN-673BA8BDC38C4DEC,42,M,Alto de Pelvival,RJ,65.8,164.9,24.2,113,75,80,36.9,True,True,True,Diabetes; Hipertensão; Doença cardiovascular,FUMANTE_ATUAL,MODERADO,SEDENTARIO,REGULAR,6.4,False,False,False,False,False,False,False,0,SEM_CONDICAO_CRONICA,,0,NAO_SE_APLICA,70.4,4.0,143.0,57.6,51.5,169.7,0.9,14.4,2024-05-01,10.2,MODERADO,Sem condição crônica identificada (simulado),SEM_INTERCORRENCIA,False,test,SYNTHETIC,True
SYN-0D18AB95668C4477,72,M,Barra de Solvunda,RR,67.3,163.9,25.05,124,80,74,36.9,False,False,False,Sem histórico relevante,EX_FUMANTE,NENHUM,SEDENTARIO,BOA,4.3,False,False,True,False,False,False,False,1,DISLIPIDEMIA,,0,NAO_SE_APLICA,80.1,4.7,237.2,157.4,40.4,197.2,0.9,15.6,2023-03-14,51.6,MUITO_ALTO,Dislipidemia com LDL na meta (simulado),SEM_INTERCORRENCIA,False,validation,SYNTHETIC,True
SYN-5CCE5BA931D44E09,79,F,Alto de Orvalival,MA,70.4,158.2,28.13,135,82,90,36.9,False,True,False,Hipertensão,NUNCA_FUMOU,NENHUM,SEDENTARIO,RUIM,8.9,False,False,True,False,False,False,False,1,DISLIPIDEMIA,Sinvastatina,1,MEDIA,93.5,4.5,208.1,104.7,62.1,206.6,0.86,12.9,2023-03-18,61.8,MUITO_ALTO,Dislipidemia com LDL na meta (simulado),INTERNACAO,True,train,SYNTHETIC,True
SYN-62E7C1A612D24A06,42,F,Serra de Norvimar,ES,80.2,168.4,28.28,94,56,60,36.5,False,True,False,Hipertensão,NUNCA_FUMOU,NENHUM,ATIVA,RUIM,6.1,False,False,True,False,False,False,False,1,DISLIPIDEMIA,Atorvastatina,1,ALTA,91.0,5.1,187.1,109.5,48.7,144.6,0.7,12.2,2024-09-06,4.3,BAIXO,Dislipidemia com LDL na meta (simulado),SEM_INTERCORRENCIA,False,train,SYNTHETIC,True
SYN-8CC36F3BC3AF4CFE,80,F,Vale de Quirelorém,PB,77.1,158.4,30.73,149,84,74,36.1,False,False,False,Sem histórico relevante,EX_FUMANTE,NENHUM,MODERADA,REGULAR,6.7,True,False,True,True,False,True,False,4,DOENCA_RENAL_CRONICA,Sinvastatina,1,ALTA,89.9,4.7,194.6,111.0,50.8,164.2,1.76,13.2,2024-02-28,86.9,MUITO_ALTO,Doença renal crônica (simulado),EVENTO_CARDIOVASCULAR,True,test,SYNTHETIC,True
SYN-9F8CC29FFD354C5F,49,F,Campo de Ibirosa,CE,82.4,158.9,32.63,133,80,72,36.5,False,True,True,Hipertensão; Doença cardiovascular,EX_FUMANTE,MODERADO,ATIVA,RUIM,8.8,True,False,False,True,False,False,False,2,HIPERTENSAO,Enalapril,1,ALTA,90.5,4.2,158.7,61.6,64.7,162.1,0.76,12.4,2023-09-23,9.8,BAIXO,Hipertensão arterial sistêmica controlada (simulado),SEM_INTERCORRENCIA,False,train,SYNTHETIC,True
SYN-20F0156A1E6A4628,78,F,Serra de Solvunda,AL,49.8,154.6,20.84,131,74,80,36.8,True,False,False,Diabetes,NUNCA_FUMOU,MODERADO,SEDENTARIO,REGULAR,6.8,True,False,True,False,False,False,False,2,HIPERTENSAO,Losartana; Hidroclorotiazida,2,ALTA,81.9,5.0,229.1,158.4,46.4,121.3,0.7,13.4,2024-09-01,54.9,MUITO_ALTO,Hipertensão arterial sistêmica controlada (simulado),SEM_INTERCORRENCIA,False,train,SYNTHETIC,True
SYN-5F89ED1264D64FBF,46,F,Alto de Tavrinel,RS,47.6,153.9,20.1,99,60,69,36.8,False,False,False,Sem histórico relevante,NUNCA_FUMOU,NENHUM,MODERADA,BOA,6.8,False,False,False,False,False,False,False,0,SEM_CONDICAO_CRONICA,,0,NAO_SE_APLICA,92.1,4.0,187.0,100.6,64.2,111.2,0.82,14.5,2024-05-05,5.8,BAIXO,Sem condição crônica identificada (simulado),SEM_INTERCORRENCIA,False,test,SYNTHETIC,True
SYN-8ECE112856CE4B42,50,F,Barra de Mirvério,MT,64.5,148.1,29.41,108,70,84,36.4,True,True,False,Diabetes; Hipertensão,NUNCA_FUMOU,ELEVADO,MODERADA,RUIM,5.6,True,False,False,False,False,False,False,1,HIPERTENSAO,Hidroclorotiazida; Anlodipino,2,MEDIA,103.7,5.2,178.7,101.1,58.7,94.4,1.08,12.5,2024-09-04,9.7,BAIXO,Hipertensão arterial sistêmica controlada (simulado),SEM_INTERCORRENCIA,False,train,SYNTHETIC,True
SYN-24EEB4A6C14545C7,54,M,Serra de Zanvival,SP,77.1,176.5,24.75,134,70,57,36.3,False,True,False,Hipertensão,NUNCA_FUMOU,NENHUM,SEDENTARIO,REGULAR,5.2,False,False,False,False,False,False,False,0,SEM_CONDICAO_CRONICA,,0,NAO_SE_APLICA,105.5,5.4,176.6,88.8,44.9,214.5,1.14,14.7,2024-04-14,27.9,ALTO,Sem condição crônica identificada (simulado),SEM_INTERCORRENCIA,False,train,SYNTHETIC,True
SYN-66C14DCA82554A61,39,F,Alto de Falvinel,AL,61.5,153.6,26.07,111,63,57,36.3,False,True,False,Hipertensão,NUNCA_FUMOU,MODERADO,ATIVA,REGULAR,6.8,False,False,False,False,False,False,False,0,SEM_CONDICAO_CRONICA,,0,NAO_SE_APLICA,105.6,4.5,178.9,100.1,54.5,121.6,0.83,12.8,2024-01-05,7.2,BAIXO,Sem condição crônica identificada (simulado),SEM_INTERCORRENCIA,False,train,SYNTHETIC,True
SYN-09F644050B994034,62,F,Barra de Falvosa,PR,67.4,160.8,26.07,144,84,78,36.4,False,True,False,Hipertensão,NUNCA_FUMOU,ELEVADO,MODERADA,BOA,7.4,True,False,False,False,False,False,False,1,HIPERTENSAO,Enalapril; Losartana,2,ALTA,81.7,4.6,216.8,133.4,59.6,118.8,0.81,13.3,2024-10-30,50.4,MUITO_ALTO,Hipertensão arterial sistêmica não controlada (simulado),SEM_INTERCORRENCIA,False,test,SYNTHETIC,True
SYN-CDD0B4D4554247DE,36,M,Alto de Jaquelanda,BA,87.4,164.7,32.22,126,86,68,36.0,False,True,False,Hipertensão,NUNCA_FUMOU,ELEVADO,SEDENTARIO,REGULAR,7.3,False,True,False,True,False,False,False,2,DIABETES_TIPO_2,Metformina,1,ALTA,118.1,5.5,180.8,93.8,57.4,148.1,0.88,14.7,2024-12-25,14.5,MODERADO,Diabetes mellitus tipo 2 compensado (simulado),SEM_INTERCORRENCIA,False,train,SYNTHETIC,True
SYN-2620F9A974FD43D1,64,M,Lago de Belvanda,AC,85.2,161.3,32.75,118,78,83,38.6,False,False,False,Sem histórico relevante,NUNCA_FUMOU,MODERADO,SEDENTARIO,RUIM,6.5,False,False,False,True,False,False,True,2,INFECCAO_RESPIRATORIA_AGUDA,Paracetamol,1,ALTA,89.1,4.6,146.7,50.9,41.6,271.1,0.98,15.7,2024-06-26,46.8,MUITO_ALTO,Infecção respiratória aguda (simulado),SEM_INTERCORRENCIA,False,train,SYNTHETIC,True
SYN-23C8AFDB83F84F16,42,M,Lago de Jaquelério,BA,92.0,184.3,27.09,89,57,63,36.6,False,False,False,Sem histórico relevante,NUNCA_FUMOU,MODERADO,ATIVA,REGULAR,7.0,False,False,True,False,False,False,False,1,DISLIPIDEMIA,,0,NAO_SE_APLICA,95.9,5.4,187.4,109.0,57.0,107.2,0.99,14.2,2024-04-05,7.6,BAIXO,Dislipidemia com LDL na meta (simulado),SEM_INTERCORRENCIA,False,train,SYNTHETIC,True
SYN-518B2F219CF24859,40,M,Lago de Belvanda,AC,76.0,184.4,22.35,109,68,83,37.8,True,False,False,Diabetes,FUMANTE_ATUAL,NENHUM,MODERADA,REGULAR,5.0,False,False,False,False,False,False,True,1,INFECCAO_RESPIRATORIA_AGUDA,Amoxicilina,1,ALTA,88.6,4.8,211.1,141.9,53.3,79.4,0.81,16.1,2023-01-26,10.9,MODERADO,Infecção respiratória aguda (simulado),SEM_INTERCORRENCIA,False,validation,SYNTHETIC,True
SYN-9DD2F9DEFD984E33,63,M,Barra de Falvosa,PR,66.6,165.5,24.32,119,71,78,36.5,True,False,False,Diabetes,NUNCA_FUMOU,NENHUM,MODERADA,BOA,7.5,False,False,False,False,False,False,False,0,SEM_CONDICAO_CRONICA,,0,NAO_SE_APLICA,87.8,4.6,175.0,109.2,36.7,145.3,1.07,16.4,2024-09-27,18.5,MODERADO,Sem condição crônica identificada (simulado),SEM_INTERCORRENCIA,False,train,SYNTHETIC,True
SYN-97FE56C54C9A4F24,49,F,Lago de Quirelério,ES,54.9,153.1,23.42,119,78,80,36.4,False,False,True,Doença cardiovascular,NUNCA_FUMOU,NENHUM,MODERADA,REGULAR,7.2,False,False,False,False,False,False,False,0,SEM_CONDICAO_CRONICA,,0,NAO_SE_APLICA,102.7,5.1,186.1,108.5,54.8,114.1,0.71,13.5,2023-04-24,12.2,MODERADO,Sem condição crônica identificada (simulado),SEM_INTERCORRENCIA,False,train,SYNTHETIC,True
SYN-827C9F8CD40A45E9,53,F,Lago de Cendralena,RO,52.8,160.6,20.47,102,65,77,36.4,False,False,False,Sem histórico relevante,NUNCA_FUMOU,NENHUM,SEDENTARIO,REGULAR,9.2,False,False,False,False,False,False,False,0,SEM_CONDICAO_CRONICA,,0,NAO_SE_APLICA,89.8,5.4,244.1,177.9,50.5,78.5,0.6,12.4,2023-01-24,15.6,MODERADO,Sem condição crônica identificada (simulado),SEM_INTERCORRENCIA,False,train,SYNTHETIC,True
SYN-901BCDEFB56F48CE,48,M,Vila Urvalosa,CE,92.1,180.6,28.24,125,83,76,36.4,False,True,False,Hipertensão,NUNCA_FUMOU,NENHUM,ATIVA,BOA,7.0,True,False,False,False,False,False,False,1,HIPERTENSAO,Losartana,1,ALTA,91.9,5.0,205.9,153.0,32.9,100.1,0.9,14.8,2023-11-22,15.5,MODERADO,Hipertensão arterial sistêmica controlada (simulado),SEM_INTERCORRENCIA,False,train,SYNTHETIC,True
SYN-044251DBD0D44A67,54,F,Nova Zanvinel,RR,68.9,160.8,26.65,123,66,58,36.8,True,True,False,Diabetes; Hipertensão,FUMANTE_ATUAL,NENHUM,ATIVA,REGULAR,6.0,False,False,False,False,False,False,False,0,SEM_CONDICAO_CRONICA,,0,NAO_SE_APLICA,94.1,4.6,130.4,41.4,68.1,104.4,0.96,13.1,2023-02-26,9.9,BAIXO,Sem condição crônica identificada (simulado),SEM_INTERCORRENCIA,False,train,SYNTHETIC,True
SYN-1C0F0BDCAC7E437C,55,F,Vila Urvalelha,SP,66.1,156.0,27.16,131,73,77,36.6,False,True,True,Hipertensão; Doença cardiovascular,NUNCA_FUMOU,ELEVADO,SEDENTARIO,RUIM,6.9,False,False,False,False,False,False,False,0,SEM_CONDICAO_CRONICA,,0,NAO_SE_APLICA,96.6,4.8,237.5,169.6,43.6,121.6,0.83,15.0,2023-03-09,43.3,MUITO_ALTO,Sem condição crônica identificada (simulado),SEM_INTERCORRENCIA,False,train,SYNTHETIC,True
SYN-4EC3F970956D40E4,62,F,Serra de Norvimar,ES,79.5,159.2,31.37,134,82,84,37.6,False,True,True,Hipertensão; Doença cardiovascular,NUNCA_FUMOU,ELEVADO,MODERADA,REGULAR,6.6,True,False,False,True,False,False,False,2,HIPERTENSAO,Enalapril,1,MEDIA,97.7,4.6,198.0,93.0,59.1,229.4,0.41,13.1,2023-12-05,43.5,MUITO_ALTO,Hipertensão arterial sistêmica controlada (simulado),INTERNACAO,True,train,SYNTHETIC,True
SYN-DF41E335B9AE48E4,59,F,Barra de Xervunda,RJ,50.6,146.7,23.51,131,80,88,36.5,True,True,False,Diabetes; Hipertensão,FUMANTE_ATUAL,MODERADO,SEDENTARIO,BOA,7.5,True,False,False,False,False,False,False,1,HIPERTENSAO,Hidroclorotiazida,1,ALTA,103.6,5.1,202.9,131.7,45.2,130.0,0.75,14.6,2023-10-14,58.9,MUITO_ALTO,Hipertensão arterial sistêmica controlada (simulado),SEM_INTERCORRENCIA,False,train,SYNTHETIC,True
SYN-98CF118806D24913,31,F,Vila Quirelunda,MG,44.6,159.1,17.62,125,87,89,36.7,True,False,False,Diabetes,EX_FUMANTE,MODERADO,SEDENTARIO,REGULAR,7.0,True,False,False,False,False,False,False,1,HIPERTENSAO,,0,NAO_SE_APLICA,76.6,4.9,189.9,94.3,70.4,126.1,0.82,13.3,2023-04-04,3.5,BAIXO,Hipertensão arterial sistêmica controlada (simulado),SEM_INTERCORRENCIA,False,train,SYNTHETIC,True
SYN-A7D4CF50F79141E5,23,F,Vale de Cendrorém,SE,66.5,157.4,26.84,116,60,67,36.5,False,False,False,Sem histórico relevante,EX_FUMANTE,NENHUM,MODERADA,REGULAR,5.6,False,False,False,False,False,False,False,0,SEM_CONDICAO_CRONICA,,0,NAO_SE_APLICA,93.4,4.8,203.8,130.3,53.5,99.9,0.65,13.2,2024-12-15,2.4,BAIXO,Sem condição crônica identificada (simulado),SEM_INTERCORRENCIA,False,train,SYNTHETIC,True
SYN-9416E4DCC6B24DEF,47,M,Alto de Falvelha,SC,55.5,175.3,18.06,107,64,90,37.3,False,True,False,Hipertensão,NUNCA_FUMOU,NENHUM,ATIVA,REGULAR,5.2,True,False,False,False,False,False,True,2,HIPERTENSAO,Enalapril; Losartana; Paracetamol; Amoxicilina,4,ALTA,87.3,4.2,185.6,94.9,69.3,107.0,1.04,14.4,2023-06-01,13.7,MODERADO,Hipertensão arterial sistêmica controlada (simulado),INTERNACAO,True,train,SYNTHETIC,True
SYN-0D259CAAB8AD4D87,49,M,Vila Mirvanda,PB,66.3,161.4,25.45,85,54,72,37.1,False,False,False,Sem histórico relevante,NUNCA_FUMOU,MODERADO,SEDENTARIO,REGULAR,7.3,False,False,False,False,False,False,False,0,SEM_CONDICAO_CRONICA,,0,NAO_SE_APLICA,87.4,4.8,147.1,92.8,41.4,64.7,0.94,14.5,2023-05-31,4.3,BAIXO,Sem condição crônica identificada (simulado),SEM_INTERCORRENCIA,False,train,SYNTHETIC,True
SYN-863417182BA64DB3,36,F,Vale de Orvalunda,TO,60.7,157.3,24.53,108,67,77,36.9,False,False,False,Sem histórico relevante,EX_FUMANTE,MODERADO,MODERADA,REGULAR,8.5,False,False,False,False,False,False,False,0,SEM_CONDICAO_CRONICA,,0,NAO_SE_APLICA,96.7,4.9,192.5,113.9,55.5,115.6,0.76,14.1,2024-08-12,2.4,BAIXO,Sem condição crônica identificada (simulado),SEM_INTERCORRENCIA,False,train,SYNTHETIC,True
SYN-C64C96479EA7417C,62,M,Vila Relvosa,RS,80.8,172.7,27.09,119,82,84,36.1,False,False,False,Sem histórico relevante,NUNCA_FUMOU,NENHUM,MODERADA,REGULAR,7.1,False,False,False,False,False,False,False,0,SEM_CONDICAO_CRONICA,,0,NAO_SE_APLICA,102.2,5.4,155.1,69.6,61.1,122.1,1.04,14.1,2024-05-30,10.6,MODERADO,Sem condição crônica identificada (simulado),SEM_INTERCORRENCIA,False,train,SYNTHETIC,True
SYN-D25864F225D440FC,25,F,Nova Aurival,PI,81.7,167.1,29.26,98,67,69,36.3,False,False,False,Sem histórico relevante,EX_FUMANTE,MODERADO,SEDENTARIO,RUIM,7.9,False,False,True,False,True,False,False,2,DISLIPIDEMIA,Sinvastatina,1,MEDIA,85.7,4.5,254.4,143.6,43.7,335.6,0.61,14.2,2023-09-17,3.8,BAIXO,Dislipidemia com LDL na meta (simulado),SEM_INTERCORRENCIA,False,test,SYNTHETIC,True
SYN-9293F70508154147,41,M,Serra de Dorvorém,RO,72.4,169.9,25.08,109,57,65,39.0,False,True,False,Hipertensão,EX_FUMANTE,MODERADO,ATIVA,REGULAR,8.1,True,False,False,False,False,False,True,2,HIPERTENSAO,Enalapril; Paracetamol,2,MEDIA,105.2,5.8,175.3,84.9,52.4,190.2,1.02,16.2,2023-07-10,6.1,BAIXO,Hipertensão arterial sistêmica controlada (simulado),SEM_INTERCORRENCIA,False,train,SYNTHETIC,True
SYN-30D73DF71C224CEA,38,M,Lago de Norvimar,SE,68.5,169.5,23.84,105,73,84,36.4,False,False,True,Doença cardiovascular,NUNCA_FUMOU,NENHUM,ATIVA,BOA,7.3,False,False,False,False,False,False,False,0,SEM_CONDICAO_CRONICA,,0,NAO_SE_APLICA,76.8,4.0,182.8,106.5,56.9,97.1,1.13,14.2,2024-10-29,6.6,BAIXO,Sem condição crônica identificada (simulado),SEM_INTERCORRENCIA,False,train,SYNTHETIC,True
SYN-6B352F85504E4687,47,F,Serra de Relvorém,RR,56.4,156.8,22.94,112,77,80,36.1,False,False,False,Sem histórico relevante,NUNCA_FUMOU,NENHUM,SEDENTARIO,REGULAR,6.1,False,False,False,False,True,False,False,1,ASMA,Budesonida,1,ALTA,94.8,4.5,168.9,97.8,55.6,77.7,0.82,14.4,2023-01-25,2.6,BAIXO,Asma (simulado),SEM_INTERCORRENCIA,False,train,SYNTHETIC,True
SYN-34323EC6B0C4401C,53,M,Campo de Xervalena,PI,75.7,168.1,26.79,119,73,90,38.5,True,False,False,Diabetes,NUNCA_FUMOU,MODERADO,SEDENTARIO,BOA,7.2,False,False,True,False,False,False,True,2,INFECCAO_RESPIRATORIA_AGUDA,Paracetamol,1,ALTA,82.4,4.8,234.7,166.3,43.4,124.9,1.01,15.8,2024-04-13,47.6,MUITO_ALTO,Infecção respiratória aguda (simulado),SEM_INTERCORRENCIA,False,train,SYNTHETIC,True
SYN-9C89D374C66445A7,31,M,Vila Relvosa,RS,44.9,165.0,16.49,85,50,81,38.9,True,False,True,Diabetes; Doença cardiovascular,NUNCA_FUMOU,MODERADO,ATIVA,REGULAR,8.3,False,False,False,False,False,False,True,1,INFECCAO_RESPIRATORIA_AGUDA,Amoxicilina,1,ALTA,82.1,4.0,194.1,127.5,51.2,76.9,0.81,15.7,2023-03-13,5.1,BAIXO,Infecção respiratória aguda (simulado),SEM_INTERCORRENCIA,False,test,SYNTHETIC,True
SYN-D92F3C1EDF704B2A,60,M,Alto de Quirelorém,PE,85.8,159.2,33.85,110,68,57,36.6,False,False,False,Sem histórico relevante,EX_FUMANTE,ELEVADO,SEDENTARIO,REGULAR,7.6,False,False,False,True,False,False,False,1,OBESIDADE,,0,NAO_SE_APLICA,92.8,4.8,174.0,81.2,47.6,226.2,1.14,14.2,2023-01-03,18.3,MODERADO,Obesidade (simulado),SEM_INTERCORRENCIA,False,validation,SYNTHETIC,True
SYN-B4ADAF890FF14A9F,49,M,Campo de Zanvinel,RO,65.6,173.0,21.92,124,76,93,38.8,False,True,False,Hipertensão,EX_FUMANTE,MODERADO,SEDENTARIO,RUIM,7.8,False,False,True,False,False,False,True,2,INFECCAO_RESPIRATORIA_AGUDA,Atorvastatina; Paracetamol; Amoxicilina,3,ALTA,85.6,4.9,212.3,134.8,44.6,164.6,0.92,14.7,2023-03-17,34.4,ALTO,Infecção respiratória aguda (simulado),SEM_INTERCORRENCIA,False,test,SYNTHETIC,True
SYN-8F96468535144890,60,M,Barra de Orvalival,RR,69.3,169.9,24.01,120,78,62,36.9,False,True,True,Hipertensão; Doença cardiovascular,NUNCA_FUMOU,MODERADO,ATIVA,RUIM,6.5,False,False,False,False,False,True,False,1,DOENCA_RENAL_CRONICA,,0,NAO_SE_APLICA,64.0,4.0,200.9,114.6,60.7,128.0,1.5,13.7,2024-02-16,38.0,ALTO,Doença renal crônica (simulado),SEM_INTERCORRENCIA,False,train,SYNTHETIC,True
SYN-7A768555A9874218,32,F,Barra de Lumirelha,DF,51.8,168.9,18.16,104,52,67,36.6,False,False,False,Sem histórico relevante,EX_FUMANTE,MODERADO,ATIVA,RUIM,6.8,False,False,False,False,False,False,False,0,SEM_CONDICAO_CRONICA,,0,NAO_SE_APLICA,93.8,4.9,185.1,96.8,64.5,119.0,0.81,15.3,2023-08-07,1.4,BAIXO,Sem condição crônica identificada (simulado),INTERNACAO,True,train,SYNTHETIC,True
SYN-F4E9573450524700,48,M,Campo de Ibirorém,RN,64.3,172.4,21.63,99,56,72,37.1,True,True,False,Diabetes; Hipertensão,NUNCA_FUMOU,NENHUM,MODERADA,REGULAR,6.9,False,False,False,False,False,False,False,0,SEM_CONDICAO_CRONICA,,0,NAO_SE_APLICA,96.2,4.5,167.2,100.3,52.9,70.2,1.1,14.8,2024-05-20,5.7,BAIXO,Sem condição crônica identificada (simulado),SEM_INTERCORRENCIA,False,validation,SYNTHETIC,True
SYN-887B03E5E9804808,44,M,Alto de Lumiralena,PB,67.6,169.9,23.42,112,74,45,36.7,False,False,True,Doença cardiovascular,EX_FUMANTE,MODERADO,MODERADA,BOA,6.9,False,False,False,False,False,False,False,0,SEM_CONDICAO_CRONICA,,0,NAO_SE_APLICA,88.2,4.1,251.4,177.8,57.2,81.9,1.09,14.6,2024-12-03,15.2,MODERADO,Sem condição crônica identificada (simulado),SEM_INTERCORRENCIA,False,validation,SYNTHETIC,True
SYN-AD05B9125AB24D4A,46,M,Vale de Cendralena,MG,57.3,168.8,20.11,107,74,71,36.9,False,False,False,Sem histórico relevante,NUNCA_FUMOU,MODERADO,ATIVA,BOA,8.3,False,False,False,False,False,False,False,0,SEM_CONDICAO_CRONICA,,0,NAO_SE_APLICA,86.6,4.3,220.5,148.5,49.2,114.0,1.09,13.7,2023-01-29,7.4,BAIXO,Sem condição crônica identificada (simulado),SEM_INTERCORRENCIA,False,validation,SYNTHETIC,True
SYN-AE455CC6B88E430F,48,F,Vila Cendranda,GO,85.9,168.0,30.44,112,72,74,36.4,False,False,True,Doença cardiovascular,EX_FUMANTE,MODERADO,MODERADA,RUIM,4.4,False,False,False,True,False,False,False,1,OBESIDADE,,0,NAO_SE_APLICA,88.0,4.6,214.6,131.9,63.0,98.6,0.63,12.2,2024-03-29,15.5,MODERADO,Obesidade (simulado),SEM_INTERCORRENCIA,False,train,SYNTHETIC,True
SYN-43AD3D62B17C4B21,52,M,Nova Velmério,RJ,80.5,176.8,25.75,102,70,75,37.1,True,True,True,Diabetes; Hipertensão; Doença cardiovascular,EX_FUMANTE,NENHUM,MODERADA,REGULAR,7.0,False,True,True,False,False,False,False,2,DIABETES_TIPO_2,Atorvastatina,1,ALTA,140.2,6.3,226.3,156.7,45.6,120.1,0.89,14.1,2024-10-27,47.8,MUITO_ALTO,Diabetes mellitus tipo 2 compensado (simulado),SEM_INTERCORRENCIA,False,train,SYNTHETIC,True
SYN-F514105831384975,64,F,Barra de Cendrunda,MG,67.5,166.2,24.44,113,71,65,36.6,False,False,False,Sem histórico relevante,NUNCA_FUMOU,ELEVADO,ATIVA,RUIM,6.9,False,False,False,False,False,False,False,0,SEM_CONDICAO_CRONICA,,0,NAO_SE_APLICA,73.5,4.6,209.0,145.8,48.4,74.1,0.68,13.6,2023-03-31,34.7,ALTO,Sem condição crônica identificada (simulado),SEM_INTERCORRENCIA,False,train,SYNTHETIC,True
SYN-4C6A70F48EDE444D,29,M,Vale de Quirelorém,PB,66.6,172.4,22.41,128,81,72,37.1,False,True,True,Hipertensão; Doença cardiovascular,NUNCA_FUMOU,ELEVADO,MODERADA,BOA,5.5,False,False,False,False,False,False,False,0,SEM_CONDICAO_CRONICA,,0,NAO_SE_APLICA,96.6,5.0,170.8,97.4,44.0,147.2,0.73,13.4,2023-11-02,8.4,BAIXO,Sem condição crônica identificada (simulado),SEM_INTERCORRENCIA,False,validation,SYNTHETIC,True
SYN-FB756923F9104BB3,28,F,Alto de Orvalival,MA,70.5,155.0,29.34,110,69,77,37.0,False,True,False,Hipertensão,FUMANTE_ATUAL,NENHUM,MODERADA,RUIM,7.7,False,False,False,False,False,False,False,0,SEM_CONDICAO_CRONICA,,0,NAO_SE_APLICA,100.7,5.0,112.2,40.7,49.5,109.9,0.89,12.5,2023-02-21,3.0,BAIXO,Sem condição crônica identificada (simulado),SEM_INTERCORRENCIA,False,validation,SYNTHETIC,True
SYN-B474634949FC4CD8,29,M,Vila Cendrelha,AC,80.7,169.3,28.16,118,75,74,36.7,False,True,False,Hipertensão,NUNCA_FUMOU,NENHUM,MODERADA,RUIM,6.2,False,False,False,False,False,False,False,0,SEM_CONDICAO_CRONICA,,0,NAO_SE_APLICA,96.2,4.5,152.5,75.9,50.4,130.9,0.79,12.9,2023-03-20,4.1,BAIXO,Sem condição crônica identificada (simulado),SEM_INTERCORRENCIA,False,train,SYNTHETIC,True
SYN-7D2F4E58B47A4C5B,53,M,Alto de Quirelorém,PE,66.0,180.1,20.35,111,59,76,36.7,False,False,True,Doença cardiovascular,EX_FUMANTE,NENHUM,MODERADA,REGULAR,6.6,False,False,False,False,False,False,False,0,SEM_CONDICAO_CRONICA,,0,NAO_SE_APLICA,92.3,4.9,250.8,193.1,44.4,66.7,0.87,16.2,2024-12-10,21.6,ALTO,Sem condição crônica identificada (simulado),INTERNACAO,True,train,SYNTHETIC,True
SYN-8F7C1D59594B4A3A,69,F,Vila Urvalério,GO,67.3,165.3,24.63,128,80,82,36.5,False,False,False,Sem histórico relevante,FUMANTE_ATUAL,MODERADO,SEDENTARIO,REGULAR,9.0,True,False,False,False,False,False,False,1,HIPERTENSAO,Losartana; Hidroclorotiazida,2,ALTA,97.0,5.7,229.1,151.1,53.2,124.2,0.86,13.3,2023-07-02,67.1,MUITO_ALTO,Hipertensão arterial sistêmica controlada (simulado),EVENTO_CARDIOVASCULAR,True,validation,SYNTHETIC,True
SYN-B8BEFF3DCB9F4F6D,41,F,Vila Orvalorém,PI,76.0,162.3,28.85,112,61,96,36.4,False,True,True,Hipertensão; Doença cardiovascular,FUMANTE_ATUAL,MODERADO,SEDENTARIO,RUIM,8.1,False,False,True,False,False,False,False,1,DISLIPIDEMIA,Sinvastatina,1,MEDIA,97.4,4.8,215.6,122.6,61.1,159.4,0.66,13.5,2023-05-06,24.7,ALTO,Dislipidemia com LDL na meta (simulado),SEM_INTERCORRENCIA,False,train,SYNTHETIC,True
SYN-92CF60211F33442D,65,F,Campo de Mirvosa,PA,68.5,154.3,28.77,148,91,69,36.8,False,False,False,Sem histórico relevante,NUNCA_FUMOU,NENHUM,SEDENTARIO,REGULAR,7.6,True,True,True,False,True,False,False,4,DIABETES_TIPO_2,Enalapril; Losartana; Metformina; Budesonida,4,MEDIA,120.0,5.6,185.8,67.9,65.4,262.4,1.12,12.1,2024-10-16,72.1,MUITO_ALTO,Diabetes mellitus tipo 2 compensado (simulado),INTERNACAO,True,train,SYNTHETIC,True
SYN-E5508EA26133434D,19,M,Alto de Quirelorém,PE,56.0,174.8,18.33,104,60,79,38.4,False,True,True,Hipertensão; Doença cardiovascular,NUNCA_FUMOU,MODERADO,ATIVA,RUIM,7.4,False,False,False,False,False,False,True,1,INFECCAO_RESPIRATORIA_AGUDA,Amoxicilina,1,BAIXA,90.3,4.4,200.4,130.6,54.6,76.2,0.83,16.0,2023-07-17,1.5,BAIXO,Infecção respiratória aguda (simulado),SEM_INTERCORRENCIA,False,validation,SYNTHETIC,True
SYN-585ABEFBD1814F77,34,M,Barra de Pelvelha,MA,70.9,159.5,27.87,107,68,90,36.1,False,False,False,Sem histórico relevante,FUMANTE_ATUAL,NENHUM,MODERADA,RUIM,6.8,False,False,True,False,False,False,False,1,DISLIPIDEMIA,,0,NAO_SE_APLICA,88.1,5.1,215.8,118.4,56.8,203.0,0.98,16.3,2023-07-23,6.8,BAIXO,Dislipidemia com LDL na meta (simulado),SEM_INTERCORRENCIA,False,train,SYNTHETIC,True
SYN-257F7595CDFB4DB9,39,F,Serra de Esmirunda,MA,61.3,162.3,23.27,106,59,75,36.6,False,True,False,Hipertensão,NUNCA_FUMOU,MODERADO,SEDENTARIO,RUIM,9.2,False,False,False,False,False,False,False,0,SEM_CONDICAO_CRONICA,,0,NAO_SE_APLICA,87.0,5.0,210.1,142.3,50.4,86.8,0.65,13.3,2024-09-07,7.3,BAIXO,Sem condição crônica identificada (simulado),SEM_INTERCORRENCIA,False,train,SYNTHETIC,True
SYN-F48F709C49A24441,41,F,Alto de Xervanda,RO,91.7,172.3,30.89,127,74,84,36.9,False,False,False,Sem histórico relevante,NUNCA_FUMOU,NENHUM,SEDENTARIO,REGULAR,7.9,False,False,False,True,False,False,False,1,OBESIDADE,,0,NAO_SE_APLICA,101.7,5.0,154.3,93.9,34.9,127.6,0.55,12.7,2024-07-08,11.9,MODERADO,Obesidade (simulado),SEM_INTERCORRENCIA,False,train,SYNTHETIC,True
SYN-EC8BE53758AB4778,49,F,Alto de Tavrinel,RS,68.2,157.6,27.46,88,59,77,37.0,False,False,True,Doença cardiovascular,NUNCA_FUMOU,MODERADO,SEDENTARIO,BOA,6.2,False,False,True,False,False,False,False,1,DISLIPIDEMIA,,0,NAO_SE_APLICA,104.8,5.1,209.9,137.9,41.4,152.8,0.7,13.8,2024-02-10,17.5,MODERADO,Dislipidemia com LDL na meta (simulado),SEM_INTERCORRENCIA,False,train,SYNTHETIC,True
SYN-BF51936241A64FED,43,F,Alto de Falvelha,SC,49.1,163.5,18.37,112,71,65,36.8,False,False,False,Sem histórico relevante,EX_FUMANTE,MODERADO,ATIVA,REGULAR,5.5,False,False,False,False,False,False,False,0,SEM_CONDICAO_CRONICA,,0,NAO_SE_APLICA,67.2,4.0,211.0,133.6,59.2,91.0,0.68,13.9,2024-09-11,9.2,BAIXO,Sem condição crônica identificada (simulado),SEM_INTERCORRENCIA,False,test,SYNTHETIC,True
SYN-D3F4A49B33BA4A88,66,M,Alto de Orvalival,MA,73.6,173.9,24.34,126,81,85,36.1,False,True,False,Hipertensão,NUNCA_FUMOU,NENHUM,SEDENTARIO,BOA,7.6,False,False,False,False,False,False,False,0,SEM_CONDICAO_CRONICA,,0,NAO_SE_APLICA,87.5,4.6,249.4,175.4,50.2,118.9,0.97,15.7,2023-06-15,58.6,MUITO_ALTO,Sem condição crônica identificada (simulado),SEM_INTERCORRENCIA,False,train,SYNTHETIC,True
SYN-8FE069B6EEDA4802,37,M,Alto de Tavralena,PA,69.9,173.6,23.19,102,56,81,36.3,False,False,False,Sem histórico relevante,NUNCA_FUMOU,MODERADO,SEDENTARIO,REGULAR,6.9,False,False,True,False,False,False,False,1,DISLIPIDEMIA,Sinvastatina,1,BAIXA,86.8,5.0,195.9,129.7,41.3,124.3,0.75,15.5,2024-08-05,5.4,BAIXO,Dislipidemia com LDL na meta (simulado),SEM_INTERCORRENCIA,False,train,SYNTHETIC,True
SYN-1BF645F623244211,33,F,Alto de Tavranda,RN,59.2,158.9,23.45,112,59,53,36.5,False,False,False,Sem histórico relevante,NUNCA_FUMOU,ELEVADO,ATIVA,REGULAR,5.4,False,False,False,False,False,False,False,0,SEM_CONDICAO_CRONICA,,0,NAO_SE_APLICA,100.1,5.1,154.2,62.4,71.7,100.7,0.74,14.2,2024-04-30,2.5,BAIXO,Sem condição crônica identificada (simulado),SEM_INTERCORRENCIA,False,test,SYNTHETIC,True
SYN-3D4196FE963A4617,56,M,Barra de Dorvival,AP,73.2,171.1,25.0,123,68,78,37.0,False,False,True,Doença cardiovascular,EX_FUMANTE,MODERADO,SEDENTARIO,BOA,7.5,False,False,False,False,False,False,False,0,SEM_CONDICAO_CRONICA,,0,NAO_SE_APLICA,76.9,4.8,220.0,137.0,59.5,117.4,0.97,14.1,2024-02-22,23.8,ALTO,Sem condição crônica identificada (simulado),SEM_INTERCORRENCIA,False,train,SYNTHETIC,True
SYN-E7BA26ACAB7A4D1C,22,F,Barra de Orvalanda,SC,53.6,162.2,20.37,92,51,67,36.4,False,False,True,Doença cardiovascular,NUNCA_FUMOU,ELEVADO,SEDENTARIO,REGULAR,6.7,False,False,False,False,False,False,False,0,SEM_CONDICAO_CRONICA,,0,NAO_SE_APLICA,61.9,4.0,142.5,75.6,44.0,114.4,0.49,14.1,2023-09-29,1.5,BAIXO,Sem condição crônica identificada (simulado),SEM_INTERCORRENCIA,False,train,SYNTHETIC,True
SYN-3B9B2D45A35045E4,55,M,Serra de Mirvinel,SP,44.3,160.1,17.28,127,83,81,36.9,False,False,False,Sem histórico relevante,FUMANTE_ATUAL,MODERADO,ATIVA,BOA,7.6,False,False,False,False,False,True,False,1,DOENCA_RENAL_CRONICA,,0,NAO_SE_APLICA,95.5,4.1,157.7,69.6,71.1,85.0,2.32,13.3,2023-03-29,27.5,ALTO,Doença renal crônica (simulado),SEM_INTERCORRENCIA,False,test,SYNTHETIC,True
SYN-548E1F6B69CE4E4E,50,F,Nova Velminel,DF,63.9,154.1,26.91,120,80,103,38.0,False,True,False,Hipertensão,EX_FUMANTE,MODERADO,MODERADA,REGULAR,7.5,False,False,False,False,False,False,True,1,INFECCAO_RESPIRATORIA_AGUDA,Amoxicilina,1,BAIXA,99.1,6.0,196.4,138.0,41.3,85.4,0.88,10.7,2024-03-01,17.7,MODERADO,Infecção respiratória aguda (simulado),SEM_INTERCORRENCIA,False,test,SYNTHETIC,True
SYN-AE62990C19BD4F93,45,M,Lago de Quirelério,ES,62.0,156.0,25.48,116,64,92,36.8,False,False,False,Sem histórico relevante,FUMANTE_ATUAL,NENHUM,MODERADA,REGULAR,6.3,False,True,False,False,False,False,False,1,DIABETES_TIPO_2,Glibenclamida,1,ALTA,136.3,6.5,245.4,152.3,63.6,147.7,1.11,14.3,2024-08-09,50.6,MUITO_ALTO,Diabetes mellitus tipo 2 compensado (simulado),SEM_INTERCORRENCIA,False,train,SYNTHETIC,True
SYN-F6EAB3A001534221,75,M,Barra de Lumirimar,AL,82.5,177.5,26.19,129,87,78,36.3,False,True,False,Hipertensão,FUMANTE_ATUAL,MODERADO,MODERADA,REGULAR,7.7,False,False,False,False,False,False,False,0,SEM_CONDICAO_CRONICA,,0,NAO_SE_APLICA,89.2,5.0,175.2,99.7,46.7,144.1,0.8,14.2,2023-03-12,47.0,MUITO_ALTO,Sem condição crônica identificada (simulado),INTERNACAO,True,validation,SYNTHETIC,True
SYN-286ED390EDD94A1A,37,F,Barra de Solvunda,RR,59.2,158.5,23.56,117,78,63,36.5,False,False,False,Sem histórico relevante,NUNCA_FUMOU,NENHUM,ATIVA,REGULAR,6.5,False,False,False,False,False,False,False,0,SEM_CONDICAO_CRONICA,,0,NAO_SE_APLICA,103.4,5.0,173.4,101.3,58.9,66.1,0.65,13.4,2023-04-28,4.3,BAIXO,Sem condição crônica identificada (simulado),OBITO,True,test,SYNTHETIC,True
SYN-E1721C83EF5E4376,83,M,Campo de Ibirosa,CE,79.1,178.3,24.88,160,82,79,36.3,False,True,True,Hipertensão; Doença cardiovascular,EX_FUMANTE,NENHUM,SEDENTARIO,REGULAR,6.5,True,False,False,False,False,True,False,2,DOENCA_RENAL_CRONICA,Losartana,1,ALTA,80.3,4.0,205.3,148.6,42.9,69.0,1.95,14.6,2024-10-05,94.4,MUITO_ALTO,Doença renal crônica (simulado),INTERNACAO,True,train,SYNTHETIC,True
SYN-A689B4247A3A40E1,44,M,Alto de Quirelorém,PE,63.9,167.3,22.83,118,64,59,37.0,True,True,False,Diabetes; Hipertensão,NUNCA_FUMOU,NENHUM,ATIVA,BOA,6.4,False,True,False,False,False,False,False,1,DIABETES_TIPO_2,Glibenclamida,1,ALTA,142.2,6.6,173.4,107.6,44.8,105.0,0.89,15.0,2024-09-23,20.7,ALTO,Diabetes mellitus tipo 2 compensado (simulado),SEM_INTERCORRENCIA,False,train,SYNTHETIC,True
SYN-4988E418F6C34218,26,F,Serra de Aurimar,PB,91.4,168.3,32.27,123,65,96,36.4,False,False,False,Sem histórico relevante,FUMANTE_ATUAL,NENHUM,MODERADA,BOA,8.2,False,False,False,True,True,False,False,2,OBESIDADE,Budesonida,1,MEDIA,96.4,4.3,129.9,37.8,66.5,127.9,0.86,15.2,2024-03-11,2.7,BAIXO,Obesidade (simulado),SEM_INTERCORRENCIA,False,train,SYNTHETIC,True
SYN-0F25477DA55940E7,49,F,Alto de Lumirimar,MS,75.1,154.3,31.54,140,83,87,36.1,False,False,False,Sem histórico relevante,NUNCA_FUMOU,ELEVADO,SEDENTARIO,REGULAR,6.7,True,False,True,True,False,False,False,3,HIPERTENSAO,Enalapril; Losartana,2,BAIXA,78.8,4.3,246.1,185.7,42.8,88.0,0.7,12.7,2023-12-02,38.8,ALTO,Hipertensão arterial sistêmica não controlada (simulado),SEM_INTERCORRENCIA,False,train,SYNTHETIC,True
SYN-A6FD0CB116E645C0,30,M,Lago de Cendralena,RO,68.1,182.1,20.54,126,74,70,36.1,True,False,False,Diabetes,EX_FUMANTE,ELEVADO,ATIVA,BOA,8.5,False,False,False,False,False,False,False,0,SEM_CONDICAO_CRONICA,,0,NAO_SE_APLICA,83.8,4.9,186.2,115.8,46.9,117.6,0.85,12.8,2023-01-04,4.2,BAIXO,Sem condição crônica identificada (simulado),INTERNACAO,True,train,SYNTHETIC,True
SYN-BD1A8F4B88FF4D40,35,F,Serra de Relvorém,RR,50.4,156.2,20.66,96,59,84,36.6,False,False,False,Sem histórico relevante,FUMANTE_ATUAL,MODERADO,MODERADA,BOA,9.0,False,False,False,False,False,False,False,0,SEM_CONDICAO_CRONICA,,0,NAO_SE_APLICA,73.7,4.4,193.3,131.6,43.6,90.6,0.63,13.5,2024-10-28,2.9,BAIXO,Sem condição crônica identificada (simulado),INTERNACAO,True,test,SYNTHETIC,True
SYN-098C60B3EFC9409E,55,F,Nova Urvalorém,RR,39.1,154.0,16.49,94,50,63,36.5,False,True,False,Hipertensão,NUNCA_FUMOU,NENHUM,ATIVA,REGULAR,6.2,False,False,False,False,False,False,False,0,SEM_CONDICAO_CRONICA,,0,NAO_SE_APLICA,86.4,4.7,187.0,125.1,54.4,37.4,1.01,12.7,2024-02-13,8.4,BAIXO,Sem condição crônica identificada (simulado),SEM_INTERCORRENCIA,False,train,SYNTHETIC,True
SYN-6AFA828C2CD14B9F,57,F,Barra de Aurival,PE,89.1,168.5,31.38,129,69,65,36.8,True,True,False,Diabetes; Hipertensão,FUMANTE_ATUAL,ELEVADO,MODERADA,RUIM,4.0,False,True,True,True,False,False,False,3,DIABETES_TIPO_2,Metformina,1,ALTA,152.2,7.5,275.2,195.6,46.7,164.4,0.54,12.1,2023-02-28,70.1,MUITO_ALTO,Diabetes mellitus tipo 2 descompensado (simulado),INTERNACAO,True,train,SYNTHETIC,True
SYN-EF158D5B2D004D05,37,M,Barra de Lumirimar,AL,92.8,181.3,28.23,120,74,52,36.5,False,False,False,Sem histórico relevante,NUNCA_FUMOU,MODERADO,MODERADA,RUIM,8.1,False,False,True,False,False,False,False,1,DISLIPIDEMIA,Sinvastatina,1,MEDIA,92.7,5.0,194.2,123.1,40.1,154.8,0.87,14.5,2023-09-22,6.2,BAIXO,Dislipidemia com LDL na meta (simulado),SEM_INTERCORRENCIA,False,test,SYNTHETIC,True
SYN-D61169A1FF4646BF,65,F,Nova Velmério,RJ,66.6,158.6,26.48,96,64,77,36.9,False,False,False,Sem histórico relevante,NUNCA_FUMOU,NENHUM,SEDENTARIO,RUIM,6.6,False,True,True,False,False,False,False,2,DIABETES_TIPO_2,Metformina,1,MEDIA,125.5,5.3,205.8,132.9,50.4,112.7,0.75,12.4,2024-09-02,40.9,MUITO_ALTO,Diabetes mellitus tipo 2 compensado (simulado),SEM_INTERCORRENCIA,False,train,SYNTHETIC,True
SYN-2FB21E667ED14AAB,68,F,Serra de Mirvinel,SP,52.7,162.2,20.03,118,58,80,38.8,False,False,False,Sem histórico relevante,NUNCA_FUMOU,MODERADO,ATIVA,RUIM,6.0,False,False,False,False,False,False,True,1,INFECCAO_RESPIRATORIA_AGUDA,Amoxicilina; Paracetamol,2,ALTA,101.3,5.1,248.8,171.2,51.0,133.1,0.66,12.5,2024-10-23,48.0,MUITO_ALTO,Infecção respiratória aguda (simulado),SEM_INTERCORRENCIA,False,train,SYNTHETIC,True
SYN-DF4E713EF64E4DFC,72,M,Vale de Velminel,PR,63.9,171.1,21.83,119,63,81,36.9,False,False,True,Doença cardiovascular,NUNCA_FUMOU,MODERADO,SEDENTARIO,BOA,6.4,False,False,True,False,False,False,False,1,DISLIPIDEMIA,Sinvastatina,1,ALTA,110.2,6.1,141.2,53.5,57.4,151.5,1.21,16.3,2024-04-10,23.5,ALTO,Dislipidemia com LDL na meta (simulado),SEM_INTERCORRENCIA,False,validation,SYNTHETIC,True
SYN-0997623AE0724D96,57,M,Serra de Pelvorém,TO,81.4,165.1,29.86,140,89,76,36.3,False,False,False,Sem histórico relevante,NUNCA_FUMOU,NENHUM,SEDENTARIO,RUIM,6.5,True,False,False,False,False,False,False,1,HIPERTENSAO,Anlodipino,1,MEDIA,93.1,4.8,193.5,119.6,41.6,161.4,0.8,14.9,2023-04-12,36.0,ALTO,Hipertensão arterial sistêmica não controlada (simulado),SEM_INTERCORRENCIA,False,train,SYNTHETIC,True
SYN-9A4FFC0C916542ED,71,M,Campo de Zanvosa,ES,78.7,170.8,26.98,148,79,83,36.1,False,True,True,Hipertensão; Doença cardiovascular,FUMANTE_ATUAL,MODERADO,SEDENTARIO,REGULAR,8.4,True,False,True,False,False,False,False,2,HIPERTENSAO,Anlodipino; Enalapril,2,BAIXA,87.6,5.3,230.3,160.8,46.4,115.6,1.02,14.5,2023-04-28,88.4,MUITO_ALTO,Hipertensão arterial sistêmica não controlada (simulado),EVENTO_CARDIOVASCULAR,True,train,SYNTHETIC,True
SYN-55C551FCFBA54CC8,60,F,Vila Urvalério,GO,74.4,162.5,28.18,103,64,79,36.4,False,False,False,Sem histórico relevante,NUNCA_FUMOU,MODERADO,MODERADA,REGULAR,7.2,False,False,True,False,False,False,False,1,DISLIPIDEMIA,Sinvastatina,1,BAIXA,87.4,5.0,220.3,116.8,63.8,198.3,0.82,14.8,2023-09-01,13.1,MODERADO,Dislipidemia com LDL na meta (simulado),SEM_INTERCORRENCIA,False,train,SYNTHETIC,True
SYN-A42D0CD7FD354F6A,43,M,Barra de Mirvival,RS,84.0,179.2,26.16,103,56,63,36.3,True,False,True,Diabetes; Doença cardiovascular,NUNCA_FUMOU,NENHUM,SEDENTARIO,REGULAR,8.4,False,False,False,False,False,False,False,0,SEM_CONDICAO_CRONICA,,0,NAO_SE_APLICA,81.6,4.3,142.8,63.5,61.2,90.4,0.87,14.5,2024-07-11,5.6,BAIXO,Sem condição crônica identificada (simulado),SEM_INTERCORRENCIA,False,train,SYNTHETIC,True
SYN-E3A68A707E714B55,33,M,Lago de Tavrimar,AC,88.6,175.8,28.67,118,77,83,36.2,False,False,False,Sem histórico relevante,FUMANTE_ATUAL,MODERADO,MODERADA,RUIM,7.5,True,False,False,False,True,False,False,2,HIPERTENSAO,Anlodipino; Enalapril,2,MEDIA,95.0,4.6,155.0,76.8,55.2,114.8,0.71,13.6,2024-07-12,4.8,BAIXO,Hipertensão arterial sistêmica controlada (simulado),SEM_INTERCORRENCIA,False,train,SYNTHETIC,True
SYN-811414F8D9DF4D0E,50,F,Alto de Tavrinel,RS,65.1,157.7,26.18,124,62,68,36.7,False,True,False,Hipertensão,EX_FUMANTE,MODERADO,MODERADA,REGULAR,6.7,False,False,False,False,False,False,False,0,SEM_CONDICAO_CRONICA,,0,NAO_SE_APLICA,85.8,4.7,215.8,136.2,53.8,128.9,0.77,11.9,2024-07-01,19.4,MODERADO,Sem condição crônica identificada (simulado),SEM_INTERCORRENCIA,False,train,SYNTHETIC,True
SYN-CF0E6D2B315C467A,38,M,Nova Quirelelha,SC,74.2,160.6,28.77,118,70,81,36.5,False,False,False,Sem histórico relevante,NUNCA_FUMOU,MODERADO,SEDENTARIO,REGULAR,6.6,False,False,False,False,False,False,False,0,SEM_CONDICAO_CRONICA,,0,NAO_SE_APLICA,95.6,5.4,223.0,165.7,33.3,120.2,0.85,14.7,2023-06-14,20.4,ALTO,Sem condição crônica identificada (simulado),SEM_INTERCORRENCIA,False,train,SYNTHETIC,True
SYN-BB2AA1462999494C,45,F,Lago de Aurorém,DF,40.2,155.7,16.58,107,69,84,36.6,False,False,True,Doença cardiovascular,FUMANTE_ATUAL,ELEVADO,MODERADA,REGULAR,7.6,False,False,False,False,False,False,False,0,SEM_CONDICAO_CRONICA,,0,NAO_SE_APLICA,79.5,4.0,175.3,93.6,59.0,113.4,0.87,11.6,2023-08-17,15.2,MODERADO,Sem condição crônica identificada (simulado),SEM_INTERCORRENCIA,False,train,SYNTHETIC,True
SYN-B7F60CDF41DC4C60,80,F,Lago de Quirelério,ES,64.6,165.1,23.7,127,79,85,36.8,False,True,False,Hipertensão,NUNCA_FUMOU,MODERADO,SEDENTARIO,RUIM,7.9,False,False,True,False,False,False,False,1,DISLIPIDEMIA,,0,NAO_SE_APLICA,85.5,4.6,215.9,122.8,61.6,157.6,0.97,12.0,2023-08-17,34.5,ALTO,Dislipidemia com LDL na meta (simulado),INTERNACAO,True,train,SYNTHETIC,True
SYN-564CFBD2BC924D81,45,F,Campo de Norvival,PR,60.8,167.8,21.59,117,67,68,36.1,False,False,False,Sem histórico relevante,NUNCA_FUMOU,MODERADO,ATIVA,REGULAR,8.1,True,False,False,False,False,False,False,1,HIPERTENSAO,Anlodipino,1,BAIXA,93.0,4.2,137.0,57.8,62.3,84.4,1.0,12.8,2024-06-16,3.6,BAIXO,Hipertensão arterial sistêmica controlada (simulado),SEM_INTERCORRENCIA,False,train,SYNTHETIC,True
SYN-ACA58D95915A4C30,55,M,Nova Urvalorém,RR,82.6,167.7,29.37,151,84,69,36.8,False,True,False,Hipertensão,NUNCA_FUMOU,MODERADO,ATIVA,RUIM,6.7,True,False,False,False,False,True,False,2,DOENCA_RENAL_CRONICA,Enalapril,1,ALTA,90.0,4.6,223.3,137.0,52.6,168.4,2.28,14.9,2024-07-17,78.3,MUITO_ALTO,Doença renal crônica (simulado),INTERNACAO,True,test,SYNTHETIC,True
SYN-9C6783932CED4C0D,44,F,Barra de Pelvelha,MA,86.4,160.8,33.42,125,75,84,36.2,False,False,True,Doença cardiovascular,EX_FUMANTE,MODERADO,SEDENTARIO,REGULAR,7.2,False,False,False,True,False,False,False,1,OBESIDADE,,0,NAO_SE_APLICA,74.8,4.0,214.6,122.7,50.9,204.8,0.84,14.5,2023-01-22,31.7,ALTO,Obesidade (simulado),SEM_INTERCORRENCIA,False,train,SYNTHETIC,True
SYN-67CE378FE5A4483B,49,F,Nova Ibiralena,RS,53.1,148.8,23.98,122,65,58,36.4,False,False,False,Sem histórico relevante,NUNCA_FUMOU,MODERADO,MODERADA,REGULAR,7.6,False,False,False,False,False,False,False,0,SEM_CONDICAO_CRONICA,,0,NAO_SE_APLICA,89.6,4.9,110.0,48.8,39.2,110.0,0.74,13.9,2024-06-04,7.6,BAIXO,Sem condição crônica identificada (simulado),SEM_INTERCORRENCIA,False,train,SYNTHETIC,True
SYN-53F3007383E94EF4,48,F,Vale de Cendrimar,PI,53.3,155.3,22.1,127,74,63,36.0,False,False,False,Sem histórico relevante,NUNCA_FUMOU,NENHUM,MODERADA,REGULAR,6.6,False,False,False,False,False,False,False,0,SEM_CONDICAO_CRONICA,,0,NAO_SE_APLICA,82.1,4.2,120.3,30.8,57.3,161.0,0.99,13.2,2023-10-11,5.9,BAIXO,Sem condição crônica identificada (simulado),SEM_INTERCORRENCIA,False,train,SYNTHETIC,True
SYN-186B2880AB544A15,56,F,Alto de Lumirimar,MS,45.4,165.9,16.5,122,71,64,36.8,False,True,False,Hipertensão,EX_FUMANTE,MODERADO,ATIVA,BOA,5.8,False,False,False,False,False,False,False,0,SEM_CONDICAO_CRONICA,,0,NAO_SE_APLICA,98.5,5.5,195.2,111.9,67.6,78.5,0.82,12.6,2023-09-20,10.9,MODERADO,Sem condição crônica identificada (simulado),SEM_INTERCORRENCIA,False,train,SYNTHETIC,True
SYN-7A3A6E9623FF43D3,68,F,Barra de Dorvival,AP,82.6,160.4,32.1,138,80,64,36.1,False,True,True,Hipertensão; Doença cardiovascular,NUNCA_FUMOU,MODERADO,SEDENTARIO,RUIM,6.1,True,False,True,True,False,False,False,3,HIPERTENSAO,Enalapril; Losartana; Atorvastatina,3,MEDIA,100.5,4.9,228.2,142.7,48.6,184.7,0.85,13.6,2024-01-07,64.7,MUITO_ALTO,Hipertensão arterial sistêmica controlada (simulado),SEM_INTERCORRENCIA,False,train,SYNTHETIC,True
SYN-01BF9E733F804385,76,M,Nova Aurival,PI,78.5,179.9,24.26,126,81,74,36.2,False,True,False,Hipertensão,NUNCA_FUMOU,MODERADO,SEDENTARIO,BOA,6.7,False,False,False,False,False,True,False,1,DOENCA_RENAL_CRONICA,,0,NAO_SE_APLICA,69.3,4.0,186.0,111.4,53.1,107.7,2.05,15.6,2023-12-08,68.6,MUITO_ALTO,Doença renal crônica (simulado),INTERNACAO,True,train,SYNTHETIC,True
SYN-725D42593C4B4EEC,53,F,Lago de Belvanda,AC,89.4,160.9,34.53,136,75,64,36.3,False,False,True,Doença cardiovascular,EX_FUMANTE,MODERADO,ATIVA,BOA,7.7,False,False,False,True,False,False,False,1,OBESIDADE,,0,NAO_SE_APLICA,99.6,4.5,189.3,92.9,68.4,139.9,0.72,13.3,2024-12-17,31.8,ALTO,Obesidade (simulado),SEM_INTERCORRENCIA,False,train,SYNTHETIC,True
SYN-546252E7F43B4052,58,F,Vila Cendrelha,AC,72.5,174.2,23.89,118,61,92,38.7,True,True,False,Diabetes; Hipertensão,NUNCA_FUMOU,MODERADO,SEDENTARIO,REGULAR,8.4,False,True,True,False,False,False,True,3,DIABETES_TIPO_2,Sinvastatina; Amoxicilina; Paracetamol,3,MEDIA,133.1,6.4,203.8,121.5,47.5,173.9,0.76,12.7,2024-02-08,42.3,MUITO_ALTO,Diabetes mellitus tipo 2 compensado (simulado),INTERNACAO,True,test,SYNTHETIC,True
SYN-92A81713B90E444B,28,M,Barra de Cendrinel,MA,96.5,174.8,31.58,105,63,86,38.3,False,False,True,Doença cardiovascular,NUNCA_FUMOU,NENHUM,MODERADA,REGULAR,5.5,False,False,False,True,False,False,True,2,INFECCAO_RESPIRATORIA_AGUDA,Amoxicilina,1,ALTA,78.3,4.5,180.9,112.0,48.0,104.3,0.97,14.6,2024-08-26,4.6,BAIXO,Infecção respiratória aguda (simulado),SEM_INTERCORRENCIA,False,train,SYNTHETIC,True
SYN-5C0B9B10A7574B10,47,F,Campo de Zanvinel,RO,88.2,170.4,30.38,138,83,86,36.8,False,True,False,Hipertensão,NUNCA_FUMOU,NENHUM,SEDENTARIO,RUIM,6.3,False,False,False,True,False,False,False,1,OBESIDADE,,0,NAO_SE_APLICA,99.2,5.4,168.6,100.9,49.4,91.3,0.87,12.9,2024-10-11,15.9,MODERADO,Obesidade (simulado),SEM_INTERCORRENCIA,False,train,SYNTHETIC,True
SYN-AAF407F70FE74149,64,M,Nova Quirelelha,SC,55.1,163.3,20.66,111,66,80,36.6,False,True,False,Hipertensão,FUMANTE_ATUAL,NENHUM,MODERADA,BOA,6.6,False,False,False,False,False,False,False,0,SEM_CONDICAO_CRONICA,,0,NAO_SE_APLICA,77.4,4.6,194.3,145.5,28.7,100.4,1.12,15.3,2024-12-19,39.4,ALTO,Sem condição crônica identificada (simulado),SEM_INTERCORRENCIA,False,validation,SYNTHETIC,True
SYN-28E333B64E8A4C4B,63,F,Serra de Solvunda,AL,82.3,171.0,28.15,105,64,75,36.9,False,False,False,Sem histórico relevante,NUNCA_FUMOU,NENHUM,SEDENTARIO,REGULAR,7.9,False,False,True,False,False,False,False,1,DISLIPIDEMIA,Atorvastatina,1,ALTA,101.1,5.3,180.3,77.8,50.3,261.0,0.83,12.4,2024-04-28,19.0,MODERADO,Dislipidemia com LDL na meta (simulado),SEM_INTERCORRENCIA,False,train,SYNTHETIC,True
SYN-EC50ACE480A54E65,52,F,Vila Belvimar,MG,64.5,152.0,27.92,128,70,64,36.7,True,False,False,Diabetes,NUNCA_FUMOU,MODERADO,ATIVA,RUIM,6.4,False,False,True,False,False,False,False,1,DISLIPIDEMIA,Atorvastatina,1,MEDIA,84.9,4.8,193.1,96.1,51.7,226.6,0.83,13.6,2024-11-23,20.5,ALTO,Dislipidemia com LDL na meta (simulado),SEM_INTERCORRENCIA,False,validation,SYNTHETIC,True
SYN-C5144D98B41C404F,63,F,Vila Urvalosa,CE,68.4,161.2,26.32,120,66,76,36.3,False,False,False,Sem histórico relevante,NUNCA_FUMOU,NENHUM,SEDENTARIO,REGULAR,6.5,True,False,True,False,False,False,False,2,HIPERTENSAO,Losartana; Sinvastatina,2,ALTA,76.7,4.5,146.9,56.5,53.2,186.0,0.96,13.8,2024-03-09,13.5,MODERADO,Hipertensão arterial sistêmica controlada (simulado),SEM_INTERCORRENCIA,False,train,SYNTHETIC,True
SYN-A38295D31E0E4546,56,F,Alto de Orvalimar,TO,77.7,157.4,31.36,143,82,76,36.4,False,False,False,Sem histórico relevante,NUNCA_FUMOU,NENHUM,SEDENTARIO,RUIM,5.4,True,False,True,True,False,False,False,3,HIPERTENSAO,Enalapril; Losartana,2,BAIXA,110.7,5.8,227.5,113.9,55.1,292.5,0.68,13.5,2023-09-27,52.1,MUITO_ALTO,Hipertensão arterial sistêmica não controlada (simulado),SEM_INTERCORRENCIA,False,train,SYNTHETIC,True
SYN-5E175B664B87459F,68,F,Campo de Ibirosa,CE,75.1,160.9,29.01,146,82,98,37.1,False,False,False,Sem histórico relevante,FUMANTE_ATUAL,NENHUM,MODERADA,REGULAR,7.5,False,False,True,False,False,False,False,1,DISLIPIDEMIA,Sinvastatina,1,ALTA,77.1,4.0,223.7,134.3,54.0,177.2,0.86,12.1,2024-08-15,70.2,MUITO_ALTO,Dislipidemia com LDL na meta (simulado),EVENTO_CARDIOVASCULAR,True,test,SYNTHETIC,True
SYN-F515949438184FD3,53,M,Barra de Aurival,PE,79.8,175.2,26.0,104,71,54,37.0,True,False,False,Diabetes,NUNCA_FUMOU,MODERADO,ATIVA,REGULAR,6.8,False,False,True,False,False,False,False,1,DISLIPIDEMIA,Atorvastatina,1,MEDIA,83.0,4.4,199.6,132.9,43.9,113.8,0.65,14.7,2024-10-06,20.7,ALTO,Dislipidemia com LDL na meta (simulado),SEM_INTERCORRENCIA,False,validation,SYNTHETIC,True
SYN-74797B6127374B52,42,F,Vale de Pelvelha,TO,67.0,162.5,25.37,113,70,64,36.8,True,False,False,Diabetes,NUNCA_FUMOU,MODERADO,MODERADA,RUIM,6.3,False,False,False,False,False,False,False,0,SEM_CONDICAO_CRONICA,,0,NAO_SE_APLICA,84.6,4.0,181.9,104.1,58.1,98.4,0.85,12.7,2023-08-11,9.4,BAIXO,Sem condição crônica identificada (simulado),SEM_INTERCORRENCIA,False,train,SYNTHETIC,True
SYN-5FA5E0AA9B114530,54,M,Campo de Zanvinel,RO,54.4,167.6,19.37,128,72,62,36.9,False,True,False,Hipertensão,NUNCA_FUMOU,NENHUM,MODERADA,BOA,6.7,False,False,False,False,False,False,False,0,SEM_CONDICAO_CRONICA,,0,NAO_SE_APLICA,84.5,4.7,225.8,138.6,69.0,91.0,0.91,14.7,2024-12-04,10.6,MODERADO,Sem condição crônica identificada (simulado),INTERNACAO,True,test,SYNTHETIC,True
SYN-E9AD0E9B8C9A41E9,50,M,Nova Dorvelha,MA,78.0,173.2,26.0,123,80,78,36.7,False,False,False,Sem histórico relevante,NUNCA_FUMOU,NENHUM,SEDENTARIO,REGULAR,8.2,False,False,False,False,False,False,False,0,SEM_CONDICAO_CRONICA,,0,NAO_SE_APLICA,96.5,5.6,217.7,175.4,23.4,94.7,0.9,14.1,2023-11-21,27.6,ALTO,Sem condição crônica identificada (simulado),SEM_INTERCORRENCIA,False,validation,SYNTHETIC,True
SYN-CD4F8B2B899A4252,55,F,Barra de Orvalival,RR,61.6,154.7,25.74,116,73,74,36.7,True,False,False,Diabetes,NUNCA_FUMOU,NENHUM,MODERADA,REGULAR,5.9,False,False,False,False,False,False,False,0,SEM_CONDICAO_CRONICA,,0,NAO_SE_APLICA,90.7,5.1,239.6,153.7,58.1,139.2,0.8,14.4,2023-06-18,17.9,MODERADO,Sem condição crônica identificada (simulado),SEM_INTERCORRENCIA,False,validation,SYNTHETIC,True
SYN-C3093B6E37E942E2,35,M,Nova Belvunda,RS,52.0,171.1,17.76,132,68,74,36.6,True,True,False,Diabetes; Hipertensão,FUMANTE_ATUAL,NENHUM,SEDENTARIO,REGULAR,6.1,False,False,False,False,False,False,False,0,SEM_CONDICAO_CRONICA,,0,NAO_SE_APLICA,97.2,4.8,246.2,183.5,38.1,122.8,1.0,15.0,2024-05-16,25.6,ALTO,Sem condição crônica identificada (simulado),SEM_INTERCORRENCIA,False,train,SYNTHETIC,True
SYN-98874BFEC1364C65,19,F,Alto de Jaquelério,SC,61.0,159.7,23.92,103,50,84,37.1,False,False,False,Sem histórico relevante,EX_FUMANTE,NENHUM,SEDENTARIO,BOA,8.4,False,False,False,False,False,False,False,0,SEM_CONDICAO_CRONICA,,0,NAO_SE_APLICA,93.1,5.0,178.3,118.5,48.2,58.1,0.95,11.6,2023-06-27,2.0,BAIXO,Sem condição crônica identificada (simulado),SEM_INTERCORRENCIA,False,train,SYNTHETIC,True
SYN-86879AA914F543D0,56,F,Nova Falvosa,RS,59.1,158.8,23.44,120,64,70,36.5,True,False,False,Diabetes,NUNCA_FUMOU,NENHUM,ATIVA,REGULAR,7.1,False,True,False,False,False,False,False,1,DIABETES_TIPO_2,Glibenclamida,1,ALTA,88.4,4.8,159.0,73.3,60.1,128.1,0.63,11.9,2023-10-23,21.4,ALTO,Diabetes mellitus tipo 2 compensado (simulado),SEM_INTERCORRENCIA,False,train,SYNTHETIC,True
SYN-5C9DEEE0B42A4456,56,F,Alto de Falvelha,SC,45.0,153.8,19.02,130,79,80,36.7,False,False,False,Sem histórico relevante,NUNCA_FUMOU,NENHUM,MODERADA,BOA,7.7,False,False,False,False,False,False,False,0,SEM_CONDICAO_CRONICA,,0,NAO_SE_APLICA,93.5,5.0,176.8,116.9,52.9,35.0,0.71,14.4,2024-01-26,13.2,MODERADO,Sem condição crônica identificada (simulado),SEM_INTERCORRENCIA,False,train,SYNTHETIC,True
SYN-1CB9B73A906D4C8C,28,M,Vila Urvalelha,SP,85.5,188.6,24.04,119,77,87,36.1,False,True,False,Hipertensão,NUNCA_FUMOU,ELEVADO,SEDENTARIO,REGULAR,7.4,False,False,False,False,False,False,False,0,SEM_CONDICAO_CRONICA,,0,NAO_SE_APLICA,91.9,4.4,196.2,127.1,48.4,103.5,0.93,14.6,2023-12-17,7.9,BAIXO,Sem condição crônica identificada (simulado),SEM_INTERCORRENCIA,False,train,SYNTHETIC,True
SYN-E723ADA38C324DB2,36,M,Vila Quirelunda,MG,58.9,159.4,23.18,123,63,57,36.2,True,False,False,Diabetes,NUNCA_FUMOU,MODERADO,SEDENTARIO,BOA,7.0,False,True,False,False,False,False,False,1,DIABETES_TIPO_2,Metformina,1,ALTA,139.1,6.9,223.7,157.1,40.8,129.0,0.85,14.4,2023-03-27,19.7,MODERADO,Diabetes mellitus tipo 2 compensado (simulado),SEM_INTERCORRENCIA,False,test,SYNTHETIC,True
SYN-89628F6E929C43B3,71,F,Nova Belvunda,RS,95.9,169.3,33.46,126,81,88,39.4,False,False,False,Sem histórico relevante,NUNCA_FUMOU,MODERADO,ATIVA,RUIM,6.6,True,False,False,True,False,False,True,3,HIPERTENSAO,Hidroclorotiazida; Anlodipino; Amoxicilina; Paracetamol,4,ALTA,110.8,5.1,174.0,82.7,38.5,264.0,0.97,14.3,2023-04-28,68.8,MUITO_ALTO,Hipertensão arterial sistêmica controlada (simulado),INTERNACAO,True,validation,SYNTHETIC,True
SYN-DABF984E53FF4461,40,M,Barra de Tavrosa,RR,79.7,173.5,26.48,125,79,64,36.8,True,True,False,Diabetes; Hipertensão,NUNCA_FUMOU,NENHUM,SEDENTARIO,REGULAR,7.9,False,False,False,False,False,False,False,0,SEM_CONDICAO_CRONICA,,0,NAO_SE_APLICA,95.8,4.8,192.1,99.0,54.5,192.8,0.93,14.6,2023-02-28,9.0,BAIXO,Sem condição crônica identificada (simulado),SEM_INTERCORRENCIA,False,train,SYNTHETIC,True
SYN-AE27D4321DC147EB,86,M,Alto de Tavranda,RN,111.5,184.4,32.79,153,98,78,36.5,False,False,True,Doença cardiovascular,EX_FUMANTE,NENHUM,SEDENTARIO,RUIM,8.3,True,False,False,True,False,False,False,2,HIPERTENSAO,,0,NAO_SE_APLICA,100.4,5.5,187.2,98.5,50.2,192.6,1.24,13.6,2024-03-21,84.6,MUITO_ALTO,Hipertensão arterial sistêmica não controlada (simulado),INTERNACAO,True,train,SYNTHETIC,True
SYN-7D23D47995494A82,48,F,Barra de Dorvival,AP,68.0,163.6,25.41,113,74,78,36.6,False,True,False,Hipertensão,FUMANTE_ATUAL,ELEVADO,SEDENTARIO,BOA,8.2,False,False,False,False,False,False,False,0,SEM_CONDICAO_CRONICA,,0,NAO_SE_APLICA,98.9,4.9,184.1,121.7,46.5,79.6,0.75,12.1,2024-12-26,21.7,ALTO,Sem condição crônica identificada (simulado),SEM_INTERCORRENCIA,False,train,SYNTHETIC,True
SYN-720B274B82A74586,55,M,Serra de Norvimar,ES,57.1,176.9,18.25,115,76,76,36.2,False,True,False,Hipertensão,NUNCA_FUMOU,NENHUM,SEDENTARIO,BOA,5.7,False,False,False,False,False,False,False,0,SEM_CONDICAO_CRONICA,,0,NAO_SE_APLICA,84.5,4.6,186.5,130.5,43.4,62.9,1.08,15.4,2024-04-13,21.0,ALTO,Sem condição crônica identificada (simulado),SEM_INTERCORRENCIA,False,test,SYNTHETIC,True
SYN-21C71AA3741443B5,75,M,Vila Belvimar,MG,86.4,169.6,30.04,139,85,83,38.2,False,False,False,Sem histórico relevante,FUMANTE_ATUAL,MODERADO,SEDENTARIO,REGULAR,8.4,True,True,False,True,False,False,True,4,DIABETES_TIPO_2,Anlodipino,1,ALTA,191.0,8.3,209.7,136.3,51.0,112.0,0.98,16.8,2024-02-13,87.3,MUITO_ALTO,Diabetes mellitus tipo 2 descompensado (simulado),OBITO,True,train,SYNTHETIC,True
SYN-905C7BDD74F04EAE,50,M,Barra de Mirvimar,SC,60.6,168.4,21.37,134,81,76,36.2,True,False,False,Diabetes,NUNCA_FUMOU,ELEVADO,ATIVA,REGULAR,6.6,False,False,False,False,True,False,False,1,ASMA,Budesonida,1,MEDIA,91.9,4.9,245.9,150.9,61.3,168.3,1.22,15.6,2024-09-17,18.1,MODERADO,Asma (simulado),SEM_INTERCORRENCIA,False,train,SYNTHETIC,True
SYN-AC3A812F765E4CB5,31,M,Nova Quirelelha,SC,70.4,172.6,23.63,112,66,64,36.5,False,False,False,Sem histórico relevante,NUNCA_FUMOU,MODERADO,SEDENTARIO,REGULAR,6.2,False,False,False,False,False,False,False,0,SEM_CONDICAO_CRONICA,,0,NAO_SE_APLICA,84.6,4.6,194.7,124.1,55.2,76.8,0.71,14.4,2023-01-19,6.0,BAIXO,Sem condição crônica identificada (simulado),SEM_INTERCORRENCIA,False,train,SYNTHETIC,True
SYN-0592BFA5B928423F,46,F,Serra de Mirvinel,SP,55.6,165.9,20.2,106,69,82,36.8,False,True,False,Hipertensão,FUMANTE_ATUAL,NENHUM,MODERADA,REGULAR,6.8,False,False,False,False,True,False,False,1,ASMA,,0,NAO_SE_APLICA,77.8,4.4,175.4,99.4,59.4,83.2,0.69,13.0,2023-03-04,9.3,BAIXO,Asma (simulado),SEM_INTERCORRENCIA,False,train,SYNTHETIC,True
SYN-00C59F30D1034424,47,F,Serra de Norvimar,ES,67.1,164.5,24.8,104,56,59,36.7,False,False,False,Sem histórico relevante,NUNCA_FUMOU,MODERADO,MODERADA,REGULAR,7.9,False,False,False,False,False,False,False,0,SEM_CONDICAO_CRONICA,,0,NAO_SE_APLICA,90.2,4.8,171.1,92.2,62.9,79.8,0.61,13.2,2024-12-24,5.1,BAIXO,Sem condição crônica identificada (simulado),SEM_INTERCORRENCIA,False,train,SYNTHETIC,True
SYN-12B2102D940C4503,25,M,Serra de Falvalena,PB,70.4,160.8,27.23,108,66,72,37.1,False,True,False,Hipertensão,NUNCA_FUMOU,NENHUM,MODERADA,REGULAR,7.6,False,False,False,False,False,False,False,0,SEM_CONDICAO_CRONICA,,0,NAO_SE_APLICA,95.8,4.7,173.7,98.9,59.7,75.7,0.99,12.8,2024-10-19,2.9,BAIXO,Sem condição crônica identificada (simulado),SEM_INTERCORRENCIA,False,train,SYNTHETIC,True
SYN-B34C6C7358334B30,44,F,Nova Aurival,PI,72.8,161.2,28.02,113,72,88,36.7,True,False,False,Diabetes,EX_FUMANTE,NENHUM,MODERADA,REGULAR,6.7,True,False,False,False,False,False,False,1,HIPERTENSAO,Anlodipino,1,MEDIA,90.9,4.3,162.2,82.2,52.9,135.3,0.83,13.2,2024-02-10,7.6,BAIXO,Hipertensão arterial sistêmica controlada (simulado),SEM_INTERCORRENCIA,False,validation,SYNTHETIC,True
SYN-0F6CE9BFFE7E4362,35,F,Vale de Cendralena,MG,83.8,163.6,31.31,108,76,93,35.9,False,True,False,Hipertensão,NUNCA_FUMOU,NENHUM,MODERADA,RUIM,7.9,False,False,False,True,False,False,False,1,OBESIDADE,,0,NAO_SE_APLICA,89.9,5.1,192.9,107.8,57.0,140.3,0.58,13.8,2023-03-04,11.4,MODERADO,Obesidade (simulado),SEM_INTERCORRENCIA,False,train,SYNTHETIC,True
SYN-FC737D9211AB4D11,64,M,Vila Urvalalena,RO,93.9,170.5,32.3,134,78,60,37.2,False,True,False,Hipertensão,FUMANTE_ATUAL,ELEVADO,MODERADA,BOA,7.2,True,False,True,True,False,False,False,3,HIPERTENSAO,Anlodipino; Sinvastatina,2,ALTA,92.1,5.2,132.1,89.6,24.7,89.2,1.17,16.6,2023-05-19,56.2,MUITO_ALTO,Hipertensão arterial sistêmica controlada (simulado),INTERNACAO,True,train,SYNTHETIC,True
SYN-497EC6D1081F46DC,49,F,Barra de Solvunda,RR,40.6,151.2,17.76,106,69,66,36.3,False,False,True,Doença cardiovascular,NUNCA_FUMOU,MODERADO,MODERADA,RUIM,6.4,False,False,False,False,False,False,False,0,SEM_CONDICAO_CRONICA,,0,NAO_SE_APLICA,85.6,4.7,188.7,135.7,41.8,56.1,0.7,14.3,2024-06-28,16.8,MODERADO,Sem condição crônica identificada (simulado),SEM_INTERCORRENCIA,False,test,SYNTHETIC,True
SYN-22AB7752C4DB4A62,43,F,Lago de Mirvinel,RR,47.4,161.6,18.15,116,67,62,36.6,False,True,False,Hipertensão,EX_FUMANTE,NENHUM,ATIVA,REGULAR,6.2,False,False,False,False,True,False,False,1,ASMA,Salbutamol,1,MEDIA,102.2,5.3,182.5,97.4,65.5,97.9,0.81,15.1,2023-06-18,5.0,BAIXO,Asma (simulado),SEM_INTERCORRENCIA,False,train,SYNTHETIC,True
SYN-BAB2B77DFA744CC8,46,M,Vila Mirvanda,PB,60.2,180.4,18.5,102,68,92,36.6,False,False,True,Doença cardiovascular,NUNCA_FUMOU,NENHUM,MODERADA,RUIM,7.5,False,False,True,False,False,False,False,1,DISLIPIDEMIA,,0,NAO_SE_APLICA,90.8,4.5,195.9,118.0,52.9,125.2,1.05,16.5,2024-03-06,9.1,BAIXO,Dislipidemia com LDL na meta (simulado),SEM_INTERCORRENCIA,False,train,SYNTHETIC,True
SYN-5FDCABBF6B9C471C,52,F,Vila Urvalelha,SP,71.1,157.5,28.66,94,55,71,36.7,False,True,False,Hipertensão,NUNCA_FUMOU,MODERADO,MODERADA,RUIM,6.9,False,False,False,False,False,False,False,0,SEM_CONDICAO_CRONICA,,0,NAO_SE_APLICA,86.5,4.0,185.1,111.3,52.5,106.7,0.77,14.6,2024-07-07,7.1,BAIXO,Sem condição crônica identificada (simulado),SEM_INTERCORRENCIA,False,train,SYNTHETIC,True
SYN-72D3545861EA4F30,58,F,Barra de Falvelha,GO,73.7,168.4,25.99,104,69,86,36.6,False,False,False,Sem histórico relevante,NUNCA_FUMOU,ELEVADO,SEDENTARIO,RUIM,5.5,False,False,True,False,False,False,False,1,DISLIPIDEMIA,,0,NAO_SE_APLICA,74.0,4.1,264.6,178.3,46.5,198.8,0.93,13.2,2023-10-24,24.6,ALTO,Dislipidemia com LDL elevado (simulado),SEM_INTERCORRENCIA,False,train,SYNTHETIC,True
SYN-60A399D4E8214716,31,M,Barra de Pelvosa,PE,58.9,165.8,21.43,109,65,78,36.6,False,False,False,Sem histórico relevante,FUMANTE_ATUAL,NENHUM,MODERADA,REGULAR,7.9,False,False,False,False,False,False,False,0,SEM_CONDICAO_CRONICA,,0,NAO_SE_APLICA,87.3,4.0,214.8,159.1,43.8,59.6,0.9,15.1,2023-12-11,10.2,MODERADO,Sem condição crônica identificada (simulado),SEM_INTERCORRENCIA,False,test,SYNTHETIC,True
SYN-F6D22A7BAEC74A82,30,F,Barra de Orvalival,RR,48.1,150.9,21.12,118,63,56,36.2,False,False,False,Sem histórico relevante,NUNCA_FUMOU,NENHUM,ATIVA,REGULAR,6.5,True,False,False,False,False,False,False,1,HIPERTENSAO,,0,NAO_SE_APLICA,83.8,4.6,166.1,87.5,62.7,79.5,0.75,11.5,2024-11-06,1.7,BAIXO,Hipertensão arterial sistêmica controlada (simulado),SEM_INTERCORRENCIA,False,train,SYNTHETIC,True
SYN-220B9EA98A0F4508,67,F,Nova Urvalorém,RR,78.8,165.2,28.87,133,78,62,37.4,False,True,False,Hipertensão,FUMANTE_ATUAL,MODERADO,SEDENTARIO,REGULAR,8.8,True,False,True,False,False,False,False,2,HIPERTENSAO,,0,NAO_SE_APLICA,85.4,5.1,245.5,172.3,31.2,210.2,0.83,13.3,2024-12-17,73.4,MUITO_ALTO,Hipertensão arterial sistêmica controlada (simulado),SEM_INTERCORRENCIA,False,train,SYNTHETIC,True
SYN-1E5EBE5459074299,41,F,Barra de Lumirimar,AL,39.6,150.8,17.41,129,83,61,36.8,False,False,True,Doença cardiovascular,NUNCA_FUMOU,ELEVADO,ATIVA,REGULAR,5.5,False,False,False,False,False,False,False,0,SEM_CONDICAO_CRONICA,,0,NAO_SE_APLICA,96.6,4.8,143.4,64.2,65.2,69.8,0.53,13.8,2023-11-30,5.5,BAIXO,Sem condição crônica identificada (simulado),SEM_INTERCORRENCIA,False,train,SYNTHETIC,True
SYN-649F7D88898945AB,24,M,Lago de Jaquelério,BA,61.1,174.6,20.04,113,61,97,36.6,False,False,False,Sem histórico relevante,NUNCA_FUMOU,ELEVADO,SEDENTARIO,REGULAR,6.8,False,False,False,False,False,False,False,0,SEM_CONDICAO_CRONICA,,0,NAO_SE_APLICA,89.5,4.6,170.3,105.9,43.3,105.7,0.87,14.5,2023-05-30,3.6,BAIXO,Sem condição crônica identificada (simulado),SEM_INTERCORRENCIA,False,validation,SYNTHETIC,True
SYN-FA8DAE42BA544920,56,F,Barra de Cendrinel,MA,77.1,165.9,28.01,131,69,78,37.2,False,True,False,Hipertensão,NUNCA_FUMOU,NENHUM,SEDENTARIO,RUIM,6.2,True,False,False,False,False,False,False,1,HIPERTENSAO,Anlodipino; Enalapril,2,MEDIA,75.6,4.0,203.9,133.6,54.2,80.6,0.71,11.7,2023-01-19,26.1,ALTO,Hipertensão arterial sistêmica controlada (simulado),SEM_INTERCORRENCIA,False,train,SYNTHETIC,True
SYN-C194F97F00E34026,56,F,Barra de Orvalanda,SC,77.5,161.0,29.9,129,80,91,37.8,False,True,True,Hipertensão; Doença cardiovascular,NUNCA_FUMOU,NENHUM,ATIVA,RUIM,5.9,True,False,False,False,False,False,True,2,HIPERTENSAO,Losartana; Hidroclorotiazida; Amoxicilina; Paracetamol,4,ALTA,96.8,5.0,240.2,161.2,59.9,95.5,0.98,14.8,2023-05-12,40.0,MUITO_ALTO,Hipertensão arterial sistêmica controlada (simulado),INTERNACAO,True,train,SYNTHETIC,True
SYN-76876C624C61445E,22,F,Alto de Orvalimar,TO,64.5,163.1,24.25,106,55,66,36.9,True,False,True,Diabetes; Doença cardiovascular,FUMANTE_ATUAL,NENHUM,SEDENTARIO,REGULAR,6.5,False,False,False,False,False,False,False,0,SEM_CONDICAO_CRONICA,,0,NAO_SE_APLICA,75.6,4.2,211.2,160.1,39.6,57.6,0.51,13.6,2024-01-16,6.2,BAIXO,Sem condição crônica identificada (simulado),SEM_INTERCORRENCIA,False,train,SYNTHETIC,True
SYN-6C93A7918B604511,52,F,Vila Urvalalena,RO,57.4,157.1,23.26,119,81,73,36.4,False,True,False,Hipertensão,NUNCA_FUMOU,NENHUM,SEDENTARIO,REGULAR,8.9,True,False,False,False,False,False,False,1,HIPERTENSAO,Losartana,1,BAIXA,95.8,4.6,195.7,143.4,42.1,50.8,0.95,14.9,2024-12-17,26.9,ALTO,Hipertensão arterial sistêmica controlada (simulado),SEM_INTERCORRENCIA,False,train,SYNTHETIC,True
SYN-3ACB43A3D2C74FFB,61,M,Alto de Tavrinel,RS,55.5,170.5,19.09,128,84,83,36.7,False,False,False,Sem histórico relevante,EX_FUMANTE,ELEVADO,SEDENTARIO,REGULAR,7.2,False,False,True,False,False,False,False,1,DISLIPIDEMIA,Atorvastatina,1,ALTA,84.2,4.9,172.9,94.1,56.7,110.7,1.01,15.5,2024-01-25,22.8,ALTO,Dislipidemia com LDL na meta (simulado),SEM_INTERCORRENCIA,False,train,SYNTHETIC,True
SYN-27B608DC589D4CB0,54,F,Barra de Cendrunda,MG,66.8,152.3,28.8,128,83,57,36.7,False,False,False,Sem histórico relevante,NUNCA_FUMOU,NENHUM,ATIVA,RUIM,6.1,False,False,False,False,False,False,False,0,SEM_CONDICAO_CRONICA,,0,NAO_SE_APLICA,91.7,5.8,234.6,150.5,55.2,144.3,0.85,14.6,2024-12-19,37.3,ALTO,Sem condição crônica identificada (simulado),SEM_INTERCORRENCIA,False,train,SYNTHETIC,True
SYN-E00DA49DEFFA4002,59,M,Campo de Zanvinel,RO,79.3,185.3,23.1,98,61,75,35.9,False,True,True,Hipertensão; Doença cardiovascular,NUNCA_FUMOU,MODERADO,SEDENTARIO,BOA,5.0,False,False,False,False,False,False,False,0,SEM_CONDICAO_CRONICA,,0,NAO_SE_APLICA,89.3,5.2,183.1,112.8,50.3,99.8,0.86,16.0,2024-06-28,9.6,BAIXO,Sem condição crônica identificada (simulado),SEM_INTERCORRENCIA,False,train,SYNTHETIC,True
SYN-083F64C31CE342F8,24,F,Alto de Lumiralena,PB,46.5,151.7,20.21,107,75,64,36.2,False,False,False,Sem histórico relevante,NUNCA_FUMOU,ELEVADO,MODERADA,RUIM,5.1,False,False,False,False,False,False,False,0,SEM_CONDICAO_CRONICA,,0,NAO_SE_APLICA,87.5,4.6,197.2,122.3,46.3,143.0,0.65,12.5,2023-03-01,2.8,BAIXO,Sem condição crônica identificada (simulado),SEM_INTERCORRENCIA,False,test,SYNTHETIC,True
SYN-9D6B9B626B534A19,54,F,Alto de Tavranda,RN,49.1,162.0,18.71,121,79,82,37.1,False,False,False,Sem histórico relevante,FUMANTE_ATUAL,ELEVADO,MODERADA,REGULAR,6.4,False,False,False,False,False,False,False,0,SEM_CONDICAO_CRONICA,,0,NAO_SE_APLICA,90.3,4.7,187.2,115.4,55.9,79.4,0.73,12.7,2023-09-19,14.6,MODERADO,Sem condição crônica identificada (simulado),SEM_INTERCORRENCIA,False,train,SYNTHETIC,True
SYN-E39836BBE23D4FAA,43,M,Nova Falvosa,RS,53.1,163.9,19.77,106,61,76,36.5,False,True,True,Hipertensão; Doença cardiovascular,EX_FUMANTE,MODERADO,MODERADA,RUIM,6.3,False,True,False,False,False,False,False,1,DIABETES_TIPO_2,Metformina,1,MEDIA,191.6,8.1,248.0,193.5,43.0,57.5,1.21,14.4,2024-03-01,35.0,ALTO,Diabetes mellitus tipo 2 descompensado (simulado),INTERNACAO,True,train,SYNTHETIC,True
SYN-1139FA1234C143EA,40,F,Nova Dorvelha,MA,50.6,161.2,19.47,131,85,73,37.2,True,False,True,Diabetes; Doença cardiovascular,NUNCA_FUMOU,ELEVADO,ATIVA,REGULAR,6.8,False,False,False,False,False,False,False,0,SEM_CONDICAO_CRONICA,,0,NAO_SE_APLICA,105.4,5.1,167.9,88.5,58.4,105.1,0.67,12.2,2023-02-24,9.6,BAIXO,Sem condição crônica identificada (simulado),SEM_INTERCORRENCIA,False,train,SYNTHETIC,True
SYN-7249F62C08984462,63,F,Nova Velmério,RJ,63.9,161.0,24.65,140,76,80,37.0,False,True,False,Hipertensão,NUNCA_FUMOU,NENHUM,MODERADA,REGULAR,4.5,False,False,False,False,False,False,False,0,SEM_CONDICAO_CRONICA,,0,NAO_SE_APLICA,91.9,5.2,219.9,152.1,52.9,74.6,0.98,15.0,2023-01-15,45.2,MUITO_ALTO,Sem condição crônica identificada (simulado),SEM_INTERCORRENCIA,False,train,SYNTHETIC,True
SYN-DF495037B40A4181,73,M,Vale de Dorvimar,ES,63.8,168.4,22.5,118,69,74,36.5,False,False,False,Sem histórico relevante,NUNCA_FUMOU,NENHUM,SEDENTARIO,REGULAR,6.9,False,False,False,False,False,False,False,0,SEM_CONDICAO_CRONICA,,0,NAO_SE_APLICA,91.6,5.2,195.8,118.5,56.0,106.6,1.22,14.8,2023-09-13,25.1,ALTO,Sem condição crônica identificada (simulado),SEM_INTERCORRENCIA,False,test,SYNTHETIC,True
SYN-0B531932BD9449AA,79,F,Nova Quirelunda,AP,70.6,163.2,26.51,124,64,76,36.5,False,False,False,Sem histórico relevante,NUNCA_FUMOU,NENHUM,ATIVA,RUIM,8.1,False,False,False,False,False,False,False,0,SEM_CONDICAO_CRONICA,,0,NAO_SE_APLICA,84.0,4.1,222.5,133.9,78.3,51.7,1.04,13.7,2024-10-15,30.2,ALTO,Sem condição crônica identificada (simulado),SEM_INTERCORRENCIA,False,test,SYNTHETIC,True
SYN-8A2DB2E63BFD48A6,70,M,Vale de Cendrorém,SE,67.5,158.2,26.97,126,76,71,37.1,False,True,True,Hipertensão; Doença cardiovascular,EX_FUMANTE,ELEVADO,SEDENTARIO,REGULAR,8.8,False,True,False,False,False,True,False,2,DOENCA_RENAL_CRONICA,Metformina,1,MEDIA,113.9,5.7,242.4,170.1,45.1,136.1,2.56,12.5,2024-03-16,89.2,MUITO_ALTO,Doença renal crônica (simulado),INTERNACAO,True,validation,SYNTHETIC,True
SYN-C6AC1B04DD1D4CD1,46,M,Lago de Aurorém,DF,103.5,167.7,36.8,118,72,82,37.2,False,False,False,Sem histórico relevante,NUNCA_FUMOU,ELEVADO,SEDENTARIO,RUIM,4.9,False,False,False,True,False,False,False,1,OBESIDADE,,0,NAO_SE_APLICA,83.7,4.9,137.3,60.9,36.3,200.4,1.19,15.6,2024-01-18,14.9,MODERADO,Obesidade (simulado),SEM_INTERCORRENCIA,False,train,SYNTHETIC,True
SYN-FE54EE4B80FF4173,54,F,Nova Quirelunda,AP,51.5,161.5,19.75,104,60,58,36.5,False,True,False,Hipertensão,EX_FUMANTE,NENHUM,SEDENTARIO,REGULAR,6.1,False,False,False,False,False,False,False,0,SEM_CONDICAO_CRONICA,,0,NAO_SE_APLICA,99.0,5.0,188.8,125.8,40.0,115.1,1.05,12.8,2024-02-03,10.5,MODERADO,Sem condição crônica identificada (simulado),SEM_INTERCORRENCIA,False,train,SYNTHETIC,True
SYN-EA98FEF8D0D74E37,61,F,Nova Urvalorém,RR,57.6,145.0,27.4,129,76,83,38.8,False,False,False,Sem histórico relevante,FUMANTE_ATUAL,NENHUM,MODERADA,RUIM,6.1,False,False,False,False,False,False,True,1,INFECCAO_RESPIRATORIA_AGUDA,Paracetamol,1,ALTA,77.2,4.2,174.4,109.3,43.4,108.3,0.88,14.5,2024-02-03,59.6,MUITO_ALTO,Infecção respiratória aguda (simulado),INTERNACAO,True,validation,SYNTHETIC,True
SYN-93D563AE51A34C26,50,F,Nova Belvunda,RS,76.3,164.2,28.3,158,88,100,36.9,True,True,False,Diabetes; Hipertensão,FUMANTE_ATUAL,NENHUM,SEDENTARIO,RUIM,7.2,True,False,False,False,False,False,False,1,HIPERTENSAO,,0,NAO_SE_APLICA,83.2,4.8,207.5,118.6,65.0,119.3,0.73,12.5,2024-09-11,34.9,ALTO,Hipertensão arterial sistêmica não controlada (simulado),EVENTO_CARDIOVASCULAR,True,train,SYNTHETIC,True
SYN-D18183D1AC2B4CFC,50,F,Vale de Pelvelha,TO,53.3,161.0,20.56,128,75,77,37.0,False,False,False,Sem histórico relevante,EX_FUMANTE,NENHUM,MODERADA,REGULAR,5.7,False,False,False,False,False,False,False,0,SEM_CONDICAO_CRONICA,,0,NAO_SE_APLICA,74.2,4.5,208.4,149.4,42.8,80.9,0.69,14.5,2023-08-22,19.0,MODERADO,Sem condição crônica identificada (simulado),SEM_INTERCORRENCIA,False,train,SYNTHETIC,True
SYN-E05277394D404F1B,62,F,Serra de Dorvorém,RO,77.2,163.7,28.81,130,85,82,36.6,False,False,False,Sem histórico relevante,NUNCA_FUMOU,MODERADO,SEDENTARIO,RUIM,8.9,False,False,False,False,False,False,False,0,SEM_CONDICAO_CRONICA,,0,NAO_SE_APLICA,94.7,5.1,186.6,116.4,48.0,111.1,0.89,14.1,2023-07-17,43.5,MUITO_ALTO,Sem condição crônica identificada (simulado),SEM_INTERCORRENCIA,False,train,SYNTHETIC,True
